Date,P,C,1B,2B,SS,3B,OF1,OF2,OF3,Total
2010-04-05,48.5,39.0,57.0,26.5,37.0,42.0,51.0,43.5,37.5,382.0
2010-04-06,45.5,36.0,29.5,37.5,40.0,44.5,36.0,29.5,24.0,322.5
2010-04-07,52.5,24.0,32.5,51.0,40.5,33.0,54.0,34.5,33.0,355.0
2010-04-08,44.5,18.0,36.0,19.5,28.5,51.0,39.0,36.0,34.0,306.5
2010-04-09,54.5,42.0,32.5,30.0,35.5,35.5,46.5,45.0,45.0,366.5
2010-04-10,44.0,41.5,45.0,32.0,22.0,27.0,47.5,39.0,33.0,331.0
2010-04-11,61.0,41.5,51.0,36.0,42.0,45.0,48.0,42.0,31.5,398.0
2010-04-12,49.0,48.0,36.0,30.0,24.0,49.5,55.5,54.0,47.5,393.5
2010-04-13,60.0,33.0,35.0,45.0,26.5,30.0,38.5,38.5,36.0,342.5
2010-04-14,61.5,36.0,35.5,54.0,38.5,23.5,57.0,47.0,46.0,399.0
2010-04-15,49.5,21.0,24.0,44.5,29.5,33.0,41.5,33.0,33.0,309.0
2010-04-16,55.0,27.0,27.0,38.5,30.0,32.5,54.0,30.0,29.5,323.5
2010-04-17,67.5,32.5,28.5,43.0,30.0,30.0,44.5,37.5,30.0,343.5
2010-04-18,58.5,26.5,35.5,56.5,39.0,41.5,42.0,42.0,42.0,383.5
2010-04-19,47.0,9.0,33.0,33.0,33.0,54.0,36.0,33.0,27.0,305.0
2010-04-20,53.5,26.5,33.0,27.0,34.5,46.5,45.0,40.0,36.0,342.0
2010-04-21,61.5,23.5,30.0,41.5,52.5,27.0,59.5,48.0,42.0,385.5
2010-04-22,41.0,33.0,32.5,29.5,17.5,27.0,58.5,44.5,31.0,314.5
2010-04-23,45.0,30.0,48.0,41.5,25.5,30.0,52.5,36.0,33.0,341.5
2010-04-24,58.5,36.0,39.0,33.0,30.0,47.5,42.0,37.5,36.0,359.5
2010-04-25,68.0,30.0,39.0,27.0,40.5,41.5,48.0,45.0,42.0,381.0
2010-04-26,71.5,45.0,41.5,42.0,29.5,50.5,39.5,37.5,37.0,394.0
2010-04-27,59.0,41.5,30.0,21.0,45.0,36.0,48.0,39.0,30.0,349.5
2010-04-28,60.0,26.5,32.0,31.5,23.5,35.0,47.0,40.5,39.0,335.0
2010-04-29,46.0,69.0,60.0,51.0,30.0,51.0,30.0,30.0,30.0,397.0
2010-04-30,55.0,54.0,36.0,34.5,48.0,54.0,44.0,42.0,36.0,403.5
2010-05-01,59.5,27.0,30.0,42.0,32.5,45.0,52.5,42.0,42.0,372.5
2010-05-02,50.0,27.0,33.0,39.0,51.0,30.0,54.0,51.0,50.5,385.5
2010-05-03,61.5,33.0,39.0,26.5,23.5,38.5,42.0,33.0,30.0,327.0
2010-05-04,51.5,36.0,30.0,27.0,35.5,40.0,39.0,36.0,35.5,330.5
2010-05-05,37.5,45.0,48.0,26.5,33.0,30.0,39.0,36.0,31.0,326.0
2010-05-06,57.5,42.0,30.0,31.5,22.5,23.0,48.0,48.0,44.5,347.0
2010-05-07,57.5,45.0,47.5,26.5,48.0,26.5,47.5,32.5,32.5,363.5
2010-05-08,51.0,45.0,72.0,31.5,28.5,36.0,57.0,50.5,38.5,410.0
2010-05-09,67.5,20.5,26.5,27.0,48.0,30.0,42.0,40.5,36.0,338.0
2010-05-10,53.0,36.0,33.0,35.0,21.0,32.5,42.0,31.5,30.0,314.0
2010-05-11,67.0,32.5,47.0,28.5,19.5,32.5,37.5,33.0,31.5,329.0
2010-05-12,59.5,33.0,39.0,24.0,33.0,35.5,47.5,33.0,32.5,337.0
2010-05-13,61.0,32.5,35.5,17.5,24.0,59.0,33.0,33.0,29.5,325.0
2010-05-14,58.5,36.0,45.0,47.0,27.0,36.0,66.0,50.5,47.0,413.0
2010-05-15,76.5,26.5,50.0,42.0,43.0,54.0,41.5,41.5,36.0,411.0
2010-05-16,56.5,27.0,33.0,51.0,23.5,29.5,43.0,32.5,30.0,326.0
2010-05-17,64.5,41.5,56.5,33.0,22.0,30.0,45.0,36.0,36.0,364.5
2010-05-18,53.5,24.0,39.0,35.5,24.0,36.0,48.0,32.5,30.0,322.5
2010-05-19,52.5,39.0,51.0,35.5,33.0,32.0,52.0,33.0,30.0,358.0
2010-05-20,61.5,30.0,42.0,33.0,32.0,34.5,48.0,45.0,35.5,361.5
2010-05-21,47.5,44.5,36.0,24.0,39.0,63.0,59.5,48.0,48.0,409.5
2010-05-22,45.0,26.5,30.0,33.0,23.5,30.0,40.5,34.5,32.5,295.5
2010-05-23,40.0,45.0,42.0,25.5,29.5,48.0,50.5,48.0,45.0,373.5
2010-05-25,59.0,29.5,39.0,33.0,45.0,23.5,57.0,33.0,32.5,351.5
2010-05-26,56.0,26.5,27.0,32.5,34.5,72.0,42.0,37.5,35.5,363.5
2010-05-27,50.0,18.0,27.0,24.0,43.5,35.5,60.0,36.0,35.5,329.5
2010-05-28,70.0,36.0,66.0,45.0,36.0,29.5,54.0,38.5,33.0,408.0
2010-05-29,82.5,51.0,44.5,42.0,39.0,30.0,54.0,54.0,42.0,439.0
2010-05-30,63.5,38.5,75.0,48.0,31.5,41.0,40.5,34.5,33.0,405.5
2010-05-31,67.5,49.5,35.5,30.0,36.0,48.0,39.0,38.0,33.0,376.5
2010-06-01,49.5,39.0,44.5,25.5,22.5,53.5,36.0,35.5,33.0,339.0
2010-06-02,52.0,37.0,51.0,36.0,24.0,17.5,39.0,38.5,36.0,331.0
2010-06-03,53.0,45.0,33.0,21.0,32.5,30.0,54.0,52.5,35.0,356.0
2010-06-04,66.0,20.5,39.0,21.0,32.5,36.0,57.0,38.0,36.0,346.0
2010-06-05,47.0,36.0,30.0,27.0,27.0,39.0,41.5,31.0,31.0,309.5
2010-06-06,47.0,45.0,34.0,26.5,27.0,22.5,55.0,38.5,34.5,330.0
2010-06-07,52.0,26.5,45.0,42.0,27.0,25.5,42.0,32.5,26.0,318.5
2010-06-08,62.5,42.0,53.5,33.0,26.5,33.0,44.0,43.0,34.0,371.5
2010-06-09,59.5,44.5,27.0,27.0,32.5,29.5,45.0,34.5,33.0,332.5
2010-06-10,61.0,32.5,44.5,33.0,25.5,30.0,36.0,32.5,30.0,325.0
2010-06-11,59.0,39.0,63.0,30.0,41.5,20.5,47.5,46.5,39.0,386.0
2010-06-12,57.0,33.0,41.5,40.5,61.0,33.0,53.5,39.0,35.5,394.0
2010-06-13,65.0,38.5,54.0,32.5,30.0,53.5,54.0,52.5,50.0,430.0
2010-06-15,44.0,18.0,30.0,33.0,37.5,35.5,43.5,43.0,41.5,326.0
2010-06-16,63.0,29.5,39.0,37.5,33.0,15.0,43.0,39.0,32.5,331.5
2010-06-17,41.0,21.0,27.0,27.0,30.0,21.0,39.0,33.0,27.0,266.0
2010-06-18,61.5,23.5,66.0,36.0,33.0,33.0,40.5,36.0,36.0,365.5
2010-06-19,63.5,30.0,38.5,33.0,44.5,32.5,43.5,40.0,38.5,364.0
2010-06-20,52.5,35.5,32.0,36.0,21.0,40.5,46.0,44.5,32.5,340.5
2010-06-22,50.5,30.0,23.0,36.0,31.5,35.5,45.0,45.0,36.0,332.5
2010-06-23,60.0,27.0,29.5,27.0,49.5,45.0,48.0,45.0,42.0,373.0
2010-06-24,77.0,29.5,26.5,84.0,36.0,45.0,44.5,35.0,29.5,407.0
2010-06-25,63.5,38.5,45.0,33.0,28.5,32.5,43.5,38.5,34.5,357.5
2010-06-26,58.0,26.5,30.0,43.5,28.0,30.0,33.0,33.0,30.0,312.0
2010-06-27,61.5,33.0,36.0,36.0,24.0,37.0,48.0,38.5,33.0,347.0
2010-06-28,44.5,42.0,30.0,25.0,22.0,30.0,44.0,42.0,40.5,320.0
2010-06-29,43.5,36.0,59.5,33.0,35.5,28.5,63.0,45.0,42.0,386.0
2010-06-30,74.0,27.0,36.0,22.5,39.0,27.0,60.0,44.5,36.0,366.0
2010-07-01,44.5,27.0,26.0,24.0,28.5,23.5,38.5,34.5,29.5,276.0
2010-07-02,50.5,24.0,32.5,29.5,30.0,21.0,55.0,45.0,41.5,329.0
2010-07-03,51.5,30.0,36.0,29.5,45.0,27.0,54.0,49.5,39.0,361.5
2010-07-04,62.0,32.0,39.0,30.0,30.0,42.0,69.0,66.0,44.5,414.5
2010-07-05,55.5,27.0,54.0,48.0,42.0,30.0,48.0,47.5,33.0,385.0
2010-07-06,55.5,24.0,41.5,30.0,25.0,54.0,42.0,41.5,41.0,354.5
2010-07-07,52.5,21.0,69.0,45.0,24.0,33.0,57.0,36.0,36.0,373.5
2010-07-08,66.0,27.0,45.0,36.0,43.5,35.5,47.5,39.0,36.0,375.5
2010-07-09,44.5,48.0,53.5,42.0,34.0,56.5,48.0,42.0,38.5,407.0
2010-07-10,58.5,42.0,27.0,30.0,35.5,33.0,61.5,45.0,45.0,377.5
2010-07-11,48.0,23.5,36.0,27.0,29.5,33.0,51.0,43.5,37.5,329.0
2010-07-15,55.0,27.0,50.0,30.0,31.5,27.0,36.0,24.0,24.0,304.5
2010-07-16,59.5,51.0,36.0,33.0,21.0,41.5,32.5,29.5,27.0,331.0
2010-07-17,49.0,36.0,44.5,53.0,36.0,34.0,44.5,36.0,30.0,363.0
2010-07-18,50.5,38.5,35.0,50.5,42.0,29.5,51.0,40.5,39.0,376.5
2010-07-19,40.5,30.0,50.5,34.5,27.0,50.5,46.5,35.5,33.0,348.0
2010-07-20,51.5,29.5,38.5,41.5,30.0,74.0,48.0,47.5,44.5,405.0
2010-07-21,49.5,27.0,30.0,29.5,17.5,50.5,45.0,33.0,33.0,315.0
2010-07-22,55.5,23.5,26.5,35.5,27.0,41.5,37.5,30.0,27.0,304.0
2010-07-23,55.5,32.5,32.5,48.0,22.5,26.5,48.0,47.5,46.5,359.5
2010-07-24,47.5,36.0,44.0,32.5,37.0,26.0,54.0,36.0,34.0,347.0
2010-07-25,48.0,24.0,24.0,25.0,35.5,36.0,55.5,51.0,35.5,334.5
2010-07-26,67.0,60.0,20.5,36.0,23.0,57.0,44.5,36.0,36.0,380.0
2010-07-27,71.0,27.0,35.5,41.5,36.0,29.5,63.0,33.0,33.0,369.5
2010-07-28,61.5,37.0,54.0,43.5,41.5,36.0,48.0,39.0,36.0,396.5
2010-07-29,66.5,48.0,36.0,25.5,29.5,24.0,37.5,37.0,31.5,335.5
2010-07-30,54.0,41.5,35.5,40.0,46.5,53.5,42.0,41.0,39.0,393.0
2010-07-31,55.5,30.0,30.0,34.0,16.5,36.0,55.5,46.5,30.0,334.0
2010-08-01,60.0,33.0,60.0,26.5,37.5,24.0,30.0,27.0,24.0,322.0
2010-08-02,57.0,24.0,39.0,25.5,23.5,50.5,45.0,43.5,42.0,350.0
2010-08-03,51.0,39.0,32.5,40.5,44.0,26.5,40.5,40.5,32.5,347.0
2010-08-04,68.5,45.0,51.0,34.5,39.0,39.0,44.0,41.5,37.5,400.0
2010-08-05,47.0,39.0,44.0,24.0,27.0,42.0,30.0,30.0,29.5,312.5
2010-08-06,62.0,32.5,59.5,26.5,23.5,29.5,40.5,33.0,27.0,334.0
2010-08-07,48.0,57.0,42.0,53.5,30.0,35.5,48.0,36.0,36.0,386.0
2010-08-08,93.0,29.5,41.5,42.0,24.0,35.5,49.5,36.0,33.0,384.0
2010-08-09,41.0,36.0,27.0,32.5,30.0,20.5,41.5,36.0,24.0,288.5
2010-08-10,67.5,39.0,54.0,42.0,27.0,36.0,45.0,43.0,42.0,395.5
2010-08-11,52.5,26.5,30.0,50.0,41.5,32.5,51.0,35.5,32.0,351.5
2010-08-12,70.5,24.0,18.0,29.5,37.0,45.0,50.5,36.0,31.0,341.5
2010-08-13,66.5,24.0,33.0,42.0,27.0,31.0,52.5,48.0,45.0,369.0
2010-08-14,61.5,51.0,26.5,33.0,19.5,30.0,79.0,42.0,36.0,378.5
2010-08-15,49.0,30.0,41.5,34.0,35.5,45.0,36.0,34.5,33.0,338.5
2010-08-16,51.5,29.5,23.5,29.5,27.0,28.5,34.5,30.0,29.5,283.5
2010-08-17,55.0,21.0,24.0,33.0,37.0,36.0,47.5,44.5,39.0,337.0
2010-08-18,41.0,38.5,45.0,34.5,60.0,41.5,49.5,47.5,44.5,402.0
2010-08-19,74.5,30.0,51.0,41.5,33.0,26.5,33.0,32.0,29.5,351.0
2010-08-20,67.5,30.0,66.0,26.5,25.5,38.5,48.0,33.0,30.0,365.0
2010-08-21,48.0,29.5,30.0,37.0,42.0,57.0,48.0,43.5,41.5,376.5
2010-08-22,60.0,22.0,35.5,59.0,20.5,32.5,66.0,36.0,36.0,367.5
2010-08-23,51.5,27.0,42.0,32.5,27.0,30.0,48.0,33.0,30.0,321.0
2010-08-24,47.5,38.5,36.0,45.0,33.0,41.5,40.5,40.5,40.0,362.5
2010-08-25,51.0,36.0,53.5,30.0,54.0,30.0,48.0,33.0,32.0,367.5
2010-08-26,63.0,24.0,41.5,15.0,38.0,36.0,46.5,33.0,30.5,327.5
2010-08-27,55.0,45.0,32.0,30.0,30.0,45.0,69.0,40.5,32.5,379.0
2010-08-28,61.0,33.0,47.5,26.5,30.0,49.5,44.5,42.0,42.0,376.0
2010-08-29,51.0,33.0,28.5,24.0,39.0,23.5,51.0,47.0,42.0,339.0
2010-08-30,54.0,26.5,39.0,39.0,27.0,53.5,61.5,45.0,38.5,384.0
2010-08-31,53.5,41.0,33.0,47.5,33.0,39.0,35.5,34.5,32.5,349.5
2010-09-01,52.5,30.0,27.0,46.5,43.5,32.0,43.5,34.5,33.0,342.5
2010-09-02,44.5,27.0,26.5,42.0,21.0,27.0,45.0,41.0,35.5,309.5
2010-09-03,50.5,30.0,23.5,29.5,35.5,38.5,36.0,33.0,32.5,309.0
2010-09-04,46.5,39.0,35.5,24.0,24.0,41.5,57.0,42.0,35.5,345.0
2010-09-05,56.0,26.5,44.5,39.0,42.0,30.0,46.5,40.0,33.0,357.5
2010-09-06,46.0,33.0,21.0,27.0,63.0,33.0,57.0,57.0,39.0,376.0
2010-09-07,53.5,30.0,35.5,36.0,33.0,40.5,48.0,43.0,42.0,361.5
2010-09-08,50.5,30.0,41.5,34.0,57.0,30.0,37.5,36.0,34.5,351.0
2010-09-09,44.0,27.0,38.5,32.5,30.0,27.0,60.0,33.0,33.0,325.0
2010-09-10,62.5,24.0,36.0,25.0,60.0,48.0,41.5,37.5,37.5,372.0
2010-09-11,50.0,29.0,33.0,20.5,31.5,25.0,35.5,32.0,27.0,283.5
2010-09-12,59.0,29.5,57.0,22.0,28.5,28.5,48.0,39.0,32.5,344.0
2010-09-13,64.5,39.0,31.5,37.0,38.5,20.0,50.5,30.0,27.0,338.0
2010-09-14,60.0,15.0,30.0,49.5,45.0,39.0,51.0,45.0,39.0,373.5
2010-09-15,49.0,38.5,56.5,32.5,60.0,36.0,48.0,42.0,37.5,400.0
2010-09-16,59.5,29.5,41.5,27.0,44.5,11.5,33.0,32.5,28.0,307.0
2010-09-17,59.0,51.0,24.0,30.0,30.0,48.0,78.0,36.0,34.0,390.0
2010-09-18,52.0,27.0,36.0,33.0,57.0,41.5,36.0,33.5,33.0,349.0
2010-09-19,45.5,38.0,39.0,42.0,21.0,29.5,43.0,41.0,39.0,338.0
2010-09-20,49.0,36.0,43.0,24.0,33.0,24.0,64.5,23.5,23.5,320.5
2010-09-21,64.5,27.0,39.0,24.0,19.0,29.5,37.5,36.0,30.0,306.5
2010-09-22,52.5,15.0,32.0,38.5,37.0,66.0,42.0,39.0,39.0,361.0
2010-09-23,51.5,30.0,51.0,40.5,54.0,28.5,46.0,40.5,36.0,378.0
2010-09-24,71.5,12.0,53.0,31.5,42.0,47.5,54.0,41.5,39.0,392.0
2010-09-25,50.0,33.0,40.0,30.0,54.0,50.0,42.0,33.0,33.0,365.0
2010-09-26,56.5,30.0,38.5,34.0,33.0,29.5,53.5,51.0,48.0,374.0
2010-09-27,60.5,29.5,36.0,24.0,27.0,39.0,42.0,41.5,36.0,335.5
2010-09-28,52.5,23.0,69.0,37.5,36.0,41.5,45.0,42.0,29.5,376.0
2010-09-29,53.5,27.0,27.0,39.0,36.0,29.5,51.0,32.5,30.0,325.5
2010-09-30,48.0,27.0,56.5,40.0,27.0,54.0,43.5,41.0,40.0,377.0
2010-10-01,62.5,24.0,59.5,27.0,30.0,36.0,33.0,33.0,30.0,335.0
2010-10-02,51.5,24.0,29.5,35.5,27.0,33.0,44.5,34.0,33.5,312.5
2010-10-03,50.5,24.0,27.0,42.0,50.5,24.0,34.5,31.5,30.5,314.5
2011-03-31,53.0,36.0,33.0,29.5,9.0,20.5,35.5,31.0,30.0,277.5
2011-04-01,47.5,63.0,36.0,41.5,22.5,32.5,44.5,38.5,36.0,362.0
2011-04-02,50.5,32.5,32.0,42.0,33.0,36.0,45.0,30.0,30.0,331.0
2011-04-03,67.5,60.0,50.5,50.0,33.0,33.0,48.0,48.0,42.0,432.0
2011-04-04,35.5,21.0,13.0,26.5,23.5,24.0,30.0,26.5,24.0,224.0
2011-04-05,47.5,20.5,30.0,27.0,35.5,34.0,38.5,30.0,29.5,292.5
2011-04-06,63.0,49.5,45.0,27.0,33.0,27.0,45.0,33.0,30.0,352.5
2011-04-07,65.0,26.5,23.5,36.0,33.0,24.0,40.5,30.0,29.5,308.0
2011-04-08,52.0,27.0,33.0,41.5,34.5,29.5,40.5,40.0,36.0,334.0
2011-04-09,52.0,48.0,30.0,32.5,25.5,41.5,48.0,42.0,34.5,354.0
2011-04-10,68.5,32.5,45.0,27.0,30.0,39.0,40.0,36.0,30.0,348.0
2011-04-11,44.5,24.0,30.0,30.0,33.0,26.5,57.0,44.5,38.5,328.0
2011-04-12,66.0,30.0,26.5,25.5,53.5,29.5,40.5,39.0,38.5,349.0
2011-04-13,57.5,33.0,32.5,33.0,41.5,33.0,39.0,29.5,26.5,325.5
2011-04-14,77.5,29.0,26.0,29.5,37.5,24.0,40.0,39.0,29.5,332.0
2011-04-15,60.5,23.5,45.0,36.0,17.5,33.0,41.5,37.0,36.0,330.0
2011-04-16,50.0,42.0,34.5,39.0,42.0,30.0,47.0,43.5,35.5,363.5
2011-04-17,54.5,27.0,30.0,27.0,29.5,39.0,35.5,35.5,34.0,312.0
2011-04-18,55.5,20.0,20.5,30.0,41.5,32.5,39.0,32.5,30.0,301.5
2011-04-19,62.0,30.0,41.5,29.5,27.0,55.5,45.0,41.5,37.5,369.5
2011-04-20,58.5,27.0,30.0,29.5,31.5,29.0,39.0,38.5,38.5,321.5
2011-04-21,59.5,32.5,30.0,25.5,26.5,38.5,38.5,33.0,33.0,317.0
2011-04-22,65.5,29.5,26.5,36.0,23.5,33.0,54.0,45.0,42.0,355.0
2011-04-23,56.5,54.0,33.0,34.0,40.5,45.0,51.0,33.0,32.0,379.0
2011-04-24,69.5,29.5,26.5,34.5,21.0,58.5,41.5,38.5,34.5,354.0
2011-04-25,72.0,23.5,12.0,29.5,19.0,17.5,51.0,44.5,37.5,306.5
2011-04-26,53.0,48.0,57.0,36.0,21.0,48.0,46.5,40.5,37.0,387.0
2011-04-27,56.0,26.5,41.0,27.0,36.0,26.5,44.5,33.0,33.0,323.5
2011-04-28,43.0,33.0,23.5,67.5,41.5,30.0,63.0,45.0,43.0,389.5
2011-04-29,62.0,38.5,53.5,51.0,46.0,26.5,43.5,42.0,41.5,404.5
2011-04-30,57.5,26.5,36.0,23.5,34.5,18.0,33.0,30.0,30.0,289.0
2011-05-01,60.5,33.0,23.5,43.5,33.0,36.0,34.0,33.0,33.0,329.5
2011-05-02,42.0,41.5,48.0,24.0,21.0,26.5,38.5,36.0,34.5,312.0
2011-05-03,55.0,26.5,29.5,36.0,34.5,36.0,40.5,37.0,36.0,331.0
2011-05-04,70.0,36.0,33.0,29.5,28.5,27.0,41.5,36.0,30.0,331.5
2011-05-05,61.5,24.0,29.5,24.5,36.0,18.0,47.5,43.5,39.0,323.5
2011-05-06,66.0,23.5,29.0,24.5,46.5,21.0,47.0,26.5,26.0,310.0
2011-05-07,61.0,26.5,24.0,33.0,27.0,36.0,38.5,30.0,27.0,303.0
2011-05-08,60.5,33.0,51.0,16.5,58.5,37.0,39.0,33.0,32.5,361.0
2011-05-09,44.0,29.5,36.0,29.0,29.5,19.5,45.0,45.0,39.0,316.5
2011-05-10,50.5,24.0,47.0,27.0,33.0,27.0,45.0,37.0,36.0,326.5
2011-05-11,49.5,26.5,29.5,30.0,42.0,36.0,41.5,39.0,39.0,333.0
2011-05-12,41.5,24.0,33.0,24.0,39.0,23.5,72.0,39.0,35.5,331.5
2011-05-13,59.0,27.0,35.5,26.5,43.0,26.5,54.0,42.0,33.0,346.5
2011-05-14,56.0,48.0,35.0,30.0,15.0,20.5,33.0,30.0,29.5,297.0
2011-05-15,44.0,33.0,27.0,42.0,38.5,36.0,66.0,48.0,42.0,376.5
2011-05-16,61.5,42.0,36.0,27.0,35.0,34.0,42.0,31.0,30.0,338.5
2011-05-17,50.5,30.0,33.0,33.0,31.5,42.0,45.0,25.5,24.0,314.5
2011-05-18,66.0,21.0,20.0,22.0,34.0,26.5,45.5,32.5,30.0,297.5
2011-05-19,55.0,27.0,74.0,21.0,26.5,24.0,44.5,36.0,30.0,338.0
2011-05-20,62.5,54.0,35.5,57.0,33.0,42.0,51.0,33.0,32.5,400.5
2011-05-21,60.0,23.5,26.5,29.5,30.0,33.0,58.5,47.5,38.5,347.0
2011-05-22,80.5,41.5,32.5,30.0,67.5,29.5,34.5,32.5,31.5,380.0
2011-05-23,57.5,20.0,23.5,31.5,40.5,33.0,85.5,54.0,40.5,386.0
2011-05-24,49.0,44.5,42.0,38.5,24.0,22.0,68.0,54.0,54.0,396.0
2011-05-25,46.5,36.0,29.5,29.5,21.0,29.5,51.0,45.0,35.5,323.5
2011-05-26,64.0,30.0,29.5,23.0,23.0,21.0,57.0,45.0,35.5,328.0
2011-05-27,61.5,27.0,48.0,31.5,43.5,15.0,52.5,36.0,35.5,350.5
2011-05-28,54.0,60.0,40.0,28.5,30.0,32.5,47.5,41.5,38.5,372.5
2011-05-29,72.0,30.0,35.5,39.0,36.0,21.0,39.0,33.0,33.0,338.5
2011-05-30,59.5,56.5,36.0,65.0,25.5,29.5,55.5,50.5,45.0,423.0
2011-05-31,54.0,30.0,50.5,50.5,33.0,38.5,46.0,36.0,33.0,371.5
2011-06-01,62.5,27.0,35.5,24.0,35.5,23.5,44.5,41.5,33.0,327.0
2011-06-02,55.0,22.5,75.0,33.0,16.5,32.5,48.0,47.5,45.0,375.0
2011-06-03,53.0,32.5,30.0,27.0,37.0,26.0,36.0,36.0,33.0,310.5
2011-06-04,55.5,15.0,60.0,23.5,26.5,29.0,59.5,40.0,35.5,344.5
2011-06-05,49.0,32.5,51.0,32.5,27.0,28.0,39.0,36.5,29.5,325.0
2011-06-06,54.5,20.0,35.5,30.0,33.0,25.5,66.0,47.0,33.0,344.5
2011-06-07,53.0,23.0,30.0,29.0,21.0,33.0,39.0,33.0,30.0,291.0
2011-06-08,67.5,36.0,51.0,27.0,24.0,34.5,45.0,36.0,36.0,357.0
2011-06-09,55.5,33.0,27.0,15.5,29.5,30.0,44.0,33.0,31.0,298.5
2011-06-10,55.5,33.0,35.5,21.0,36.0,43.5,43.0,42.0,39.0,348.5
2011-06-11,56.0,45.0,29.5,45.0,28.0,44.0,36.0,35.5,26.5,345.5
2011-06-12,65.0,45.0,42.0,33.0,32.0,51.0,43.5,38.5,33.0,383.0
2011-06-13,45.5,36.0,27.0,24.0,19.5,21.0,44.5,38.5,33.0,289.0
2011-06-14,78.0,30.0,36.0,33.0,33.0,27.0,42.0,36.0,33.0,348.0
2011-06-15,61.0,21.0,54.0,40.5,42.0,30.0,37.0,36.0,33.0,354.5
2011-06-16,53.5,24.0,32.5,39.0,31.5,39.0,51.0,32.5,30.0,333.0
2011-06-17,50.5,30.0,39.0,35.5,33.0,27.0,36.0,35.5,27.0,313.5
2011-06-18,59.0,30.0,32.5,23.5,30.0,30.0,51.0,33.0,33.0,322.0
2011-06-19,68.5,24.0,36.0,36.0,33.0,32.5,35.5,33.0,33.0,331.5
2011-06-20,75.0,23.5,37.0,36.0,37.5,36.0,40.5,30.0,29.5,345.0
2011-06-21,53.5,30.0,30.0,32.5,25.0,21.0,48.0,42.0,42.0,324.0
2011-06-22,52.5,29.0,45.0,30.0,26.5,20.5,72.0,40.5,40.0,356.0
2011-06-23,62.0,21.0,30.0,23.5,15.0,12.0,30.0,24.0,18.0,235.5
2011-06-24,62.5,33.0,35.5,22.5,32.5,39.0,36.0,33.0,32.5,326.5
2011-06-25,71.0,38.5,60.0,44.5,27.0,27.0,35.5,35.5,33.0,372.0
2011-06-26,64.5,36.0,26.0,39.0,40.5,62.5,38.0,34.5,30.0,371.0
2011-06-27,47.5,30.0,44.5,26.5,33.0,54.0,51.0,41.5,39.0,367.0
2011-06-28,56.5,26.5,30.0,45.0,43.5,30.0,42.0,42.0,39.0,354.5
2011-06-29,53.0,33.0,50.5,42.0,27.0,27.0,46.5,41.5,40.5,361.0
2011-06-30,65.5,42.0,31.5,36.0,33.0,30.0,44.5,35.5,34.5,352.5
2011-07-01,66.5,23.0,30.0,45.0,28.5,36.0,50.5,37.5,33.0,350.0
2011-07-02,51.0,29.5,23.5,29.5,54.0,44.5,53.5,47.5,38.5,371.5
2011-07-03,59.0,30.0,42.0,27.0,28.5,33.0,66.0,49.5,44.5,379.5
2011-07-04,59.5,30.0,47.5,33.0,22.5,44.0,38.5,37.5,36.0,348.5
2011-07-05,69.5,26.5,50.5,37.5,27.0,32.5,50.5,48.0,47.5,389.5
2011-07-06,47.0,29.5,33.0,36.5,34.5,39.0,50.5,46.5,44.5,361.0
2011-07-07,61.5,26.5,36.0,42.0,22.5,25.5,40.5,36.0,33.0,323.5
2011-07-08,39.0,27.0,45.0,33.0,36.0,26.5,45.0,42.0,34.5,328.0
2011-07-09,57.5,33.0,35.5,25.0,46.5,45.0,53.5,42.0,36.0,374.0
2011-07-10,68.0,27.0,26.5,33.0,20.5,40.5,45.0,42.0,33.0,335.5
2011-07-14,64.5,32.0,34.0,21.0,26.5,20.5,55.5,48.0,34.0,336.0
2011-07-15,56.5,24.0,33.0,33.0,26.5,29.5,44.5,42.0,37.0,326.0
2011-07-16,49.5,38.5,36.0,33.0,36.0,30.0,50.5,47.5,41.0,362.0
2011-07-17,52.0,29.0,36.0,44.0,34.0,32.5,41.5,36.0,30.5,335.5
2011-07-18,51.0,30.0,36.0,26.5,33.0,30.0,33.0,32.5,26.5,298.5
2011-07-19,44.0,23.0,42.0,42.0,54.0,33.0,40.5,33.0,33.0,344.5
2011-07-20,65.5,24.0,30.0,36.0,56.5,53.5,45.0,36.0,35.5,382.0
2011-07-21,53.0,30.0,26.0,34.0,36.0,30.0,33.0,31.5,27.0,300.5
2011-07-22,56.5,41.5,39.0,25.5,41.5,30.0,54.0,44.5,43.5,376.0
2011-07-23,42.5,44.5,53.5,54.0,40.5,27.0,48.0,40.0,37.5,387.5
2011-07-24,61.5,24.0,21.0,28.5,42.0,35.5,52.5,37.5,34.5,337.0
2011-07-25,47.5,38.5,30.0,43.5,42.0,31.0,48.0,39.0,33.0,352.5
2011-07-26,65.5,36.0,47.5,39.0,47.5,24.0,40.5,38.5,38.5,377.0
2011-07-27,76.0,36.0,32.5,35.5,29.0,35.5,49.5,44.0,42.0,380.0
2011-07-28,40.5,21.0,57.0,31.5,51.0,25.5,46.5,39.0,36.0,348.0
2011-07-29,57.5,27.0,35.5,47.0,30.0,29.5,54.0,44.5,42.0,367.0
2011-07-30,56.0,36.0,45.0,42.0,33.0,33.0,36.0,35.5,35.5,352.0
2011-07-31,59.5,24.0,36.0,31.0,43.5,33.0,53.5,48.0,45.0,373.5
2011-08-01,43.0,36.0,44.5,45.0,54.0,20.5,41.5,32.5,30.0,347.0
2011-08-02,53.5,32.5,55.5,44.0,33.0,45.0,47.5,41.0,40.5,392.5
2011-08-03,46.5,39.0,51.0,39.0,39.0,69.0,48.0,44.0,39.0,414.5
2011-08-04,64.0,39.0,39.0,29.5,33.0,26.5,32.5,30.0,29.0,322.5
2011-08-05,47.0,38.5,30.0,27.0,29.0,38.0,48.0,33.0,31.5,322.0
2011-08-06,50.0,36.0,48.0,47.0,30.0,24.0,48.0,45.0,41.5,369.5
2011-08-07,58.0,14.5,42.0,30.0,30.0,36.0,41.5,37.5,37.5,327.0
2011-08-08,39.0,30.0,39.0,28.5,41.5,32.5,50.5,45.0,42.0,348.0
2011-08-09,63.0,26.0,33.0,29.5,26.5,33.0,45.0,44.0,38.0,338.0
2011-08-10,46.5,27.0,38.5,51.0,29.5,38.5,57.0,54.0,42.0,384.0
2011-08-11,53.0,20.5,36.0,36.0,30.0,29.5,45.0,30.0,29.5,309.5
2011-08-12,51.0,33.0,30.0,48.0,44.0,32.5,37.5,36.0,30.0,342.0
2011-08-13,56.0,51.0,38.5,47.5,40.0,35.5,41.5,39.0,36.0,385.0
2011-08-14,45.5,30.0,41.5,26.5,26.5,26.5,38.5,36.0,34.0,305.0
2011-08-15,41.0,39.0,41.5,27.0,46.0,21.0,54.0,31.5,30.5,331.5
2011-08-16,62.5,36.0,33.0,36.0,28.5,28.0,43.5,42.0,38.5,348.0
2011-08-17,56.0,45.0,29.5,26.5,34.0,29.5,54.0,39.0,36.0,349.5
2011-08-18,59.0,29.5,38.5,28.0,19.5,27.0,38.5,32.5,30.0,302.5
2011-08-19,58.5,47.5,33.0,36.0,24.0,36.0,54.0,50.5,39.5,379.0
2011-08-20,54.0,45.0,32.0,47.5,24.0,32.0,49.5,40.5,38.0,362.5
2011-08-21,46.5,45.0,36.0,29.5,29.0,26.0,43.5,36.0,35.5,327.0
2011-08-22,46.5,27.0,23.5,20.0,27.0,24.0,42.0,36.0,35.0,281.0
2011-08-23,50.5,54.0,54.0,39.0,36.0,30.0,45.0,40.5,39.0,388.0
2011-08-24,49.5,27.0,39.0,24.0,38.5,36.0,60.0,45.0,44.5,363.5
2011-08-25,42.0,72.0,44.5,35.5,35.5,23.0,50.5,40.5,35.0,378.5
2011-08-26,81.5,36.0,27.0,30.0,26.5,42.0,66.0,41.5,35.0,385.5
2011-08-27,71.5,30.0,29.5,33.0,50.5,23.5,48.0,41.5,39.0,366.5
2011-08-28,68.0,30.0,47.5,51.0,33.0,23.5,64.5,50.5,39.0,407.0
2011-08-29,63.0,37.0,33.0,42.0,27.0,21.0,48.0,33.0,27.0,331.0
2011-08-30,53.5,32.5,44.0,37.5,18.0,41.5,56.5,40.5,39.0,363.0
2011-08-31,62.5,35.5,45.0,33.0,27.0,47.0,44.5,40.5,40.5,375.5
2011-09-01,45.5,33.0,60.0,52.5,44.5,43.5,49.0,45.0,39.0,412.0
2011-09-02,49.0,21.0,42.0,39.0,49.5,41.5,45.0,36.0,36.0,359.0
2011-09-03,72.0,48.0,39.0,26.5,32.5,23.5,48.0,46.5,38.0,374.0
2011-09-04,51.5,35.5,41.5,42.0,35.5,22.0,54.0,36.0,33.0,351.0
2011-09-05,70.0,20.0,49.0,32.5,33.0,47.5,57.0,50.5,47.5,407.0
2011-09-06,59.5,26.5,34.0,29.0,42.0,24.0,48.0,43.5,37.0,343.5
2011-09-07,55.5,29.5,53.5,42.0,27.0,24.0,54.0,51.0,39.0,375.5
2011-09-08,57.0,26.5,23.5,9.0,22.5,47.5,45.0,36.0,32.5,299.5
2011-09-09,56.5,48.0,35.5,57.0,25.5,47.5,48.0,44.0,33.0,395.0
2011-09-10,74.5,36.0,39.0,24.0,19.0,33.0,48.0,35.0,33.0,341.5
2011-09-11,61.5,39.0,32.5,33.5,32.5,30.0,54.0,51.0,33.0,367.0
2011-09-12,37.0,30.0,30.0,50.5,51.0,42.0,42.0,36.0,36.0,354.5
2011-09-13,54.0,51.0,48.0,69.0,35.5,29.5,57.0,51.0,40.5,435.5
2011-09-14,61.0,36.0,34.5,30.0,33.0,33.0,45.0,37.5,36.0,346.0
2011-09-15,57.5,30.0,30.0,32.5,30.0,48.0,35.5,33.0,32.0,328.5
2011-09-16,62.0,33.0,48.0,22.5,30.0,53.5,42.0,37.5,36.0,364.5
2011-09-17,59.5,27.0,36.0,35.5,30.0,38.5,45.0,38.5,36.0,346.0
2011-09-18,53.0,57.0,40.5,27.0,72.0,63.0,54.0,44.5,39.0,450.0
2011-09-19,66.5,54.0,41.5,30.0,36.0,49.0,49.0,48.0,39.0,413.0
2011-09-20,54.0,39.0,39.0,31.5,23.5,29.5,33.0,30.0,29.5,309.0
2011-09-21,67.0,36.0,45.0,39.0,24.0,44.0,49.5,35.5,31.5,371.5
2011-09-22,53.0,33.0,24.0,39.0,39.0,33.0,51.0,48.0,37.5,357.5
2011-09-23,52.5,27.0,30.0,27.0,30.0,24.0,36.0,30.0,30.0,286.5
2011-09-24,45.0,30.0,29.5,26.5,27.0,34.5,49.5,42.0,41.5,325.5
2011-09-25,45.5,50.5,33.0,51.0,30.0,57.0,47.5,41.5,39.0,395.0
2011-09-26,57.0,27.0,27.0,27.0,31.5,26.5,43.0,35.5,34.5,309.0
2011-09-27,59.0,48.0,72.0,40.5,52.5,33.0,44.5,38.5,36.0,424.0
2011-09-28,75.0,48.0,51.0,33.0,33.0,53.5,35.0,33.5,30.0,392.0
2012-03-03,25.5,20.5,21.0,37.5,18.0,31.5,33.0,30.0,30.0,247.0
2012-03-04,17.5,36.0,47.5,51.0,23.5,36.0,36.0,36.0,33.0,316.5
2012-03-05,19.0,30.0,26.5,33.0,30.0,24.0,42.0,33.0,33.0,270.5
2012-03-06,28.5,24.0,26.5,18.0,27.0,27.0,54.0,51.0,42.0,298.0
2012-03-07,25.0,25.5,21.0,24.0,30.0,33.0,34.5,27.0,27.0,247.0
2012-03-08,27.5,27.0,36.0,34.5,27.0,27.0,29.5,27.0,27.0,262.5
2012-03-09,34.0,36.0,28.5,37.5,27.0,27.0,54.0,30.0,30.0,304.0
2012-03-10,30.0,25.5,37.5,24.0,30.0,36.0,50.5,45.0,30.0,308.5
2012-03-11,24.5,24.0,35.5,33.0,21.0,27.0,45.0,39.0,36.0,285.0
2012-03-12,43.5,39.0,21.0,27.0,20.5,33.0,36.0,33.0,29.5,282.5
2012-03-13,37.0,27.0,24.0,29.5,19.5,16.5,44.0,27.0,26.5,251.0
2012-03-14,36.0,31.0,48.0,36.0,30.0,28.5,54.0,36.0,33.0,332.5
2012-03-15,30.0,30.0,33.0,50.5,37.0,19.5,39.0,38.5,34.0,311.5
2012-03-16,42.5,21.0,30.0,27.0,44.5,32.5,34.5,34.0,30.0,296.0
2012-03-17,41.5,30.0,21.0,41.5,37.5,30.0,57.0,42.0,31.0,331.5
2012-03-18,40.0,30.0,42.0,28.5,39.0,30.0,36.0,32.5,30.0,308.0
2012-03-19,35.0,21.0,29.5,27.0,25.5,23.5,37.5,29.5,27.0,255.5
2012-03-20,36.0,24.0,30.0,27.0,27.0,23.5,37.5,33.0,32.5,270.5
2012-03-21,30.0,33.0,24.0,21.0,20.5,27.0,43.0,34.0,30.0,262.5
2012-03-22,48.0,42.0,54.0,35.5,27.0,36.0,35.5,30.0,29.5,337.5
2012-03-23,48.0,57.0,24.0,39.0,37.5,27.0,41.5,40.5,33.0,347.5
2012-03-24,37.5,45.0,48.0,54.0,30.0,27.0,57.0,31.0,30.0,359.5
2012-03-25,42.0,30.0,45.0,50.5,27.0,30.0,39.0,27.0,27.0,317.5
2012-03-26,57.5,18.0,21.0,30.0,27.0,36.0,42.0,29.5,27.0,288.0
2012-03-27,35.5,26.5,54.0,31.5,25.5,37.0,43.0,42.0,41.5,336.5
2012-03-28,46.5,33.0,32.5,37.0,26.5,38.5,36.5,36.0,35.5,322.0
2012-03-29,44.5,33.0,51.0,27.0,33.0,30.0,49.5,39.0,33.0,340.0
2012-03-30,46.0,24.0,30.0,24.0,24.0,29.5,48.0,45.0,39.0,309.5
2012-03-31,46.0,27.0,50.5,33.0,42.0,42.0,36.0,35.5,33.0,345.0
2012-04-01,33.5,36.0,30.0,27.0,41.5,33.0,72.0,62.5,41.0,376.5
2012-04-02,36.5,27.0,30.0,21.0,28.0,30.0,33.0,30.0,30.0,265.5
2012-04-03,39.0,36.0,23.0,27.0,34.0,30.0,35.5,30.0,30.0,284.5
2012-04-04,37.5,24.0,30.0,15.0,54.0,60.0,36.0,36.0,34.5,327.0
2012-04-05,49.5,25.5,9.0,10.5,22.0,29.0,35.5,30.0,27.0,238.0
2012-04-06,63.5,33.0,38.0,30.0,28.5,36.0,44.5,37.0,33.0,343.5
2012-04-07,47.5,33.0,42.0,45.0,49.5,44.5,44.5,41.5,36.0,383.5
2012-04-08,52.5,44.5,43.0,26.5,33.0,49.5,45.0,36.0,35.5,365.5
2012-04-09,53.5,39.0,31.5,42.0,21.0,29.5,35.5,30.0,27.0,309.0
2012-04-10,47.0,29.0,22.0,21.0,27.0,30.0,48.0,37.0,29.5,290.5
2012-04-11,50.0,36.0,26.5,28.5,28.0,24.0,54.0,45.0,40.5,332.5
2012-04-12,58.0,35.5,27.0,31.5,32.0,20.0,40.0,36.0,31.5,311.5
2012-04-13,76.0,49.5,33.0,28.0,30.0,37.5,43.0,33.0,32.5,362.5
2012-04-14,63.0,33.0,34.5,35.5,33.0,30.0,51.0,48.0,39.0,367.0
2012-04-15,49.0,38.5,51.0,34.5,36.0,38.5,42.0,40.5,34.5,364.5
2012-04-16,57.0,59.5,27.0,24.0,24.0,34.5,39.0,31.5,30.0,326.5
2012-04-17,50.5,29.5,56.5,24.0,27.0,29.5,39.0,38.5,37.5,332.0
2012-04-18,47.5,39.0,35.0,37.0,30.0,48.0,53.5,38.5,37.5,366.0
2012-04-19,58.0,18.0,56.5,26.5,25.0,44.5,69.0,40.5,35.5,373.5
2012-04-20,45.5,30.0,30.0,27.0,28.5,41.5,56.5,39.0,35.5,333.5
2012-04-21,76.5,26.5,62.5,33.0,38.5,33.0,54.0,48.0,38.5,410.5
2012-04-22,43.5,45.0,24.0,20.5,31.5,22.0,43.5,40.5,33.0,303.5
2012-04-23,56.0,30.0,26.0,29.5,26.5,33.0,49.5,44.5,42.0,337.0
2012-04-24,58.5,27.0,33.5,37.5,44.5,27.0,50.5,37.5,32.5,348.5
2012-04-25,47.0,23.5,33.0,27.0,27.0,33.0,45.0,36.0,33.0,304.5
2012-04-26,37.0,45.0,30.0,17.5,22.5,38.5,33.0,32.0,30.0,285.5
2012-04-27,53.0,36.0,30.0,36.0,27.0,38.5,56.5,56.5,46.5,380.0
2012-04-28,53.5,36.0,39.0,24.0,24.0,31.5,42.0,38.5,36.0,324.5
2012-04-29,57.5,31.0,39.0,18.0,29.5,37.5,48.0,37.5,33.0,331.0
2012-04-30,49.5,23.5,29.5,33.0,36.0,24.0,84.0,48.0,39.0,366.5
2012-05-01,59.5,33.0,36.0,36.0,33.0,30.0,40.0,38.5,36.0,342.0
2012-05-02,76.0,54.0,26.5,42.0,36.0,60.0,63.0,44.5,34.0,436.0
2012-05-03,66.0,27.0,26.5,48.0,27.0,30.0,26.5,25.5,24.0,300.5
2012-05-04,62.5,36.0,39.0,40.5,29.5,39.0,38.5,35.5,32.5,353.0
2012-05-05,57.0,44.5,36.0,26.5,30.0,35.0,38.0,32.5,32.5,332.0
2012-05-06,56.0,20.5,41.5,67.5,57.0,39.0,48.0,48.0,46.5,424.0
2012-05-07,68.5,27.0,36.0,52.5,37.5,56.0,38.5,33.0,29.0,378.0
2012-05-08,49.5,24.0,32.5,40.5,27.0,29.0,102.0,53.0,45.0,402.5
2012-05-09,56.0,23.5,35.5,33.0,18.5,27.0,42.0,36.0,29.5,301.0
2012-05-10,57.5,21.0,33.0,30.0,24.0,29.5,36.0,27.0,27.0,285.0
2012-05-11,48.0,39.0,29.5,39.0,18.0,33.0,73.5,68.5,51.0,399.5
2012-05-12,56.5,23.5,32.5,41.5,23.5,39.0,37.5,36.0,33.0,323.0
2012-05-13,48.0,39.0,81.0,24.0,43.5,35.5,55.5,49.5,37.5,413.5
2012-05-14,51.5,26.5,43.5,24.0,32.5,33.0,33.0,30.0,29.5,303.5
2012-05-15,54.0,33.0,54.0,32.5,27.0,26.5,45.0,41.5,40.0,353.5
2012-05-16,49.5,35.5,38.5,33.0,29.0,44.0,36.0,33.0,30.0,328.5
2012-05-17,59.0,38.5,48.0,18.0,30.0,40.5,42.0,36.0,35.5,347.5
2012-05-18,78.0,59.5,27.0,27.0,31.5,45.0,47.5,35.5,35.0,386.0
2012-05-19,65.5,33.0,36.0,27.0,37.5,35.5,48.0,40.5,33.0,356.0
2012-05-20,65.0,63.0,27.0,32.0,27.0,21.0,51.0,35.5,35.5,357.0
2012-05-21,49.5,30.0,27.0,36.0,37.0,37.5,44.5,32.5,31.5,325.5
2012-05-22,68.0,32.5,39.0,45.0,31.0,32.5,48.0,30.0,27.0,353.0
2012-05-23,52.0,33.0,32.5,24.0,38.5,44.5,47.5,39.0,30.0,341.0
2012-05-24,83.5,36.0,54.0,33.0,20.0,36.0,43.5,36.5,35.5,378.0
2012-05-25,49.0,45.0,33.0,33.0,24.0,30.0,56.5,40.5,37.5,348.5
2012-05-26,62.5,29.5,57.0,47.5,30.0,17.5,42.0,42.0,36.0,364.0
2012-05-27,57.5,41.5,39.0,30.0,33.0,30.0,51.0,41.5,38.5,362.0
2012-05-28,69.0,30.0,54.0,42.0,40.5,53.5,54.0,47.5,39.0,429.5
2012-05-29,50.0,36.0,31.0,33.0,24.5,37.5,57.0,39.0,37.5,345.5
2012-05-30,50.0,36.0,65.5,49.5,40.5,35.5,68.5,57.0,54.0,456.5
2012-06-01,71.0,43.0,27.0,44.5,21.0,40.0,43.5,43.0,36.0,369.0
2012-06-02,67.0,33.0,39.0,36.0,35.5,48.0,44.5,43.0,42.0,388.0
2012-06-03,58.0,32.5,31.5,18.0,26.5,20.5,36.0,33.0,31.5,287.5
2012-06-04,47.5,26.5,35.5,13.0,21.0,41.5,41.0,38.5,33.0,297.5
2012-06-05,58.5,36.0,33.0,63.0,30.0,33.0,57.0,53.5,51.0,415.0
2012-06-06,62.5,15.0,42.0,27.0,23.5,33.0,48.0,35.5,33.0,319.5
2012-06-07,59.0,26.0,27.0,28.5,27.0,55.5,52.5,48.0,41.5,365.0
2012-06-08,55.5,32.5,44.5,48.0,39.0,42.0,56.5,48.0,45.0,411.0
2012-06-09,52.5,29.5,39.0,63.0,27.0,39.0,45.0,39.0,36.0,370.0
2012-06-10,47.0,44.0,32.5,46.5,28.0,35.0,57.0,43.5,43.0,376.5
2012-06-12,60.5,33.0,44.0,32.5,46.5,42.0,43.5,39.0,37.5,378.5
2012-06-13,91.5,30.0,57.0,36.0,36.0,39.0,60.0,39.0,35.5,424.0
2012-06-14,55.0,39.0,45.0,35.5,25.5,33.0,45.0,42.0,41.5,361.5
2012-06-15,54.0,27.0,24.0,47.5,31.5,42.0,48.0,35.5,32.5,342.0
2012-06-16,66.0,36.0,38.5,29.5,33.0,48.0,51.0,51.0,29.0,382.0
2012-06-17,64.0,15.0,33.0,37.0,27.0,60.0,36.0,30.0,30.0,332.0
2012-06-18,81.0,23.5,32.5,48.0,38.0,42.0,41.5,39.0,31.5,377.0
2012-06-19,44.0,33.0,42.0,32.5,35.5,39.0,48.0,47.5,45.0,366.5
2012-06-20,66.0,42.0,31.5,33.0,32.5,35.5,44.5,40.5,36.0,361.5
2012-06-21,49.5,24.0,24.0,31.0,21.0,35.5,37.0,35.5,30.0,287.5
2012-06-22,59.0,36.0,30.0,24.0,27.0,40.0,41.5,36.0,34.0,327.5
2012-06-23,53.5,39.0,48.0,25.5,32.5,33.0,51.0,48.0,48.0,378.5
2012-06-24,52.5,27.0,33.0,30.0,31.0,47.5,50.5,40.0,33.0,344.5
2012-06-25,73.5,35.5,37.5,35.0,32.5,30.0,51.0,38.5,36.0,369.5
2012-06-26,53.0,33.0,50.0,24.0,29.5,36.0,37.5,30.5,30.0,323.5
2012-06-27,59.5,35.5,47.5,54.0,33.0,36.0,60.0,49.0,42.0,416.5
2012-06-28,79.5,39.0,30.0,39.0,30.0,36.0,51.0,38.5,32.5,375.5
2012-06-29,59.5,48.0,50.5,58.0,45.0,30.0,51.0,41.5,36.0,419.5
2012-06-30,59.5,45.0,36.0,35.5,47.5,42.0,47.5,47.5,39.0,399.5
2012-07-01,48.5,26.5,30.0,31.5,34.5,41.5,39.0,35.5,29.5,316.5
2012-07-02,56.0,30.0,48.0,38.5,15.0,38.5,32.5,32.5,29.5,320.5
2012-07-03,42.0,43.0,36.0,42.0,36.0,41.5,42.0,39.0,36.0,357.5
2012-07-04,56.0,31.5,37.5,24.0,26.5,57.0,34.5,31.0,30.0,328.0
2012-07-05,53.0,45.0,26.5,23.5,36.0,36.0,43.5,31.5,28.0,323.0
2012-07-06,65.5,29.5,48.0,29.5,29.5,33.0,40.5,38.5,33.0,347.0
2012-07-07,53.5,27.0,30.0,22.5,43.5,33.0,41.0,35.5,31.5,317.5
2012-07-08,48.5,26.5,38.5,48.0,42.0,24.0,53.0,47.5,41.5,369.5
2012-07-13,57.5,38.5,51.0,29.5,29.5,33.0,66.0,64.5,47.5,417.0
2012-07-14,78.0,33.0,47.5,29.5,44.5,25.5,36.0,36.0,35.5,365.5
2012-07-15,65.5,33.0,30.0,32.5,30.0,26.5,36.0,36.0,33.0,322.5
2012-07-16,45.0,47.5,41.5,33.0,23.5,36.0,45.0,36.0,34.5,342.0
2012-07-17,41.0,18.0,39.0,33.0,22.5,32.5,38.0,33.0,33.0,290.0
2012-07-18,56.5,38.5,48.0,18.0,33.0,33.0,63.0,47.0,39.0,376.0
2012-07-19,56.5,26.5,27.0,42.0,19.5,54.0,39.0,30.0,30.0,324.5
2012-07-20,55.5,35.5,23.5,40.5,35.5,38.5,37.0,36.0,35.5,337.5
2012-07-21,52.0,35.5,30.0,35.5,25.0,48.0,71.0,45.0,39.0,381.0
2012-07-22,48.0,36.0,33.0,27.0,37.5,51.0,53.5,45.0,41.5,372.5
2012-07-23,52.0,39.0,36.0,32.5,30.0,30.0,51.0,43.5,30.0,344.0
2012-07-24,47.5,26.0,41.5,22.5,30.0,26.5,47.5,44.0,43.5,329.0
2012-07-25,56.5,36.0,36.0,37.5,30.0,33.0,51.0,48.0,42.0,370.0
2012-07-26,53.5,27.0,27.0,32.5,24.0,29.5,36.0,32.5,30.0,292.0
2012-07-27,60.0,36.0,33.0,31.5,30.0,44.5,42.0,37.5,32.5,347.0
2012-07-28,53.5,29.5,66.0,36.0,24.0,23.5,51.0,41.5,41.5,366.5
2012-07-29,61.5,33.0,46.5,32.5,48.0,28.5,41.5,40.0,34.0,365.5
2012-07-30,64.0,26.0,30.0,50.0,41.5,30.0,55.0,52.5,41.5,390.5
2012-07-31,75.0,33.0,42.0,33.0,33.0,39.0,38.0,36.0,33.0,362.0
2012-08-01,49.0,30.0,48.0,39.0,44.5,30.0,56.5,39.0,37.5,373.5
2012-08-02,40.0,23.5,33.0,29.5,36.0,29.0,45.0,33.5,30.0,299.5
2012-08-03,59.5,48.0,45.0,24.0,19.0,31.5,54.0,39.0,38.5,358.5
2012-08-04,59.5,29.5,45.0,24.0,42.0,48.0,58.5,46.5,41.5,394.5
2012-08-05,45.5,33.0,33.0,32.0,30.0,44.5,44.5,36.0,36.0,334.5
2012-08-06,68.5,41.5,54.0,34.5,31.0,27.0,34.5,29.0,27.0,347.0
2012-08-07,59.0,48.0,44.5,27.0,36.0,50.5,30.0,30.0,29.5,354.5
2012-08-08,55.0,26.5,36.0,39.0,34.5,47.5,57.0,48.0,47.5,391.0
2012-08-09,65.0,30.0,24.0,37.0,24.0,27.0,51.0,50.0,48.0,356.0
2012-08-10,57.0,30.0,32.5,33.0,27.0,50.5,45.0,42.0,38.5,355.5
2012-08-11,54.0,36.0,41.5,27.0,29.0,36.0,45.0,41.0,34.0,343.5
2012-08-12,59.0,45.0,42.0,45.0,36.0,30.0,43.0,39.0,37.0,376.0
2012-08-13,55.0,35.5,45.0,36.0,41.5,30.0,40.0,36.0,35.5,354.5
2012-08-14,56.5,36.0,47.5,24.0,24.0,26.5,36.0,36.0,33.0,319.5
2012-08-15,85.5,24.0,40.5,32.5,35.5,30.0,51.0,41.5,33.0,373.5
2012-08-16,59.0,20.5,35.0,21.0,29.5,44.5,57.0,47.5,29.5,343.5
2012-08-17,49.5,36.0,51.0,37.5,33.0,32.5,39.0,33.0,31.5,343.0
2012-08-18,48.0,24.0,35.5,36.0,48.0,36.0,50.5,46.5,42.0,366.5
2012-08-19,51.5,21.0,22.5,61.5,28.5,45.0,45.0,42.0,40.0,357.0
2012-08-20,59.5,51.0,32.0,29.5,36.0,20.0,50.5,47.0,39.0,364.5
2012-08-21,76.5,30.0,51.0,28.5,30.0,33.0,40.5,37.5,27.0,354.0
2012-08-22,64.5,23.5,32.5,30.0,45.0,69.0,49.5,45.0,32.5,391.5
2012-08-23,64.5,18.0,27.0,51.0,20.0,39.0,38.5,38.5,36.0,332.5
2012-08-24,51.0,29.5,42.0,23.5,39.0,48.0,65.5,45.0,44.0,387.5
2012-08-25,47.0,24.0,35.5,45.0,38.5,48.0,36.0,32.5,30.0,336.5
2012-08-26,49.5,29.5,41.5,37.5,31.5,32.5,42.0,41.5,36.0,341.5
2012-08-27,55.5,32.0,20.5,45.0,27.0,54.0,51.0,44.5,43.5,373.0
2012-08-28,59.0,36.0,35.0,30.0,26.0,59.5,39.0,31.5,30.0,346.0
2012-08-29,54.5,35.5,35.0,24.0,53.5,41.5,45.0,44.5,44.5,378.0
2012-08-30,58.5,45.0,30.0,36.0,32.5,35.5,49.5,36.0,36.0,359.0
2012-08-31,63.5,56.5,53.5,21.5,32.5,42.0,39.0,35.5,34.5,378.5
2012-09-01,56.0,23.5,33.0,21.0,34.5,46.5,40.0,36.0,35.5,326.0
2012-09-02,58.5,35.5,53.5,54.0,33.0,52.5,39.0,36.0,32.5,394.5
2012-09-03,74.0,36.0,33.0,30.0,27.0,29.5,43.5,34.0,30.0,337.0
2012-09-04,49.5,29.5,51.0,48.0,35.0,30.0,41.5,38.5,36.0,359.0
2012-09-05,54.0,32.5,39.0,50.5,26.5,42.0,57.0,48.0,36.0,385.5
2012-09-06,46.5,36.0,48.0,21.0,22.5,26.0,29.5,29.5,28.0,287.0
2012-09-07,52.0,34.0,26.5,30.0,42.0,47.0,44.0,38.0,35.5,349.0
2012-09-08,59.0,48.0,24.0,37.5,30.0,39.0,47.0,45.5,40.5,370.5
2012-09-09,66.5,23.5,47.0,30.0,24.0,29.5,62.5,42.0,35.5,360.5
2012-09-10,47.0,32.5,23.0,33.0,27.0,23.5,42.0,32.5,30.0,290.5
2012-09-11,45.5,21.0,36.0,33.0,63.0,36.0,32.5,31.0,30.0,328.0
2012-09-12,46.5,45.0,27.0,30.0,30.0,48.0,44.0,36.0,31.5,338.0
2012-09-13,54.0,21.0,29.5,24.0,14.5,32.5,29.5,27.0,26.0,258.0
2012-09-14,54.0,33.0,33.0,34.0,33.0,33.0,33.0,32.5,32.5,318.0
2012-09-15,48.0,33.0,39.0,39.0,27.0,24.0,30.0,29.5,29.5,299.0
2012-09-16,45.0,50.5,62.5,24.0,38.5,51.0,41.5,35.5,35.5,384.0
2012-09-17,54.5,36.0,14.5,35.5,26.0,18.0,32.5,32.0,30.0,279.0
2012-09-18,42.5,42.0,27.0,24.0,25.5,63.0,37.5,25.0,24.5,311.0
2012-09-19,48.5,27.0,38.5,33.0,24.0,43.0,48.0,39.0,37.5,338.5
2012-09-20,53.0,27.0,39.0,30.5,30.0,48.0,48.0,35.5,33.0,344.0
2012-09-21,57.0,32.5,39.0,37.5,30.0,38.0,39.0,36.0,36.0,345.0
2012-09-22,61.0,33.0,39.0,33.0,38.5,30.0,50.5,42.0,39.0,366.0
2012-09-23,59.0,23.5,41.5,39.0,40.5,24.0,56.5,40.5,34.5,359.0
2012-09-24,49.0,39.0,50.5,25.5,33.0,41.5,47.0,40.5,30.0,356.0
2012-09-25,71.5,27.0,47.5,44.5,23.5,36.0,33.0,32.5,27.0,342.5
2012-09-26,52.0,37.5,27.0,36.0,34.5,44.5,50.5,45.5,45.0,372.5
2012-09-27,55.5,33.0,36.0,30.0,25.5,30.0,48.0,41.5,33.0,332.5
2012-09-28,79.0,48.0,33.0,42.0,32.5,26.5,37.5,36.0,35.5,370.0
2012-09-29,62.0,29.5,51.0,31.0,27.0,43.5,48.0,45.0,38.5,375.5
2012-09-30,50.0,63.0,33.0,29.5,42.0,33.0,57.0,54.0,41.5,403.0
2012-10-01,57.5,26.5,26.5,42.0,24.0,35.5,39.0,38.5,35.0,324.5
2012-10-02,74.0,33.0,32.5,36.0,37.5,30.0,41.0,32.5,30.0,346.5
2012-10-03,58.5,27.0,69.0,66.0,15.0,63.0,47.0,42.0,41.5,429.0
2013-02-23,28.0,27.0,24.0,30.0,33.0,27.0,48.0,33.0,33.0,283.0
2013-02-24,22.0,30.0,24.0,30.0,27.0,24.0,37.5,31.5,31.5,257.5
2013-02-25,24.0,45.0,27.0,27.0,30.0,30.0,36.0,36.0,32.5,287.5
2013-02-26,20.5,30.0,30.0,33.0,33.0,33.0,44.0,36.0,30.0,289.5
2013-02-27,24.5,30.0,24.0,33.0,21.0,24.0,50.5,42.0,42.0,291.0
2013-02-28,29.5,27.0,34.5,39.0,24.0,33.0,30.0,30.0,30.0,277.0
2013-03-01,26.5,21.0,42.0,33.0,30.0,30.0,33.0,33.0,32.5,281.0
2013-03-02,23.5,24.0,47.0,33.0,39.0,29.5,48.0,39.0,36.0,319.0
2013-03-03,27.0,42.0,26.5,20.5,29.5,35.5,48.0,36.0,34.0,299.0
2013-03-04,36.0,24.0,29.5,19.5,24.0,45.0,45.0,39.0,38.5,300.5
2013-03-05,31.0,30.0,33.0,28.5,27.0,24.0,45.0,42.0,27.0,287.5
2013-03-06,27.5,21.0,24.0,21.0,24.0,15.0,42.0,29.5,27.0,231.0
2013-03-07,35.5,29.5,45.0,72.0,27.0,30.0,85.0,37.5,33.0,394.5
2013-03-08,33.5,27.0,36.0,24.0,25.0,23.5,54.0,44.5,41.5,309.0
2013-03-09,37.5,21.0,33.0,27.0,30.0,21.0,36.0,33.0,33.0,271.5
2013-03-10,35.5,37.5,30.0,33.0,24.0,35.5,45.0,36.0,36.0,312.5
2013-03-11,36.0,23.0,23.5,27.0,18.0,30.0,36.0,27.0,27.0,247.5
2013-03-12,39.5,33.0,29.5,32.5,30.0,30.0,31.5,30.0,30.0,286.0
2013-03-13,34.5,15.0,24.0,24.0,24.0,39.0,43.5,35.5,34.5,274.0
2013-03-14,32.0,33.0,35.5,36.0,21.0,36.0,60.0,43.5,33.0,330.0
2013-03-15,33.5,27.0,27.0,16.0,24.0,33.0,51.0,48.0,45.0,304.5
2013-03-16,36.0,30.0,32.5,27.0,42.0,30.0,57.0,37.5,36.0,328.0
2013-03-17,43.5,30.0,54.0,42.0,27.0,33.0,54.0,44.5,40.5,368.5
2013-03-18,29.5,30.0,29.5,40.5,30.0,35.5,63.0,33.0,26.5,317.5
2013-03-19,33.5,30.0,36.0,33.0,16.5,29.5,52.5,42.0,36.0,309.0
2013-03-20,37.0,27.0,60.0,33.0,57.0,33.0,44.5,31.5,27.0,350.0
2013-03-21,41.0,48.0,30.0,27.0,31.0,33.0,30.0,29.0,28.0,297.0
2013-03-22,44.0,47.5,57.0,27.0,42.0,48.0,35.0,33.0,33.0,366.5
2013-03-23,54.0,40.5,33.0,48.0,29.5,48.0,48.0,33.0,32.5,366.5
2013-03-24,40.5,45.0,47.5,43.0,33.0,47.5,39.0,39.0,33.0,367.5
2013-03-25,45.5,60.0,33.0,27.0,44.5,39.0,47.5,39.0,36.0,371.5
2013-03-26,42.5,33.0,35.5,36.0,30.0,29.5,54.0,41.5,39.0,341.0
2013-03-27,49.5,48.0,39.0,42.0,33.0,65.5,45.0,41.5,33.0,396.5
2013-03-28,55.5,39.0,51.0,36.0,21.0,35.5,39.0,32.5,30.0,339.5
2013-03-29,51.0,32.5,27.0,27.0,26.5,30.0,40.5,25.5,24.0,284.0
2013-03-30,45.5,39.0,29.5,27.0,21.0,20.5,45.0,42.0,33.0,302.5
2013-04-01,62.5,28.5,32.5,45.0,26.5,27.0,42.0,38.0,27.0,329.0
2013-04-02,75.0,39.0,29.5,32.5,36.0,30.0,48.0,29.0,27.0,346.0
2013-04-03,57.0,36.0,48.0,33.0,42.0,36.0,49.0,36.0,35.5,372.5
2013-04-04,54.5,45.0,36.0,18.0,25.5,30.0,39.0,32.5,30.0,310.5
2013-04-05,52.0,27.0,50.5,33.0,50.5,64.0,45.0,41.0,37.5,400.5
2013-04-06,54.0,48.0,35.5,30.0,26.5,27.0,54.0,50.0,36.0,361.0
2013-04-07,52.0,51.0,45.0,42.0,33.0,75.0,59.5,43.0,40.5,441.0
2013-04-08,50.0,27.0,27.0,57.0,24.0,17.5,45.0,36.0,33.0,316.5
2013-04-09,50.0,30.0,44.0,51.0,42.0,45.0,58.0,50.0,40.5,410.5
2013-04-10,48.0,36.0,57.0,38.5,29.5,33.0,63.5,48.0,38.5,392.0
2013-04-11,39.0,26.5,27.0,14.0,15.0,32.0,24.0,24.0,23.5,225.0
2013-04-12,61.5,33.0,39.0,44.0,30.0,42.0,41.5,33.5,32.5,357.0
2013-04-13,77.5,35.5,43.5,26.5,42.0,26.5,39.0,31.0,29.5,351.0
2013-04-14,61.5,44.5,40.5,24.0,33.0,19.0,42.0,42.0,40.0,346.5
2013-04-15,46.0,41.5,21.0,27.0,24.0,35.0,27.0,27.0,24.0,272.5
2013-04-16,53.0,24.0,29.0,32.0,27.0,48.0,39.0,37.5,34.5,324.0
2013-04-17,54.5,38.5,30.0,22.5,43.5,20.5,29.5,27.0,27.0,293.0
2013-04-18,46.0,37.5,32.5,30.0,33.0,35.5,30.0,29.5,27.0,301.0
2013-04-19,55.5,23.5,44.0,21.0,27.0,23.5,45.0,33.0,30.0,302.5
2013-04-20,51.5,39.0,36.0,20.5,32.5,42.0,57.0,51.0,49.5,379.0
2013-04-21,46.0,33.0,34.0,27.0,33.0,35.5,36.0,36.0,35.5,316.0
2013-04-22,53.0,33.0,41.0,45.0,24.0,29.5,38.0,37.5,29.0,330.0
2013-04-23,56.5,27.0,33.0,53.5,31.5,35.5,36.0,32.5,32.5,338.0
2013-04-24,56.0,35.5,42.0,24.0,38.5,26.5,58.0,39.0,36.0,355.5
2013-04-25,50.5,27.0,32.5,36.0,22.5,30.0,38.5,36.0,34.5,307.5
2013-04-26,79.5,51.0,58.5,30.0,19.5,24.0,47.5,35.5,30.0,375.5
2013-04-27,47.5,33.0,33.0,46.5,36.0,24.0,42.0,37.5,37.0,336.5
2013-04-28,65.5,51.0,32.5,33.0,26.5,36.0,57.0,41.5,36.0,379.0
2013-04-29,47.5,45.0,59.5,26.5,39.0,36.0,54.0,42.0,38.0,387.5
2013-04-30,53.0,39.0,48.0,48.0,33.0,30.0,51.0,44.5,40.0,386.5
2013-05-01,68.5,24.0,60.0,30.0,35.0,36.0,40.0,38.0,36.0,367.5
2013-05-02,38.0,26.5,29.5,21.0,16.0,23.5,33.0,29.5,27.0,244.0
2013-05-03,55.0,33.0,30.0,27.0,24.0,27.0,39.0,29.5,27.0,291.5
2013-05-04,55.5,30.0,26.5,49.5,45.0,66.0,51.0,51.0,49.5,424.0
2013-05-05,53.5,34.0,39.0,27.0,54.0,45.0,61.0,42.0,39.0,394.5
2013-05-06,49.0,20.5,41.5,26.5,50.5,33.0,33.0,30.0,30.0,314.0
2013-05-07,62.5,30.0,33.0,40.5,13.0,33.0,41.5,30.0,28.5,312.0
2013-05-08,43.0,26.5,45.0,44.5,32.5,38.5,42.0,39.0,38.5,349.5
2013-05-09,50.0,32.5,35.5,27.0,27.0,27.0,39.0,29.5,29.5,297.0
2013-05-10,82.0,27.0,51.0,32.0,42.0,32.0,46.5,38.0,31.5,382.0
2013-05-11,63.0,30.0,30.0,42.0,46.5,44.5,45.0,38.5,30.0,369.5
2013-05-12,64.0,30.0,29.5,46.5,36.0,48.0,51.0,37.5,33.0,375.5
2013-05-13,67.0,36.0,29.5,23.5,34.5,36.0,48.0,45.0,42.0,361.5
2013-05-14,63.5,21.0,45.0,37.5,24.0,33.0,60.0,38.5,34.5,357.0
2013-05-15,43.0,33.0,60.0,48.0,41.5,36.0,54.0,50.5,41.5,407.5
2013-05-16,38.0,33.0,27.0,30.0,24.0,21.0,43.5,30.0,21.0,267.5
2013-05-17,63.5,33.0,63.0,29.5,30.0,53.0,42.0,42.0,36.0,392.0
2013-05-18,56.0,39.0,45.0,47.5,57.0,39.0,63.0,48.0,38.5,433.0
2013-05-19,59.0,21.0,39.0,32.5,40.0,78.0,37.0,36.0,35.5,378.0
2013-05-20,65.5,50.0,39.0,27.0,24.0,30.0,39.0,35.5,34.5,344.5
2013-05-21,48.0,30.0,24.0,48.0,33.0,27.0,64.0,44.5,38.0,356.5
2013-05-22,56.0,33.0,39.0,27.0,27.0,38.5,64.5,39.0,36.0,360.0
2013-05-23,28.0,39.0,35.5,15.0,17.0,38.5,47.5,35.5,34.0,290.0
2013-05-24,77.5,27.0,35.5,30.0,34.0,35.5,35.5,35.5,33.0,343.5
2013-05-25,57.0,47.5,42.0,27.0,49.5,48.0,45.0,37.0,30.0,383.0
2013-05-26,53.0,37.5,38.5,32.5,37.5,24.0,33.0,32.5,32.5,321.0
2013-05-27,65.5,45.0,35.0,30.0,42.0,33.0,70.0,42.0,36.0,398.5
2013-05-28,63.5,27.0,54.0,37.5,27.0,20.5,41.5,38.5,36.0,345.5
2013-05-29,55.5,78.0,54.0,23.5,53.5,65.5,49.5,30.0,29.5,439.0
2013-05-30,60.5,26.5,30.0,42.0,20.5,36.0,52.5,43.5,34.0,345.5
2013-05-31,53.5,63.0,44.5,37.5,37.5,36.0,47.5,36.0,33.0,388.5
2013-06-01,63.5,33.0,40.5,21.0,45.0,32.5,42.0,42.0,39.0,358.5
2013-06-02,51.0,24.0,39.0,36.0,32.5,30.0,51.0,48.0,39.0,350.5
2013-06-03,49.5,30.0,32.5,36.0,24.0,15.0,40.5,38.5,33.0,299.0
2013-06-04,50.0,38.5,35.5,32.5,45.0,26.5,57.0,50.5,47.5,383.0
2013-06-05,63.0,30.0,44.5,35.5,57.0,45.0,71.5,50.5,30.0,427.0
2013-06-06,49.5,32.0,32.5,27.0,38.5,26.5,42.0,33.0,32.5,313.5
2013-06-07,49.0,27.0,38.5,35.5,31.0,30.0,42.0,36.0,35.5,324.5
2013-06-08,48.5,33.0,33.0,24.0,36.0,29.5,48.0,34.0,33.0,319.0
2013-06-09,50.5,47.5,26.5,54.0,38.5,35.5,44.5,35.5,34.5,367.0
2013-06-10,52.5,27.0,27.0,39.0,21.0,30.0,63.0,53.5,42.0,355.0
2013-06-11,72.5,36.0,30.0,26.5,33.0,36.0,48.0,47.0,37.5,366.5
2013-06-12,48.5,34.0,44.0,30.0,27.0,32.5,48.0,38.5,33.0,335.5
2013-06-13,44.0,24.0,23.5,42.0,32.5,35.5,39.0,37.5,34.5,312.5
2013-06-14,68.5,27.0,23.5,29.5,41.5,14.5,43.5,33.0,33.0,314.0
2013-06-15,49.5,42.0,30.0,33.0,31.5,42.0,57.0,55.5,34.5,375.0
2013-06-16,52.0,29.0,33.0,30.0,18.0,29.5,45.0,38.0,37.5,312.0
2013-06-17,48.5,39.0,33.0,23.5,20.5,29.5,54.0,45.0,29.0,322.0
2013-06-18,55.5,33.0,36.0,36.5,30.0,36.0,31.5,30.0,30.0,318.5
2013-06-19,46.0,26.5,35.5,34.5,28.5,29.5,56.5,45.0,39.0,341.0
2013-06-20,55.0,27.0,26.5,27.0,49.5,48.0,40.5,30.0,29.0,332.5
2013-06-21,50.0,15.0,48.0,27.0,40.0,39.0,47.5,42.0,33.0,341.5
2013-06-22,50.0,26.5,51.0,40.5,27.0,32.5,51.0,48.0,47.5,374.0
2013-06-23,62.5,36.0,48.0,45.0,20.5,51.0,50.5,44.5,44.0,402.0
2013-06-25,51.0,27.0,36.0,57.0,27.0,29.5,56.5,41.5,38.5,364.0
2013-06-26,62.5,23.5,30.0,27.0,34.5,30.0,43.5,41.5,36.0,328.5
2013-06-27,62.5,27.0,19.5,32.5,23.0,33.0,32.0,27.0,20.5,277.0
2013-06-28,53.0,30.0,51.0,52.5,33.0,57.0,47.5,36.0,36.0,396.0
2013-06-29,58.0,32.5,57.0,42.0,46.5,20.0,64.5,36.0,33.0,389.5
2013-06-30,64.0,33.0,33.0,36.0,43.0,30.0,54.0,41.5,41.5,376.0
2013-07-01,60.0,20.5,26.5,60.0,27.0,50.5,30.0,30.0,30.0,334.5
2013-07-02,76.0,35.5,30.0,30.0,24.0,32.5,56.5,46.0,38.0,368.5
2013-07-03,47.0,29.5,32.5,39.0,39.0,30.0,48.0,43.0,34.5,342.5
2013-07-04,52.5,38.5,36.0,17.5,32.5,50.5,47.5,42.0,41.5,358.5
2013-07-05,65.5,32.5,29.5,29.5,28.5,59.5,61.5,34.5,32.5,373.5
2013-07-06,48.0,33.0,33.0,33.0,48.0,33.0,48.0,45.0,37.5,358.5
2013-07-07,56.5,26.5,33.0,36.0,30.0,43.5,60.0,49.0,42.0,376.5
2013-07-08,47.5,41.5,30.0,29.5,25.5,16.0,56.5,33.0,29.0,308.5
2013-07-09,58.0,29.5,35.5,33.0,27.0,60.0,51.0,50.5,49.5,394.0
2013-07-10,44.0,32.5,39.0,46.5,42.0,30.0,50.5,36.0,34.5,355.0
2013-07-11,48.0,29.5,25.5,24.0,21.0,27.0,32.5,32.0,28.0,267.5
2013-07-12,51.5,27.0,29.5,20.5,27.0,26.5,50.5,42.0,29.0,303.5
2013-07-13,86.5,29.5,36.0,28.0,27.0,35.5,47.5,30.0,30.0,350.0
2013-07-14,65.0,48.0,38.5,39.0,29.5,29.5,39.0,36.0,36.0,360.5
2013-07-19,51.0,27.0,27.0,41.5,57.0,32.0,54.0,33.0,33.0,355.5
2013-07-20,54.0,36.0,29.5,29.5,25.5,30.0,41.5,37.5,34.5,318.0
2013-07-21,57.0,21.0,46.5,36.0,33.0,27.0,45.0,39.0,33.0,337.5
2013-07-22,58.0,48.0,33.0,19.5,36.0,24.0,47.5,47.5,33.0,346.5
2013-07-23,43.0,35.5,39.0,30.0,39.0,27.0,36.0,33.0,29.5,312.0
2013-07-24,57.0,29.5,45.0,31.0,45.0,26.5,41.5,39.0,38.5,353.0
2013-07-25,68.5,27.0,30.0,30.0,25.5,35.5,39.0,35.5,33.0,324.0
2013-07-26,54.5,26.5,32.5,60.0,49.5,33.0,63.0,44.5,44.5,408.0
2013-07-27,60.5,30.0,32.5,27.0,56.5,33.0,36.0,34.5,32.5,342.5
2013-07-28,62.0,39.0,29.5,50.5,37.5,27.0,51.0,42.0,39.0,377.5
2013-07-29,49.5,26.5,23.5,31.5,27.0,29.0,45.0,36.0,24.0,292.0
2013-07-30,49.5,39.0,54.0,37.5,30.0,50.5,33.0,32.5,30.0,356.0
2013-07-31,50.5,48.0,39.0,35.5,25.5,39.0,45.0,32.5,32.5,347.5
2013-08-01,68.0,40.5,44.5,25.5,19.5,34.5,50.5,50.5,41.5,375.0
2013-08-02,71.5,26.0,42.0,33.0,48.0,26.5,52.5,39.0,35.5,374.0
2013-08-03,50.0,45.0,42.0,30.5,30.0,26.5,53.0,40.5,38.5,356.0
2013-08-04,60.0,33.0,30.0,23.5,27.0,38.5,43.5,36.0,30.0,321.5
2013-08-05,62.0,26.5,45.0,12.0,31.5,24.0,37.0,31.0,27.0,296.0
2013-08-06,47.5,21.0,24.0,30.0,36.0,26.5,56.5,43.5,43.5,328.5
2013-08-07,59.5,30.0,33.0,36.0,43.5,54.0,48.0,42.0,40.5,386.5
2013-08-08,54.5,36.0,30.0,24.0,18.0,36.0,35.5,32.5,26.5,293.0
2013-08-09,47.5,41.5,50.5,31.5,48.0,29.5,69.0,33.0,33.0,383.5
2013-08-10,47.0,33.0,34.5,33.0,24.0,30.0,51.0,44.5,41.5,338.5
2013-08-11,71.0,30.0,42.0,36.0,24.0,33.0,40.0,38.5,27.0,341.5
2013-08-12,72.5,24.0,20.5,49.5,28.5,40.0,36.0,29.5,27.0,327.5
2013-08-13,41.0,27.0,44.5,44.5,42.0,24.0,59.0,33.0,32.5,347.5
2013-08-14,53.0,44.5,47.0,21.0,20.5,32.0,69.0,36.0,36.0,359.0
2013-08-15,56.0,26.5,42.0,36.0,26.5,50.5,33.0,27.0,24.0,321.5
2013-08-16,47.5,36.0,39.0,27.0,37.0,39.0,57.0,48.0,46.0,376.5
2013-08-17,53.5,29.5,41.0,26.5,24.0,42.0,48.0,45.0,44.0,353.5
2013-08-18,55.5,32.5,42.0,19.0,39.0,39.0,43.5,42.0,39.0,351.5
2013-08-19,64.5,44.5,26.5,23.5,36.0,41.0,60.0,27.0,27.0,350.0
2013-08-20,61.5,33.0,41.5,42.0,26.0,27.0,32.5,27.0,27.0,317.5
2013-08-21,49.0,33.0,50.5,21.0,27.0,39.0,45.0,36.0,35.5,336.0
2013-08-22,45.5,33.0,12.0,30.0,26.0,27.0,33.0,32.5,29.5,268.5
2013-08-23,61.5,33.0,48.0,50.5,32.5,33.0,50.5,44.5,36.0,389.5
2013-08-24,55.0,57.0,30.0,36.0,30.0,44.5,37.0,35.5,34.5,359.5
2013-08-25,54.0,30.0,39.0,33.0,35.5,37.5,43.5,40.5,35.5,348.5
2013-08-26,51.0,30.0,30.0,23.5,30.0,33.0,56.5,45.0,39.0,338.0
2013-08-27,56.5,28.0,24.0,29.5,25.5,42.0,72.0,47.5,38.5,363.5
2013-08-28,62.5,57.0,29.5,22.5,28.0,27.0,65.5,38.0,35.5,365.5
2013-08-29,49.5,35.5,36.0,34.5,33.0,21.0,36.0,35.5,33.5,314.5
2013-08-30,47.5,29.5,53.5,21.0,24.0,23.5,36.0,36.0,35.5,306.5
2013-08-31,56.5,34.5,30.0,51.0,26.5,21.0,37.5,35.0,33.0,325.0
2013-09-01,56.0,32.5,24.0,35.5,30.0,30.0,49.5,42.0,40.0,339.5
2013-09-02,47.0,35.5,50.0,30.0,44.5,27.0,48.0,43.5,33.0,358.5
2013-09-03,51.0,36.0,39.0,37.5,29.5,33.0,39.0,38.5,37.0,340.5
2013-09-04,38.0,33.0,41.5,37.5,39.0,75.0,57.0,48.0,38.5,407.5
2013-09-05,46.5,15.0,27.0,20.5,24.0,44.5,37.0,33.0,29.0,276.5
2013-09-06,64.0,27.0,51.0,42.0,27.5,46.5,39.0,37.5,36.0,370.5
2013-09-07,50.5,24.0,54.0,24.0,36.0,45.0,38.5,31.0,30.0,333.0
2013-09-08,50.5,32.5,33.0,18.0,37.5,26.5,42.0,41.0,32.0,313.0
2013-09-09,66.0,30.0,29.0,22.5,36.0,69.0,37.5,33.0,30.0,353.0
2013-09-10,48.5,48.0,57.0,55.0,47.5,32.0,51.0,48.0,47.5,434.5
2013-09-11,55.0,35.0,27.0,36.0,39.0,30.5,40.5,36.0,33.0,332.0
2013-09-12,48.0,33.5,36.0,31.5,42.0,32.5,48.0,34.0,29.5,335.0
2013-09-13,50.0,42.0,29.0,30.0,27.0,41.5,41.0,31.5,30.0,322.0
2013-09-14,49.0,27.0,60.0,34.5,23.0,33.0,48.0,42.0,37.5,354.0
2013-09-15,56.0,45.0,45.0,24.0,27.0,29.5,48.0,37.5,36.0,348.0
2013-09-16,64.0,30.0,39.0,32.5,45.0,20.5,51.0,36.0,36.0,354.0
2013-09-17,49.5,27.0,24.0,39.0,33.0,29.5,51.0,45.0,42.0,340.0
2013-09-18,46.5,30.0,37.0,20.5,22.5,20.5,56.5,40.0,33.0,306.5
2013-09-19,59.5,30.0,32.5,36.0,54.0,33.0,49.0,38.5,34.5,367.0
2013-09-20,69.0,25.0,36.0,28.5,30.0,39.0,39.0,33.0,32.5,332.0
2013-09-21,62.0,27.0,29.5,39.0,21.0,30.0,49.5,48.0,32.5,338.5
2013-09-22,44.5,17.5,39.0,33.0,45.0,38.5,45.0,43.5,33.0,339.0
2013-09-23,67.0,29.5,29.0,32.5,18.0,27.0,57.0,33.0,33.0,326.0
2013-09-24,59.0,24.0,30.0,30.0,21.0,27.0,40.5,37.5,30.0,299.0
2013-09-25,57.5,41.5,32.5,33.0,22.0,56.0,39.0,36.0,32.5,350.0
2013-09-26,42.0,33.0,20.5,23.5,12.0,14.5,45.0,27.0,27.0,244.5
2013-09-27,64.5,32.5,30.0,32.5,30.0,34.5,43.0,39.0,36.0,342.0
2013-09-28,51.5,27.0,27.0,42.0,51.0,27.0,47.5,46.0,37.0,356.0
2013-09-29,61.0,35.5,30.0,30.0,39.0,30.0,34.0,33.0,32.5,325.0
2014-02-26,20.5,30.0,15.0,11.5,30.0,21.0,30.0,27.0,26.5,211.5
2014-02-27,24.5,30.0,45.0,24.0,15.0,27.0,31.5,30.0,27.0,254.0
2014-02-28,22.5,42.0,27.0,30.0,36.0,29.5,37.5,35.5,33.0,293.0
2014-03-01,25.0,21.0,21.0,24.0,16.5,13.5,34.5,30.0,27.0,212.5
2014-03-02,21.5,24.0,27.0,34.5,27.0,45.0,33.0,27.0,26.5,265.5
2014-03-03,33.0,24.0,33.0,21.0,42.0,30.0,45.0,43.5,36.0,307.5
2014-03-04,24.5,36.0,33.0,21.0,40.5,21.0,45.0,36.0,33.0,290.0
2014-03-05,30.0,36.0,27.0,32.5,26.5,32.5,33.0,30.0,28.5,276.0
2014-03-06,23.0,21.0,29.0,22.0,27.0,24.0,35.5,29.5,27.0,238.0
2014-03-07,34.0,30.0,30.0,39.0,45.0,36.0,48.0,36.0,36.0,334.0
2014-03-08,30.5,33.0,45.0,34.5,23.5,36.0,39.0,35.5,32.5,309.5
2014-03-09,32.5,27.0,42.0,33.0,27.0,27.0,36.0,33.0,26.5,284.0
2014-03-10,36.0,33.0,24.0,33.0,28.0,39.0,51.0,37.5,31.5,313.0
2014-03-11,41.5,39.0,23.5,30.0,33.0,45.0,30.0,27.0,27.0,296.0
2014-03-12,37.0,42.0,29.5,33.0,27.0,37.5,48.0,40.5,37.5,332.0
2014-03-13,49.0,30.0,30.0,19.5,44.5,15.0,34.5,34.5,33.0,290.0
2014-03-14,35.5,30.0,33.0,34.5,25.5,30.0,42.0,40.5,34.5,305.5
2014-03-15,47.5,36.0,48.0,57.0,30.0,25.5,45.0,42.0,37.5,368.5
2014-03-16,45.5,30.0,27.0,30.0,31.5,30.0,60.0,36.0,33.0,323.0
2014-03-17,48.0,21.0,27.0,39.0,24.0,24.0,37.5,32.5,31.5,284.5
2014-03-18,38.5,50.5,41.5,42.0,33.0,27.0,44.5,40.5,36.0,353.5
2014-03-19,49.5,21.0,36.0,30.0,36.0,33.0,48.0,45.0,36.0,334.5
2014-03-20,52.5,45.0,27.0,24.0,23.5,18.0,31.5,30.0,27.0,278.5
2014-03-21,51.0,29.5,30.0,23.5,21.0,47.5,36.0,27.0,25.5,291.0
2014-03-22,45.0,25.5,36.0,42.0,39.0,25.5,48.0,42.0,36.0,339.0
2014-03-23,37.5,39.0,27.0,40.5,33.0,30.0,72.0,33.0,33.0,345.0
2014-03-24,41.5,27.0,30.0,30.0,24.0,30.0,32.5,30.0,24.0,269.0
2014-03-25,49.0,30.0,26.5,24.0,24.0,35.5,45.0,41.5,39.0,314.5
2014-03-26,46.5,37.0,32.5,24.0,36.0,33.0,31.5,30.0,30.0,300.5
2014-03-27,40.5,18.0,30.0,17.0,42.0,29.0,33.0,31.5,27.0,268.0
2014-03-28,54.0,33.0,27.0,21.5,39.0,33.0,33.0,27.0,27.0,294.5
2014-03-29,39.0,26.5,36.0,27.0,27.0,32.5,51.0,49.5,30.0,318.5
2014-03-31,52.0,33.0,41.5,35.5,29.5,45.0,45.0,39.0,38.5,359.0
2014-04-01,37.5,11.5,48.0,22.5,44.0,18.0,37.5,32.5,28.5,280.0
2014-04-02,64.0,29.5,33.0,36.0,38.5,29.5,48.0,35.5,32.5,346.5
2014-04-03,38.0,20.5,33.0,28.0,24.0,47.0,40.0,36.0,33.0,299.5
2014-04-04,43.5,33.0,50.5,30.0,28.5,58.5,63.0,48.0,39.0,394.0
2014-04-05,50.0,24.0,33.0,36.0,30.0,54.0,42.0,30.0,29.5,328.5
2014-04-06,47.0,23.5,23.5,33.0,51.0,21.0,45.0,39.0,36.5,319.5
2014-04-07,47.0,23.0,17.5,24.0,36.0,14.0,32.5,23.5,21.0,238.5
2014-04-08,40.5,36.0,54.0,37.5,51.0,23.5,75.0,51.0,47.5,416.0
2014-04-09,49.0,41.5,36.5,34.5,25.0,42.0,44.5,42.0,37.5,352.5
2014-04-10,58.5,24.0,44.5,37.5,33.0,29.0,52.0,48.0,40.5,367.0
2014-04-11,75.0,29.5,39.0,34.0,31.5,33.0,36.0,30.0,29.5,337.5
2014-04-12,49.0,44.5,32.5,29.0,33.0,24.0,48.0,45.0,36.0,341.0
2014-04-13,55.5,35.5,39.0,41.5,39.0,38.0,47.5,38.5,35.5,370.0
2014-04-14,58.5,44.5,42.0,54.0,36.0,33.0,30.0,29.5,28.5,356.0
2014-04-15,43.0,28.5,26.0,30.0,29.5,42.0,47.0,45.5,39.0,330.5
2014-04-16,78.0,30.0,33.0,31.0,23.0,24.0,32.0,26.5,26.5,304.0
2014-04-17,65.0,30.0,24.0,48.0,26.5,33.0,33.0,32.5,32.5,324.5
2014-04-18,65.5,30.0,35.5,18.0,48.0,27.0,48.0,48.0,47.0,367.0
2014-04-19,54.5,60.0,24.0,25.5,37.5,35.5,62.5,54.0,42.5,396.0
2014-04-20,45.0,24.0,51.0,38.5,39.0,39.0,39.0,36.0,33.0,344.5
2014-04-21,59.5,48.0,32.5,33.0,27.0,24.0,45.0,40.5,36.0,345.5
2014-04-22,72.0,33.0,50.5,31.0,20.5,27.0,30.0,29.5,29.5,323.0
2014-04-23,58.0,50.0,29.0,30.0,39.0,54.0,53.5,49.5,47.5,410.5
2014-04-24,71.5,33.0,33.0,31.5,24.0,63.0,38.5,36.0,32.5,363.0
2014-04-25,57.0,26.5,56.5,33.0,48.0,34.5,43.5,30.0,27.0,356.0
2014-04-26,65.5,33.0,27.0,20.0,22.5,26.5,37.5,37.0,36.0,305.0
2014-04-27,54.0,20.5,26.5,45.0,51.0,47.5,36.0,28.5,23.5,332.5
2014-04-28,60.0,38.5,23.5,20.5,48.0,29.5,33.0,30.0,29.0,312.0
2014-04-29,53.5,39.0,32.5,22.0,33.0,17.5,37.5,30.0,29.5,294.5
2014-04-30,51.5,30.0,42.0,31.0,27.0,45.0,42.0,29.0,27.0,324.5
2014-05-01,48.5,29.5,33.0,27.0,26.5,40.5,48.5,41.5,37.0,332.0
2014-05-02,57.5,30.0,36.0,52.5,32.5,26.5,43.5,38.5,36.0,353.0
2014-05-03,75.0,30.0,39.0,49.0,45.0,36.0,39.0,33.0,31.0,377.0
2014-05-04,57.5,45.0,35.5,33.0,44.5,26.5,47.5,42.0,35.5,367.0
2014-05-05,56.5,35.5,33.0,27.0,54.0,35.5,42.0,29.5,26.5,339.5
2014-05-06,61.5,26.5,45.0,33.0,30.0,42.0,43.0,33.0,33.0,347.0
2014-05-07,44.0,20.0,41.5,27.0,26.5,27.0,42.0,33.0,31.0,292.0
2014-05-08,51.0,27.0,48.0,20.5,44.5,39.0,39.0,27.0,27.0,323.0
2014-05-09,67.5,23.5,29.5,56.5,41.5,27.0,33.0,30.0,29.5,338.0
2014-05-10,46.5,36.0,29.5,43.5,39.0,36.0,62.5,54.0,38.5,385.5
2014-05-11,46.0,57.0,33.0,42.0,33.0,23.0,44.5,39.0,35.5,353.0
2014-05-12,57.0,27.0,24.0,37.5,32.5,30.0,50.5,43.5,41.5,343.5
2014-05-13,70.5,36.0,57.0,36.0,18.0,33.0,53.5,38.5,35.5,378.0
2014-05-14,65.5,36.0,22.5,30.0,39.0,43.0,50.5,45.0,43.0,374.5
2014-05-15,65.0,27.0,33.0,32.5,30.0,21.0,51.0,27.0,26.0,312.5
2014-05-16,59.5,29.0,35.5,32.5,30.0,25.5,54.0,43.5,36.0,345.5
2014-05-17,61.0,26.5,77.5,32.5,53.5,33.0,55.5,42.0,35.5,417.0
2014-05-18,43.5,33.0,36.0,27.0,34.5,47.5,63.0,51.0,45.0,380.5
2014-05-19,48.5,18.0,23.5,20.5,33.0,33.0,30.0,30.0,30.0,266.5
2014-05-20,70.0,32.0,74.5,22.5,40.5,24.0,45.0,40.5,35.5,384.5
2014-05-21,51.0,15.0,45.0,29.5,26.5,32.5,45.0,42.0,42.0,328.5
2014-05-22,55.0,15.0,30.0,32.0,25.0,27.0,36.0,32.5,32.5,285.0
2014-05-23,52.5,27.0,45.0,31.5,30.0,47.0,42.0,33.0,30.0,338.0
2014-05-24,52.0,27.0,36.0,51.0,29.5,30.0,51.0,39.0,35.5,351.0
2014-05-25,66.0,44.5,33.0,27.0,34.5,29.5,33.0,32.5,29.5,329.5
2014-05-26,46.5,30.0,42.0,45.0,43.5,30.0,57.0,39.0,36.0,369.0
2014-05-27,53.0,27.0,33.0,27.0,28.5,30.0,44.5,33.0,32.5,308.5
2014-05-28,58.5,30.0,38.5,24.0,21.0,37.5,50.5,48.0,44.5,352.5
2014-05-29,57.0,24.0,47.5,30.0,40.5,27.0,35.5,32.5,31.5,325.5
2014-05-30,56.5,51.0,37.5,30.0,27.0,57.0,40.0,36.0,36.0,371.0
2014-05-31,55.5,22.5,47.5,36.0,70.5,35.5,54.0,40.5,34.5,396.5
2014-06-01,65.5,23.5,43.5,39.0,29.5,46.0,38.5,33.0,32.5,351.0
2014-06-02,55.0,33.0,23.5,20.5,44.5,63.0,31.5,27.0,21.0,319.0
2014-06-03,54.5,36.0,29.5,36.0,42.0,30.0,41.5,33.0,32.5,335.0
2014-06-04,56.5,42.0,35.5,28.0,45.5,36.0,51.0,44.5,39.0,378.0
2014-06-05,42.0,30.0,27.0,26.5,41.5,27.0,41.0,40.5,36.0,311.5
2014-06-06,63.0,36.0,35.5,52.5,33.0,27.0,42.0,32.5,32.5,354.0
2014-06-07,56.5,36.0,37.0,32.5,27.0,27.0,42.0,37.5,37.0,332.5
2014-06-08,78.5,25.5,37.5,24.0,27.0,27.0,50.5,35.0,33.0,338.0
2014-06-09,46.5,26.0,33.0,37.5,42.0,90.0,60.0,45.0,32.5,412.5
2014-06-10,45.0,41.5,45.0,32.5,32.5,30.0,33.0,30.0,30.0,319.5
2014-06-11,69.0,24.0,32.5,24.0,22.5,26.0,43.5,42.0,36.0,319.5
2014-06-12,64.5,30.0,39.0,12.0,24.0,30.0,45.0,30.0,27.0,301.5
2014-06-13,54.5,29.5,24.0,30.0,24.0,27.0,46.5,41.0,33.0,309.5
2014-06-14,52.5,33.0,42.0,34.5,51.0,36.0,52.0,44.5,33.0,378.5
2014-06-15,50.0,36.0,26.5,30.0,36.0,35.0,38.0,31.5,30.0,313.0
2014-06-16,41.0,36.0,45.0,35.5,33.0,40.5,40.0,34.5,33.0,338.5
2014-06-17,52.5,53.5,32.0,41.5,26.5,34.0,54.0,43.5,39.0,376.5
2014-06-18,94.5,48.0,30.0,24.0,27.0,38.0,40.0,36.0,33.0,370.5
2014-06-19,65.5,24.0,29.0,29.5,15.0,24.0,30.0,28.5,27.0,272.5
2014-06-20,49.5,29.5,60.0,28.5,48.0,37.5,51.0,49.0,43.5,396.5
2014-06-21,58.0,29.5,26.5,26.5,26.5,30.0,32.5,30.0,30.0,289.5
2014-06-22,50.5,42.0,37.0,32.5,27.0,30.0,31.5,29.0,28.0,307.5
2014-06-23,51.0,36.0,60.0,18.0,23.5,30.5,38.5,36.0,33.0,326.5
2014-06-24,52.0,33.0,45.0,30.0,27.0,36.0,48.0,40.5,34.5,346.0
2014-06-25,67.0,23.0,37.5,39.0,40.5,28.5,37.0,36.0,34.5,343.0
2014-06-26,62.0,23.5,21.0,36.0,27.0,32.5,43.5,31.5,30.0,307.0
2014-06-27,49.5,30.0,45.0,39.0,27.0,26.5,44.0,34.0,28.5,323.5
2014-06-28,76.0,23.5,27.0,36.0,19.5,31.0,31.0,29.5,29.5,303.0
2014-06-29,64.0,27.0,26.5,30.0,39.0,32.5,63.0,41.5,30.0,353.5
2014-06-30,59.5,29.0,48.0,32.5,31.0,24.0,40.5,39.5,33.5,337.5
2014-07-01,53.0,33.0,29.5,24.0,38.5,42.0,39.0,33.0,33.0,325.0
2014-07-02,69.0,29.5,22.5,33.0,30.0,32.5,41.0,36.0,35.5,329.0
2014-07-03,48.0,20.5,30.0,23.0,26.5,27.0,41.5,35.5,30.0,282.0
2014-07-04,70.5,23.5,32.5,39.0,30.0,36.0,43.5,43.5,33.0,351.5
2014-07-05,68.5,29.5,39.0,43.0,36.0,33.0,49.5,39.0,37.5,375.0
2014-07-06,57.0,30.0,29.5,26.5,21.0,36.0,40.0,39.0,35.5,314.5
2014-07-07,56.5,21.0,44.5,33.0,30.0,42.0,36.0,34.0,33.0,330.0
2014-07-08,58.0,20.5,30.0,33.0,36.0,35.5,42.0,41.5,39.0,335.5
2014-07-09,45.5,33.0,44.5,34.5,41.0,29.5,39.0,38.5,36.0,341.5
2014-07-10,68.5,33.0,36.0,38.5,29.5,30.0,44.5,39.0,36.0,355.0
2014-07-11,49.0,29.5,23.5,37.0,45.0,36.0,41.5,41.5,33.0,336.0
2014-07-12,53.5,35.5,27.0,36.0,27.0,47.5,50.5,32.5,29.5,339.0
2014-07-13,78.0,30.0,23.5,53.5,27.0,42.0,39.0,35.5,31.5,360.0
2014-07-18,56.5,21.0,45.0,48.0,27.0,30.0,34.0,33.0,32.5,327.0
2014-07-19,56.5,24.0,48.0,22.5,24.0,23.0,57.0,44.5,29.5,329.0
2014-07-20,52.5,29.5,24.0,30.0,27.0,41.5,41.5,39.0,36.0,321.0
2014-07-21,48.5,19.5,35.5,30.0,42.0,15.0,47.5,47.0,31.5,316.5
2014-07-22,43.5,41.5,41.5,39.0,40.5,47.5,39.0,35.5,30.0,358.0
2014-07-23,56.0,24.0,47.5,27.0,37.0,36.0,51.0,33.0,28.5,340.0
2014-07-24,56.0,35.5,48.0,19.5,25.5,25.5,36.0,35.5,30.0,311.5
2014-07-25,56.0,30.0,55.5,34.0,33.0,36.0,54.0,54.0,35.5,388.0
2014-07-26,64.0,26.5,32.5,24.0,27.0,44.5,33.0,33.0,29.0,313.5
2014-07-27,41.5,27.0,54.0,34.5,14.5,30.0,53.5,30.0,29.5,314.5
2014-07-28,62.0,41.5,27.0,30.0,24.0,27.0,57.0,45.0,33.0,346.5
2014-07-29,62.0,29.5,68.5,33.0,28.0,38.0,51.0,42.0,36.0,388.0
2014-07-30,66.0,33.0,32.5,42.0,34.0,32.5,36.0,32.5,31.5,340.0
2014-07-31,60.0,24.0,21.0,32.5,29.5,17.5,41.5,34.0,33.0,293.0
2014-08-01,51.0,29.5,70.5,21.0,28.5,33.0,30.0,30.0,30.0,323.5
2014-08-02,52.0,30.0,36.0,46.5,41.5,49.5,46.0,36.0,35.5,373.0
2014-08-03,72.0,43.5,24.0,33.0,30.5,26.0,63.0,57.0,42.0,391.0
2014-08-04,67.0,45.0,12.0,37.0,21.0,26.5,26.5,24.0,24.0,283.0
2014-08-05,61.0,47.5,41.5,34.0,20.5,32.5,42.0,36.0,30.0,345.0
2014-08-06,53.5,36.0,45.0,44.5,36.0,36.0,42.0,39.0,36.0,368.0
2014-08-07,65.0,23.5,29.0,55.5,35.5,33.0,50.5,39.0,36.0,367.0
2014-08-08,46.5,36.0,36.0,29.5,54.0,29.5,39.0,37.5,36.0,344.0
2014-08-09,56.0,38.5,35.0,26.0,37.5,37.5,45.0,36.0,35.0,346.5
2014-08-10,58.5,54.0,23.5,48.0,23.5,24.0,43.5,34.5,33.0,342.5
2014-08-11,54.5,30.0,29.5,36.0,20.5,29.5,57.0,47.5,39.5,344.0
2014-08-12,57.0,24.0,24.0,24.0,29.5,54.0,50.5,44.5,30.0,337.5
2014-08-13,58.5,34.0,27.0,31.5,26.5,36.0,33.0,30.0,27.0,303.5
2014-08-14,71.0,27.0,27.0,39.0,32.5,27.0,36.0,32.0,29.5,321.0
2014-08-15,50.0,21.0,27.0,26.5,29.5,32.5,36.0,32.5,30.0,285.0
2014-08-16,54.5,30.0,32.5,42.0,22.0,26.5,59.5,33.0,30.0,330.0
2014-08-17,46.0,39.0,42.0,38.5,23.5,39.0,53.5,46.0,42.0,369.5
2014-08-18,36.0,26.5,32.5,27.0,27.0,26.5,48.0,42.0,35.5,301.0
2014-08-19,62.5,32.5,33.0,36.0,31.5,32.5,49.5,39.0,35.5,352.0
2014-08-20,54.0,23.0,35.5,23.5,28.5,39.0,42.0,36.0,33.5,315.0
2014-08-21,65.5,42.0,15.5,11.5,23.5,27.0,32.5,26.5,20.5,264.5
2014-08-22,54.5,35.5,30.0,39.0,50.5,45.0,42.0,41.5,39.0,377.0
2014-08-23,46.0,39.0,58.5,30.0,27.0,27.0,37.5,32.5,30.0,327.5
2014-08-24,49.0,29.5,53.5,27.5,29.0,32.5,36.0,35.5,33.0,325.5
2014-08-25,59.5,23.5,27.0,23.0,23.5,38.5,39.0,36.0,33.0,303.0
2014-08-26,82.0,44.5,26.0,46.5,33.0,20.0,45.0,40.0,33.0,370.0
2014-08-27,57.5,33.0,27.0,30.0,30.0,31.0,36.0,35.5,35.5,315.5
2014-08-28,47.5,36.0,29.5,26.5,39.0,33.0,37.0,37.0,34.5,320.0
2014-08-29,44.0,42.0,32.5,33.0,33.0,39.0,51.0,46.0,38.5,359.0
2014-08-30,56.5,20.0,26.5,30.0,25.5,30.0,54.0,33.0,27.0,302.5
2014-08-31,65.0,33.0,29.0,41.5,35.0,51.0,45.0,44.5,42.0,386.0
2014-09-01,44.5,36.0,39.0,39.0,24.0,26.0,56.5,45.0,41.5,351.5
2014-09-02,50.0,47.0,48.0,46.5,36.0,29.5,48.0,35.5,32.5,373.0
2014-09-03,66.5,36.0,29.5,33.0,33.0,36.0,48.0,42.0,39.0,363.0
2014-09-04,33.0,27.0,39.0,24.0,26.5,20.5,45.0,44.5,39.0,298.5
2014-09-05,59.5,42.0,38.5,29.5,30.0,31.0,48.0,45.5,43.5,367.5
2014-09-06,62.0,35.5,45.0,36.0,33.0,33.0,27.0,27.0,24.0,322.5
2014-09-07,55.5,30.0,54.0,51.0,32.5,24.0,75.0,38.5,33.0,393.5
2014-09-08,66.0,48.0,30.0,32.5,26.5,30.0,39.0,39.0,35.5,346.5
2014-09-09,62.5,44.5,31.5,27.0,43.5,36.0,54.0,39.0,34.0,372.0
2014-09-10,52.5,32.5,30.0,19.5,30.0,27.0,35.5,31.5,30.0,288.5
2014-09-11,64.5,32.5,33.0,19.0,54.0,32.5,36.0,34.5,27.0,333.0
2014-09-12,56.0,26.0,27.0,25.0,39.0,32.0,42.0,40.5,36.0,323.5
2014-09-13,62.0,26.0,36.0,25.0,45.0,30.0,54.0,43.5,40.5,362.0
2014-09-14,48.5,23.5,33.0,36.0,39.0,27.0,44.5,30.0,30.0,311.5
2014-09-15,63.0,27.0,36.0,25.0,22.5,21.0,26.5,25.5,24.0,270.5
2014-09-16,81.5,27.0,27.0,63.0,33.0,26.5,44.5,39.0,33.0,374.5
2014-09-17,78.0,21.0,47.5,29.0,27.0,23.0,50.5,45.0,43.0,364.0
2014-09-18,51.5,39.0,30.0,13.5,30.0,19.0,36.0,27.0,26.5,272.5
2014-09-19,51.0,53.0,26.5,38.5,25.0,36.0,56.5,48.0,48.0,382.5
2014-09-20,48.5,26.5,51.0,36.0,26.5,26.5,60.0,48.0,44.5,367.5
2014-09-21,63.5,48.0,45.0,21.0,30.0,38.5,48.0,45.0,39.0,378.0
2014-09-22,52.5,23.5,27.0,21.0,24.0,31.5,39.0,33.0,30.0,281.5
2014-09-23,51.0,29.5,33.0,42.0,15.0,20.0,39.0,36.0,29.0,294.5
2014-09-24,60.5,15.0,32.0,37.0,24.0,32.5,43.5,37.0,31.5,313.0
2014-09-25,63.0,42.0,50.0,29.5,24.0,23.5,48.0,35.5,32.5,348.0
2014-09-26,69.0,38.5,36.0,39.0,40.0,23.5,41.5,33.0,32.5,353.0
2014-09-27,61.5,41.5,51.0,29.5,29.5,48.0,32.5,30.0,30.0,353.5
2014-09-28,79.0,23.5,43.0,30.0,25.5,33.0,33.0,27.0,26.5,320.5
2015-03-03,21.5,12.0,36.0,33.0,48.0,12.0,30.0,30.0,28.5,251.0
2015-03-04,22.0,15.0,35.5,15.0,27.0,24.0,37.5,36.0,29.5,241.5
2015-03-05,22.5,23.5,27.0,42.0,30.0,24.0,31.5,30.0,30.0,260.5
2015-03-06,18.5,33.0,36.0,27.0,42.0,30.0,44.5,36.0,31.0,298.0
2015-03-07,28.0,33.0,32.5,22.5,18.0,36.0,31.5,28.0,27.0,256.5
2015-03-08,28.5,27.0,27.0,36.0,33.0,37.5,37.0,26.5,25.5,278.0
2015-03-09,25.0,24.0,24.0,26.5,42.0,26.0,31.5,30.0,27.0,256.0
2015-03-10,28.5,24.0,27.0,33.0,18.0,33.0,54.0,42.0,33.0,292.5
2015-03-11,27.5,21.0,43.5,27.0,30.0,24.0,32.5,27.0,25.0,257.5
2015-03-12,30.0,35.5,39.0,24.0,27.0,53.5,37.5,31.5,30.0,308.0
2015-03-13,35.5,30.0,33.0,21.0,42.0,39.0,42.0,28.0,26.0,296.5
2015-03-14,31.5,26.5,46.5,18.0,33.0,33.0,48.0,45.0,34.5,316.0
2015-03-15,32.5,24.0,33.0,36.0,30.0,30.0,36.0,36.0,30.0,287.5
2015-03-16,34.0,36.0,39.0,24.0,34.5,45.0,30.0,27.0,27.0,296.5
2015-03-17,37.0,32.5,33.0,36.0,37.5,33.0,53.5,41.5,33.0,337.0
2015-03-18,26.5,36.0,21.0,24.0,31.5,42.0,40.5,36.0,33.0,290.5
2015-03-19,33.0,18.0,27.0,25.0,26.5,53.5,31.0,27.0,27.0,268.0
2015-03-20,36.0,42.0,44.5,36.0,21.0,27.0,45.0,35.5,32.5,319.5
2015-03-21,35.5,30.0,42.0,42.0,27.0,54.0,48.0,31.5,31.0,341.0
2015-03-22,40.5,33.0,36.0,22.5,23.5,33.0,48.0,42.0,36.0,314.5
2015-03-23,36.5,30.0,48.0,45.0,23.5,30.0,48.0,32.5,30.0,323.5
2015-03-24,30.0,39.0,24.0,34.5,27.0,46.0,34.5,32.5,32.5,300.0
2015-03-25,49.0,33.0,29.5,21.0,32.5,27.0,40.5,30.0,29.5,292.0
2015-03-26,44.0,24.0,39.0,30.0,38.5,36.0,42.0,36.0,32.0,321.5
2015-03-27,44.0,26.5,30.0,24.0,21.0,21.0,48.0,37.5,30.0,282.0
2015-03-28,52.0,42.0,39.0,24.0,21.0,35.5,33.0,33.0,32.5,312.0
2015-03-29,39.0,30.0,48.0,48.0,26.5,41.5,54.0,36.0,33.0,356.0
2015-03-30,43.0,32.5,59.5,31.5,27.0,50.5,33.0,33.0,32.5,342.5
2015-03-31,37.0,33.0,30.0,27.0,51.0,27.0,37.0,36.0,35.0,313.0
2015-04-01,41.5,20.5,29.5,48.0,51.0,33.0,51.0,45.0,41.5,361.0
2015-04-02,35.5,18.0,26.5,25.5,33.0,21.0,46.0,30.0,29.5,265.0
2015-04-03,38.0,27.0,33.0,24.0,26.5,37.5,30.0,27.0,24.0,267.0
2015-04-04,37.0,29.5,30.0,24.0,22.5,27.0,31.5,30.0,30.0,261.5
2015-04-06,54.0,35.5,32.5,44.5,40.0,48.0,54.0,40.5,36.0,385.0
2015-04-07,36.0,33.0,35.5,13.5,20.5,33.0,38.5,36.0,19.0,265.0
2015-04-08,57.0,27.0,69.0,27.0,27.0,32.0,37.0,33.0,33.0,342.0
2015-04-09,56.0,27.0,30.0,24.0,45.0,27.0,32.5,30.0,27.5,299.0
2015-04-10,49.5,20.0,58.5,42.0,25.0,37.5,39.0,36.0,33.0,340.5
2015-04-11,53.5,27.0,26.5,29.5,29.5,34.0,42.0,36.0,32.5,310.5
2015-04-12,47.0,29.5,63.0,26.5,30.0,39.0,36.0,35.5,34.5,341.0
2015-04-13,44.0,16.0,27.0,27.0,24.0,27.0,54.0,53.5,44.5,317.0
2015-04-14,53.0,41.5,26.0,55.5,34.5,23.0,43.5,36.5,31.0,344.5
2015-04-15,51.5,30.0,30.0,32.5,36.0,30.0,35.0,30.0,29.5,304.5
2015-04-16,59.5,27.0,33.0,23.5,29.5,23.5,52.5,35.5,29.5,313.5
2015-04-17,55.0,48.0,30.0,32.5,23.5,44.5,51.0,50.5,37.5,372.5
2015-04-18,59.5,47.5,41.0,24.0,27.0,28.5,43.5,42.0,39.0,352.0
2015-04-19,44.0,14.5,29.5,30.0,21.0,37.5,53.5,52.5,44.5,327.0
2015-04-20,45.0,30.0,29.5,20.5,27.0,45.0,33.0,29.5,25.5,285.0
2015-04-21,43.5,39.0,42.0,44.0,58.0,45.0,45.0,42.5,42.0,401.0
2015-04-22,49.0,22.0,33.0,38.5,27.0,27.0,45.0,34.0,33.0,308.5
2015-04-23,44.5,15.0,29.5,23.5,30.0,47.5,30.0,28.5,25.5,274.0
2015-04-24,68.0,23.5,48.0,24.0,30.0,33.0,62.5,34.0,30.0,353.0
2015-04-25,45.0,30.0,39.0,28.0,26.0,24.0,54.0,42.0,42.0,330.0
2015-04-26,48.0,30.0,42.0,26.5,23.5,39.0,48.0,48.0,36.0,341.0
2015-04-27,50.5,27.0,33.0,29.5,35.5,33.0,39.0,36.5,36.0,320.0
2015-04-28,52.5,42.0,30.0,51.0,22.5,39.0,54.0,51.0,45.0,387.0
2015-04-29,47.5,42.0,53.5,33.0,32.5,36.0,54.0,38.5,35.5,372.5
2015-04-30,42.0,20.5,33.0,36.0,16.0,27.0,33.0,28.0,26.5,262.0
2015-05-01,48.0,30.0,32.5,29.5,16.5,32.5,39.0,32.5,31.5,292.0
2015-05-02,56.0,33.0,41.5,39.0,37.0,39.0,45.0,39.0,38.5,368.0
2015-05-03,53.0,54.0,33.0,42.0,17.5,47.5,51.0,47.5,44.5,390.0
2015-05-04,46.0,41.5,39.0,23.5,36.0,24.0,33.0,26.5,26.5,296.0
2015-05-05,65.5,32.5,41.0,21.0,27.0,39.0,42.0,35.5,33.0,336.5
2015-05-06,49.0,33.0,33.5,39.0,36.0,51.0,69.0,50.5,43.5,404.5
2015-05-07,54.5,75.0,36.0,28.5,21.0,24.0,40.5,31.5,30.0,341.0
2015-05-08,58.5,26.5,33.0,44.0,30.0,33.0,53.5,51.0,44.5,374.0
2015-05-09,43.5,30.0,43.0,32.5,36.0,30.0,39.0,38.5,36.0,328.5
2015-05-10,70.5,30.0,32.5,37.5,45.0,33.0,30.0,26.0,24.0,328.5
2015-05-11,45.5,30.0,42.0,34.5,26.0,33.0,39.0,38.5,36.0,324.5
2015-05-12,66.5,47.5,50.5,33.0,38.0,40.0,47.5,39.0,38.5,400.5
2015-05-13,85.0,20.5,32.5,24.0,27.0,34.5,33.0,33.0,32.5,322.0
2015-05-14,52.5,48.0,57.0,33.0,25.5,41.0,36.0,35.5,33.0,361.5
2015-05-15,54.0,27.0,45.0,29.5,39.0,42.0,46.0,44.5,44.5,371.5
2015-05-16,58.5,29.5,32.5,35.5,47.5,27.0,44.5,39.0,33.0,347.0
2015-05-17,54.0,27.0,38.5,29.5,24.0,39.0,54.0,48.0,32.5,346.5
2015-05-18,57.0,39.0,23.0,28.0,13.0,27.0,45.0,26.5,22.5,281.0
2015-05-19,44.5,26.5,33.0,26.0,26.0,30.0,41.0,36.0,36.0,299.0
2015-05-20,38.5,20.0,36.0,20.5,36.0,26.5,46.5,35.5,32.5,292.0
2015-05-21,64.0,36.0,53.5,32.5,21.0,32.5,31.5,30.0,28.5,329.5
2015-05-22,59.0,32.0,50.0,38.5,37.0,40.5,54.0,48.0,48.0,407.0
2015-05-23,55.0,20.5,47.5,25.5,27.0,26.5,42.0,41.5,33.0,318.5
2015-05-24,54.5,21.0,41.5,47.0,33.0,54.0,51.0,44.5,40.0,386.5
2015-05-25,65.5,35.5,32.5,27.0,32.5,39.0,51.0,46.5,41.5,371.0
2015-05-26,56.5,24.0,39.0,23.5,27.0,69.0,36.0,34.5,33.0,342.5
2015-05-27,65.0,26.5,51.0,48.0,16.0,38.5,36.0,30.0,29.5,340.5
2015-05-28,64.5,36.0,30.0,20.5,25.5,28.5,33.0,30.0,30.0,298.0
2015-05-29,54.5,36.0,36.0,29.5,48.0,33.0,48.0,36.0,31.0,352.0
2015-05-30,74.5,40.0,50.5,37.0,16.0,49.5,44.5,29.5,27.0,368.5
2015-05-31,56.0,50.5,36.0,33.0,32.5,48.0,48.0,41.5,40.5,386.0
2015-06-01,55.0,18.0,48.0,42.0,29.5,30.0,36.0,29.0,26.0,313.5
2015-06-02,70.5,33.0,30.0,34.5,33.0,47.5,50.5,36.0,36.0,371.0
2015-06-03,68.5,32.5,47.0,31.5,42.0,29.5,34.5,34.0,33.0,352.5
2015-06-04,46.0,26.5,23.0,29.5,18.0,18.0,42.0,35.5,34.5,273.0
2015-06-05,55.0,30.0,45.0,45.0,27.0,30.0,48.0,42.0,39.0,361.0
2015-06-06,67.0,33.0,50.5,30.0,37.5,26.5,48.0,36.0,34.5,363.0
2015-06-07,58.5,35.5,19.5,30.0,35.5,45.0,58.5,47.5,42.0,372.0
2015-06-08,67.5,18.0,29.5,21.0,36.0,23.5,38.5,36.0,30.0,300.0
2015-06-09,82.5,41.5,72.0,42.0,34.0,29.5,44.5,36.0,27.0,409.0
2015-06-10,44.5,36.0,39.0,33.0,24.0,42.0,45.0,33.0,30.0,326.5
2015-06-11,48.0,32.5,36.0,9.0,24.0,29.5,33.0,33.0,32.5,277.5
2015-06-12,64.0,33.0,45.0,29.5,32.5,43.0,33.0,33.0,32.5,345.5
2015-06-13,55.5,27.0,50.5,25.5,23.5,39.0,39.0,35.5,33.0,328.5
2015-06-14,90.5,30.0,33.0,49.5,23.5,33.0,52.5,36.0,36.0,384.0
2015-06-15,66.0,39.0,38.5,42.0,21.0,30.0,48.0,45.0,29.5,359.0
2015-06-16,46.0,48.0,45.0,45.0,27.0,54.0,51.0,34.5,33.0,383.5
2015-06-17,56.5,30.0,30.0,32.5,36.0,53.0,39.0,39.0,39.0,355.0
2015-06-18,51.5,21.0,27.0,27.0,37.0,31.0,35.5,29.5,29.5,289.0
2015-06-19,65.0,49.5,45.0,27.0,25.0,39.0,39.0,33.0,32.0,354.5
2015-06-20,79.5,30.0,23.5,20.5,30.0,48.0,56.5,48.0,42.0,378.0
2015-06-21,62.5,48.0,35.5,45.0,30.0,36.0,71.5,51.0,39.0,418.5
2015-06-22,42.5,36.0,48.0,44.5,29.5,59.5,42.0,42.0,39.0,383.0
2015-06-23,71.0,35.5,45.0,36.0,44.5,51.0,36.0,33.0,33.0,385.0
2015-06-24,55.0,32.0,30.0,27.0,33.0,35.0,32.5,30.0,27.0,301.5
2015-06-25,76.0,32.5,32.5,49.5,33.0,32.5,30.0,29.5,26.5,342.0
2015-06-26,52.5,27.0,25.0,30.0,24.0,50.5,54.0,39.0,33.0,335.0
2015-06-27,42.0,35.5,33.0,34.5,32.5,39.0,51.0,36.0,32.5,336.0
2015-06-28,51.0,44.5,24.0,22.5,26.5,45.0,39.0,37.5,27.0,317.0
2015-06-29,41.0,32.5,44.0,25.5,38.5,18.0,51.0,39.0,32.5,322.0
2015-06-30,62.0,34.5,51.0,35.5,31.0,26.5,48.0,32.0,31.5,352.0
2015-07-01,68.0,29.5,48.0,61.0,24.0,35.5,38.5,32.5,32.5,369.5
2015-07-02,53.0,26.5,30.0,24.0,25.0,30.0,38.5,36.0,30.0,293.0
2015-07-03,42.0,29.5,37.5,26.5,32.0,24.0,39.0,32.5,31.5,294.5
2015-07-04,58.5,17.5,38.5,19.5,27.0,53.5,46.5,45.0,39.0,345.0
2015-07-05,49.5,33.0,32.5,30.0,40.5,18.0,36.0,33.0,33.0,305.5
2015-07-06,49.5,27.0,33.0,33.0,27.0,42.0,39.0,36.0,36.0,322.5
2015-07-07,75.0,30.0,39.0,27.0,26.5,25.0,36.0,35.5,35.0,329.0
2015-07-08,78.5,33.0,44.5,41.5,36.0,21.0,50.5,45.0,39.0,389.0
2015-07-09,56.0,23.5,24.0,36.0,24.0,20.5,35.5,34.0,27.0,280.5
2015-07-10,64.5,32.5,29.5,39.0,19.5,27.0,51.0,45.0,45.0,353.0
2015-07-11,56.0,42.0,45.0,32.5,43.5,39.0,39.0,35.5,33.0,365.5
2015-07-12,63.5,33.0,27.0,27.0,30.0,27.0,65.5,42.0,42.0,357.0
2015-07-17,50.5,24.0,48.0,34.0,37.5,44.5,36.0,35.5,32.0,342.0
2015-07-18,72.0,26.5,34.5,51.0,33.0,36.0,60.0,48.0,39.0,400.0
2015-07-19,66.5,36.0,27.0,29.0,32.5,27.0,53.5,39.0,36.0,346.5
2015-07-20,45.0,21.0,51.0,45.0,27.0,30.0,35.5,30.0,30.0,314.5
2015-07-21,53.0,56.0,32.5,28.0,40.5,32.5,61.5,39.0,35.5,378.5
2015-07-22,49.0,33.0,42.0,51.0,30.0,35.5,50.5,45.0,45.0,381.0
2015-07-23,75.0,36.0,35.5,36.0,29.5,33.0,47.5,42.0,30.0,364.5
2015-07-24,64.0,25.5,27.0,25.5,36.0,36.0,45.0,41.5,40.0,340.5
2015-07-25,87.5,27.0,41.5,32.5,32.5,33.0,66.0,43.0,36.0,399.0
2015-07-26,52.0,27.0,62.5,32.5,18.0,32.5,66.0,66.0,63.0,419.5
2015-07-27,40.5,47.5,42.0,30.0,36.0,32.0,54.0,29.0,27.0,338.0
2015-07-28,68.5,47.5,42.0,32.5,36.0,27.0,56.5,53.5,51.0,414.5
2015-07-29,64.5,48.0,66.0,28.0,44.5,58.5,53.5,35.5,32.5,431.0
2015-07-30,57.0,32.0,50.5,78.0,25.5,63.0,51.0,40.0,39.0,436.0
2015-07-31,69.5,35.5,66.0,26.5,32.5,33.0,42.0,36.0,34.5,375.5
2015-08-01,51.0,54.0,54.0,29.0,44.5,66.0,50.5,48.0,36.0,433.0
2015-08-02,49.0,20.5,26.5,38.5,36.0,21.0,44.0,33.0,30.0,298.5
2015-08-03,59.0,36.0,32.5,42.0,45.0,51.0,38.0,36.0,33.0,372.5
2015-08-04,47.0,36.0,29.0,24.0,33.0,32.5,44.5,29.5,29.5,305.0
2015-08-05,52.5,32.5,38.0,27.0,28.0,32.5,36.0,36.0,33.0,315.5
2015-08-06,43.5,33.0,33.0,36.0,33.0,31.0,57.0,50.5,47.5,364.5
2015-08-07,50.0,32.5,27.0,30.0,31.5,26.5,49.5,40.0,34.5,321.5
2015-08-08,60.0,27.0,30.0,42.0,29.5,32.5,45.0,42.0,41.5,349.5
2015-08-09,65.5,44.5,48.0,23.5,30.0,29.5,51.0,48.0,41.0,381.0
2015-08-10,65.5,44.5,26.5,14.5,58.5,27.0,52.0,48.0,30.0,366.5
2015-08-11,71.0,26.5,41.5,36.0,27.0,33.0,45.0,36.0,36.0,352.0
2015-08-12,69.0,56.5,51.0,40.5,32.5,26.5,60.0,42.0,36.0,414.0
2015-08-13,45.0,27.0,42.0,42.0,42.0,21.0,53.5,49.5,39.0,361.0
2015-08-14,57.5,32.5,48.0,36.0,23.5,40.0,54.0,47.0,35.5,374.0
2015-08-15,57.5,41.5,44.5,29.5,26.5,30.0,83.5,52.0,42.0,407.0
2015-08-16,83.5,47.5,42.0,45.0,33.0,31.0,53.5,48.0,48.0,431.5
2015-08-17,38.0,41.5,30.0,27.0,21.0,32.5,35.0,29.0,27.0,281.0
2015-08-18,43.0,42.0,32.5,45.0,36.0,57.0,53.5,45.0,44.0,398.0
2015-08-19,42.5,31.5,47.5,35.5,30.0,63.0,50.5,36.0,33.0,369.5
2015-08-20,75.5,20.5,29.5,32.5,36.0,35.5,37.5,35.0,34.0,336.0
2015-08-21,78.0,33.0,32.5,32.5,24.0,48.0,97.5,54.0,37.0,436.5
2015-08-22,51.5,33.0,64.5,36.0,42.0,54.0,47.5,36.0,33.0,397.5
2015-08-23,54.0,36.0,32.5,27.0,27.0,53.5,66.0,42.0,40.5,378.5
2015-08-24,51.0,36.0,42.0,59.5,42.0,32.0,43.5,41.5,36.0,383.5
2015-08-25,54.0,54.0,30.0,41.5,45.0,24.0,64.5,45.0,39.0,397.0
2015-08-26,69.0,26.5,38.5,32.0,41.5,27.0,44.0,42.0,36.0,356.5
2015-08-27,56.5,26.0,26.5,35.5,27.0,20.5,32.5,30.0,30.0,284.5
2015-08-28,68.5,45.0,30.0,24.0,45.0,30.0,37.0,30.0,29.0,338.5
2015-08-29,43.5,36.0,32.5,39.0,20.5,27.0,84.0,42.0,34.0,358.5
2015-08-30,85.0,36.0,29.5,51.0,30.0,51.0,44.5,39.0,36.0,402.0
2015-08-31,56.0,21.0,44.5,27.0,35.5,30.0,34.0,30.0,28.5,306.5
2015-09-01,57.0,42.0,45.0,39.0,29.5,36.0,42.0,38.0,35.5,364.0
2015-09-02,79.0,31.5,50.5,39.0,33.0,45.0,57.0,36.0,33.0,404.0
2015-09-03,43.0,20.5,33.0,27.0,30.0,45.0,59.5,39.0,36.0,333.0
2015-09-04,53.0,36.0,44.5,33.0,50.5,45.0,39.0,39.0,38.5,378.5
2015-09-05,57.5,33.0,27.0,32.5,29.5,32.0,38.5,36.0,30.0,316.0
2015-09-06,55.0,36.0,17.5,36.0,37.5,29.5,42.0,35.5,34.0,323.0
2015-09-07,41.0,30.0,32.5,33.0,32.5,35.0,45.0,45.0,45.0,339.0
2015-09-08,53.5,42.0,35.5,45.0,18.0,29.0,33.0,32.5,30.0,318.5
2015-09-09,57.0,30.0,36.0,39.0,39.0,39.0,51.0,36.0,35.0,362.0
2015-09-10,52.0,20.5,17.5,27.0,14.5,42.0,45.0,34.0,31.0,283.5
2015-09-11,54.5,50.0,32.5,30.0,45.0,47.5,54.0,51.0,38.5,403.0
2015-09-12,70.0,21.0,33.0,36.0,55.5,68.5,54.0,53.5,51.0,442.5
2015-09-13,53.0,36.0,41.5,44.5,36.0,50.5,51.0,43.0,39.0,394.5
2015-09-14,46.0,27.0,41.5,31.5,34.0,26.0,50.5,33.0,32.0,321.5
2015-09-15,72.5,39.0,27.0,32.5,32.5,30.0,54.0,49.5,41.5,378.5
2015-09-16,55.0,38.5,33.0,54.0,35.5,36.0,60.0,56.5,51.0,419.5
2015-09-17,49.0,29.5,33.0,48.0,32.5,36.0,62.5,36.5,32.5,359.5
2015-09-18,39.5,30.0,33.0,60.0,29.5,51.0,48.0,26.5,24.0,341.5
2015-09-19,58.0,30.0,32.5,34.5,27.0,35.5,41.5,39.0,33.0,331.0
2015-09-20,52.0,27.0,35.5,41.5,23.5,39.0,84.0,47.5,44.5,394.5
2015-09-21,61.0,30.0,32.5,33.0,41.0,27.0,39.0,30.0,27.0,320.5
2015-09-22,74.5,21.0,33.0,48.0,24.0,47.5,48.0,30.0,27.0,353.0
2015-09-23,43.5,33.0,24.0,51.0,33.0,33.0,39.0,39.0,33.0,328.5
2015-09-24,38.5,38.5,35.5,26.5,30.0,48.0,33.0,29.5,29.5,309.0
2015-09-25,87.0,32.5,54.0,24.0,23.0,27.0,59.5,40.5,39.0,386.5
2015-09-26,58.0,26.0,39.0,45.0,53.5,35.5,74.5,54.0,36.0,421.5
2015-09-27,55.0,25.5,45.0,39.0,30.0,42.0,55.5,50.5,39.0,381.5
2015-09-28,56.0,21.0,29.5,19.5,24.0,23.0,42.0,39.0,30.0,284.0
2015-09-29,81.5,50.5,47.5,27.0,33.0,20.5,32.5,31.5,30.0,354.0
2015-09-30,56.0,38.0,32.5,42.0,35.5,40.5,44.5,44.5,42.0,375.5
2015-10-01,56.0,26.5,23.5,27.0,23.5,69.0,34.5,33.0,30.0,323.0
2015-10-02,45.5,33.0,35.5,41.5,64.0,42.0,45.0,33.0,32.5,372.0
2015-10-03,100.5,26.0,30.0,33.0,30.0,33.0,44.5,41.5,37.5,376.0
2015-10-04,56.0,30.0,59.5,32.5,30.0,42.0,56.5,37.5,30.0,374.0
2016-03-02,19.0,36.0,24.0,39.0,23.5,37.5,60.0,39.0,30.0,308.0
2016-03-03,24.0,30.0,30.0,22.5,26.5,27.0,38.5,35.5,33.0,267.0
2016-03-04,25.0,21.0,30.0,24.0,23.5,33.0,32.5,32.5,26.5,248.0
2016-03-05,24.5,48.0,21.0,27.0,27.0,24.0,54.0,51.0,45.0,321.5
2016-03-06,24.5,24.0,36.0,30.0,24.0,47.5,30.0,30.0,29.5,275.5
2016-03-07,22.5,45.0,29.5,31.0,27.0,36.0,48.0,40.5,40.5,320.0
2016-03-08,28.0,51.0,27.0,24.0,36.0,27.0,47.5,33.0,33.0,306.5
2016-03-09,27.0,42.0,48.0,24.0,19.5,26.5,36.0,34.5,33.0,290.5
2016-03-10,28.0,27.0,30.0,24.0,27.0,48.0,29.5,29.0,27.0,269.5
2016-03-11,27.5,30.0,30.0,30.0,33.0,33.0,48.0,33.0,32.5,297.0
2016-03-12,32.5,30.0,36.0,32.5,27.0,33.0,41.5,37.0,36.0,305.5
2016-03-13,31.0,39.0,51.0,30.0,23.5,36.0,35.0,33.0,30.0,308.5
2016-03-14,32.5,30.0,33.0,30.0,42.0,47.5,37.0,33.0,30.0,315.0
2016-03-15,34.0,32.5,33.0,31.5,20.5,48.0,27.0,26.5,24.0,277.0
2016-03-16,41.5,27.0,33.0,29.0,45.0,23.5,37.5,36.0,32.5,305.0
2016-03-17,33.5,27.0,48.0,34.0,30.0,26.5,33.0,33.0,31.5,296.5
2016-03-18,42.0,42.0,42.0,30.0,33.0,30.0,41.5,34.5,32.5,327.5
2016-03-19,43.0,30.0,26.5,18.0,30.0,36.0,51.0,47.5,30.0,312.0
2016-03-20,37.5,27.0,42.0,39.0,23.5,48.0,45.0,45.0,38.5,345.5
2016-03-21,43.0,21.0,39.0,30.0,30.0,27.0,39.0,29.5,27.0,285.5
2016-03-22,34.0,39.0,27.0,27.0,38.5,27.0,50.5,41.5,30.0,314.5
2016-03-23,46.5,33.0,51.0,49.5,33.0,33.0,51.0,38.0,30.0,365.0
2016-03-24,46.5,33.0,33.0,27.0,26.5,33.0,47.5,44.5,44.5,335.5
2016-03-25,48.0,51.0,33.0,69.0,35.5,48.0,34.5,30.0,30.0,379.0
2016-03-26,48.0,36.0,24.0,24.0,39.0,43.0,51.0,38.5,36.0,339.5
2016-03-27,41.0,33.0,54.0,84.0,30.0,48.0,44.5,39.0,36.0,409.5
2016-03-28,39.5,27.0,39.0,51.0,27.0,42.0,52.0,48.0,37.5,363.0
2016-03-29,54.0,27.0,36.0,34.5,36.0,47.5,44.5,40.5,40.5,360.5
2016-03-30,51.5,33.0,39.0,33.0,35.5,32.0,37.5,36.0,29.5,327.0
2016-03-31,39.0,30.0,27.0,30.0,36.0,15.0,66.0,42.0,32.5,317.5
2016-04-01,39.5,24.0,26.5,33.0,30.0,27.0,37.0,36.0,27.0,280.0
2016-04-02,48.0,21.0,27.0,27.0,21.0,27.0,30.0,30.0,29.5,260.5
2016-04-04,54.5,29.0,27.0,35.5,47.0,32.5,39.0,34.5,29.5,328.5
2016-04-05,50.5,30.0,44.0,38.5,41.5,29.5,36.0,33.0,32.5,335.5
2016-04-06,42.5,35.0,35.5,54.0,47.5,30.0,57.0,36.0,33.0,370.5
2016-04-07,48.5,33.0,59.5,41.5,23.5,32.5,54.0,36.0,33.0,361.5
2016-04-08,39.0,23.5,35.5,40.5,51.0,29.5,43.0,42.0,40.5,344.5
2016-04-09,49.5,23.0,30.0,36.0,23.5,39.0,56.5,51.0,48.0,356.5
2016-04-10,49.0,27.0,33.0,28.0,23.5,39.0,42.0,30.0,28.5,300.0
2016-04-11,44.0,28.0,37.5,38.5,29.5,23.5,33.0,32.5,30.0,296.5
2016-04-12,50.0,47.5,23.5,33.0,51.0,39.0,39.0,38.5,33.0,354.5
2016-04-13,53.5,29.5,24.0,36.0,38.5,66.0,32.0,29.0,29.0,337.5
2016-04-14,90.0,30.0,30.0,26.5,21.0,42.0,45.0,33.0,30.0,347.5
2016-04-15,69.5,36.0,51.0,47.5,36.0,19.0,54.0,50.5,50.5,414.0
2016-04-16,52.5,29.5,33.0,26.5,32.5,33.0,40.5,38.5,36.0,322.0
2016-04-17,53.0,24.0,30.0,39.0,14.0,42.0,51.0,28.5,27.0,308.5
2016-04-18,59.0,26.0,30.0,25.5,26.5,41.5,33.0,26.5,26.5,294.5
2016-04-19,59.0,38.5,35.5,42.0,21.0,30.0,35.5,30.0,29.0,320.5
2016-04-20,54.0,33.0,32.5,24.0,32.5,34.5,46.5,30.0,27.0,314.0
2016-04-21,65.5,32.5,29.5,45.0,27.0,65.5,47.5,37.0,36.0,385.5
2016-04-22,47.0,42.0,43.5,33.0,36.0,48.0,54.0,45.0,30.0,378.5
2016-04-23,71.0,48.0,38.5,23.5,45.0,44.5,60.0,50.5,41.5,422.5
2016-04-24,44.0,49.0,56.5,39.0,34.5,32.5,44.0,37.5,34.0,371.0
2016-04-25,55.0,24.0,57.0,39.0,28.5,23.5,39.0,39.0,32.5,337.5
2016-04-26,72.5,33.0,41.5,42.0,39.0,41.5,69.0,38.5,36.0,413.0
2016-04-27,52.5,24.0,42.0,53.5,36.0,32.5,41.5,36.0,36.0,354.0
2016-04-28,56.5,26.5,27.0,21.0,43.0,47.5,32.0,30.0,30.0,313.5
2016-04-29,50.5,32.0,56.5,26.0,29.5,33.0,42.0,42.0,41.5,353.0
2016-04-30,53.0,18.0,34.5,34.0,32.0,36.0,48.0,39.0,33.0,327.5
2016-05-01,84.0,26.5,53.5,36.0,30.5,33.0,39.0,34.5,30.0,367.0
2016-05-02,49.0,27.0,30.0,23.0,33.0,27.0,46.5,44.5,29.5,309.5
2016-05-03,53.0,33.0,47.5,29.0,42.0,33.0,44.5,34.5,33.0,349.5
2016-05-04,61.0,48.0,48.0,48.0,42.0,33.0,38.5,36.0,36.0,390.5
2016-05-05,42.5,36.0,30.0,39.0,35.5,36.0,54.0,30.0,27.0,330.0
2016-05-06,55.0,27.0,30.0,57.0,33.0,45.0,30.0,29.5,29.5,336.0
2016-05-07,48.5,27.0,27.0,75.0,36.0,48.0,36.0,33.0,33.0,363.5
2016-05-08,56.5,44.5,33.0,37.5,56.5,25.0,42.0,39.0,33.0,367.0
2016-05-09,57.5,21.0,29.5,36.0,48.0,59.5,44.5,42.0,30.0,368.0
2016-05-10,46.5,38.5,48.0,27.0,35.5,42.0,68.5,41.5,39.0,386.5
2016-05-11,91.5,32.5,48.0,40.5,23.5,33.0,59.5,45.0,39.0,412.5
2016-05-12,80.5,27.0,24.0,29.5,29.5,35.5,57.0,37.5,35.5,356.0
2016-05-13,53.0,36.0,30.0,33.0,34.5,42.0,44.5,41.5,33.0,347.5
2016-05-14,57.5,36.0,36.0,54.0,30.0,23.0,47.5,46.5,41.5,372.0
2016-05-15,55.0,27.0,32.5,29.5,41.5,68.0,50.5,35.5,34.5,374.0
2016-05-16,37.0,35.0,36.0,36.0,24.0,38.5,51.0,39.0,38.5,335.0
2016-05-17,68.0,31.0,47.5,30.0,39.0,36.0,71.0,48.0,47.5,418.0
2016-05-18,58.5,39.0,30.0,30.0,30.0,26.0,57.0,51.0,36.0,357.5
2016-05-19,62.5,24.0,50.5,36.0,35.5,50.5,43.5,38.5,32.5,373.5
2016-05-20,46.5,30.0,48.0,30.0,33.0,33.0,36.0,32.5,30.0,319.0
2016-05-21,56.5,33.0,33.0,29.0,33.0,27.0,60.0,30.0,29.5,331.0
2016-05-22,58.5,39.0,30.0,26.5,18.0,38.5,45.0,36.0,31.5,323.0
2016-05-23,63.0,39.0,54.0,26.5,36.0,40.5,49.5,36.0,29.5,374.0
2016-05-24,59.0,26.5,34.0,33.0,32.5,23.5,45.0,39.0,33.0,325.5
2016-05-25,55.5,45.0,66.0,28.5,27.0,33.0,36.0,35.5,33.5,360.0
2016-05-26,58.0,32.5,29.5,20.5,32.5,26.5,41.5,30.0,27.0,298.0
2016-05-27,56.0,38.5,36.0,48.0,41.5,59.5,37.5,33.0,30.0,380.0
2016-05-28,56.0,53.5,51.0,50.0,40.0,35.5,40.5,38.5,35.5,400.5
2016-05-29,45.0,42.0,26.0,42.0,31.5,26.5,44.5,33.0,32.5,323.0
2016-05-30,65.0,27.0,32.0,36.0,32.5,32.5,44.5,39.0,36.0,344.5
2016-05-31,45.0,30.0,32.5,51.0,51.0,54.0,69.0,53.5,51.0,437.0
2016-06-01,65.5,36.0,39.0,29.0,57.0,22.5,54.0,48.0,38.0,389.0
2016-06-02,60.5,29.5,27.0,29.5,33.0,57.0,45.0,44.5,39.0,365.0
2016-06-03,51.5,41.5,27.0,27.0,63.0,42.0,36.0,33.0,30.0,351.0
2016-06-04,39.0,31.5,30.0,30.0,49.5,29.0,39.0,37.5,36.5,322.0
2016-06-05,68.5,32.5,45.0,39.0,51.0,55.5,50.5,35.5,33.0,410.5
2016-06-06,56.5,32.0,23.5,40.5,26.5,24.0,46.0,39.0,33.0,321.0
2016-06-07,52.0,24.0,50.5,31.5,41.5,39.0,47.5,42.0,39.0,367.0
2016-06-08,63.0,54.0,53.0,27.0,36.0,48.0,48.0,45.0,42.0,416.0
2016-06-09,38.5,18.0,29.5,47.5,14.5,29.0,30.0,27.0,26.5,260.5
2016-06-10,62.0,44.5,47.5,38.5,39.0,30.0,30.0,29.5,29.5,350.5
2016-06-11,55.0,26.5,33.0,39.0,48.0,45.0,63.0,43.5,41.5,394.5
2016-06-12,57.0,32.5,45.0,30.0,36.0,26.5,55.0,33.0,32.5,347.5
2016-06-13,57.5,32.5,39.0,36.0,36.0,36.0,44.5,34.0,33.0,348.5
2016-06-14,47.0,33.0,35.5,34.5,33.0,54.0,44.5,42.0,42.0,365.5
2016-06-15,60.0,42.0,44.0,44.5,27.0,37.5,36.0,36.0,33.0,360.0
2016-06-16,48.0,30.0,38.5,33.0,36.5,37.5,62.5,47.5,36.0,369.5
2016-06-17,56.0,35.5,33.0,36.0,30.0,48.0,78.0,62.5,48.0,427.0
2016-06-18,44.5,38.5,49.5,37.5,32.0,38.5,51.0,45.0,37.0,373.5
2016-06-19,64.0,48.0,36.0,45.0,33.0,30.0,58.5,46.5,38.5,399.5
2016-06-20,47.5,23.5,44.5,30.0,40.5,26.5,54.5,41.5,27.0,335.5
2016-06-21,68.0,53.5,27.0,30.0,48.0,42.0,54.0,44.0,39.0,405.5
2016-06-22,65.5,32.5,27.0,33.0,36.0,37.0,47.5,45.0,35.0,358.5
2016-06-23,33.5,27.0,30.0,33.0,44.5,29.5,41.5,30.0,29.0,298.0
2016-06-24,33.0,30.0,44.5,40.0,39.0,33.0,61.0,54.0,50.5,385.0
2016-06-25,62.0,48.0,36.0,48.0,42.0,36.0,47.5,37.5,35.5,392.5
2016-06-26,61.0,24.0,42.0,56.5,39.0,36.0,48.0,42.0,41.5,390.0
2016-06-27,46.5,26.5,58.5,38.0,36.0,87.0,46.5,41.5,36.0,416.5
2016-06-28,46.5,33.0,46.0,51.0,45.0,41.0,44.5,42.0,35.5,384.5
2016-06-29,58.0,57.0,36.0,46.5,27.0,37.5,38.5,36.0,33.0,369.5
2016-06-30,66.0,29.5,39.0,27.0,56.5,24.0,35.5,30.0,26.5,334.0
2016-07-01,57.0,27.0,40.0,26.5,44.5,30.0,53.5,37.0,36.0,351.5
2016-07-02,54.0,57.0,75.0,35.5,27.0,32.5,57.0,55.5,50.5,444.0
2016-07-03,56.0,51.0,43.5,35.0,60.0,63.0,42.0,32.5,32.0,415.0
2016-07-04,52.5,35.0,35.5,36.0,33.0,35.5,44.5,36.0,30.0,338.0
2016-07-05,52.5,26.5,50.5,39.0,44.5,51.0,53.5,40.5,30.0,388.0
2016-07-06,66.5,31.0,33.0,44.0,34.0,45.0,53.5,44.5,37.0,388.5
2016-07-07,52.0,33.0,38.5,33.0,54.0,23.5,44.0,31.5,29.5,339.0
2016-07-08,50.0,78.0,41.5,48.0,39.0,38.0,61.0,40.0,36.0,431.5
2016-07-09,53.0,36.0,39.0,41.5,30.0,32.5,44.5,32.5,30.0,339.0
2016-07-10,84.5,38.5,35.5,27.0,30.0,41.5,36.0,32.5,32.0,357.5
2016-07-15,52.5,36.0,40.5,59.5,23.5,29.5,51.0,39.0,34.0,365.5
2016-07-16,79.5,33.0,21.0,36.0,24.0,30.0,41.0,29.5,26.5,320.5
2016-07-17,63.5,27.0,30.0,37.5,27.0,42.0,50.5,42.0,38.5,358.0
2016-07-18,52.5,13.0,36.0,33.0,40.0,27.0,42.0,37.5,33.0,314.0
2016-07-19,50.5,44.5,29.5,39.0,33.0,30.0,57.0,37.5,27.0,348.0
2016-07-20,50.0,38.5,72.0,25.0,28.5,48.0,63.0,44.0,37.0,406.0
2016-07-21,58.5,17.5,26.5,33.0,27.0,53.5,39.0,36.0,33.0,324.0
2016-07-22,60.0,33.0,36.0,30.0,27.0,36.0,47.0,41.5,37.5,348.0
2016-07-23,46.0,50.5,33.0,30.0,67.5,33.0,56.5,51.0,42.0,409.5
2016-07-24,41.0,33.0,38.5,57.0,33.0,36.0,49.0,48.0,42.0,377.5
2016-07-25,47.0,32.5,36.0,43.5,30.0,54.0,47.5,32.5,28.5,351.5
2016-07-26,48.0,41.5,41.5,37.5,29.5,35.5,44.5,37.5,37.5,353.0
2016-07-27,54.0,27.0,55.5,27.0,30.0,30.0,50.5,50.5,41.5,366.0
2016-07-28,58.0,18.0,42.0,20.5,45.0,27.0,33.0,32.5,31.0,307.0
2016-07-29,43.5,26.5,27.0,48.0,35.0,33.0,41.5,36.0,36.0,326.5
2016-07-30,64.5,24.0,36.0,36.0,38.5,33.0,30.0,29.5,27.0,318.5
2016-07-31,46.0,44.5,54.0,48.0,35.5,26.0,51.0,29.5,29.5,364.0
2016-08-01,78.5,24.0,45.0,29.5,32.5,32.5,75.0,40.5,31.5,389.0
2016-08-02,50.0,29.0,39.0,30.0,35.5,51.0,52.0,46.0,45.0,377.5
2016-08-03,53.0,24.0,48.0,47.5,30.0,44.5,48.0,46.5,38.5,380.0
2016-08-04,42.5,20.5,27.0,34.5,30.0,21.0,45.0,33.0,27.0,280.5
2016-08-05,68.5,36.0,30.0,42.0,45.0,23.5,42.0,41.5,30.0,358.5
2016-08-06,49.5,42.0,45.0,41.5,26.5,41.5,73.5,51.0,48.0,418.5
2016-08-07,49.0,24.0,36.0,24.0,26.5,75.0,51.0,37.0,33.0,355.5
2016-08-08,49.5,36.0,32.5,32.5,49.0,39.0,41.0,28.5,26.5,334.5
2016-08-09,46.0,26.5,32.5,32.5,39.0,35.5,43.5,33.0,29.5,318.0
2016-08-10,47.0,24.0,48.0,36.0,38.5,22.5,41.5,33.0,30.0,320.5
2016-08-11,52.0,39.0,51.0,41.5,36.0,26.5,45.0,42.0,38.0,371.0
2016-08-12,56.5,54.0,54.0,53.5,24.0,64.0,66.0,56.5,42.0,470.5
2016-08-13,49.5,30.0,48.0,42.0,36.0,35.0,37.0,36.0,34.5,348.0
2016-08-14,68.5,33.0,33.0,33.0,32.5,30.0,84.0,62.5,54.0,430.5
2016-08-15,57.5,30.0,33.0,29.5,21.5,36.0,54.0,37.5,34.5,333.5
2016-08-16,47.0,51.0,33.0,53.5,36.0,45.0,51.0,47.5,44.5,408.5
2016-08-17,54.0,35.5,53.5,28.5,29.5,29.5,71.5,56.5,39.0,397.5
2016-08-18,55.5,30.0,41.5,32.5,53.5,69.0,38.0,36.0,30.0,386.0
2016-08-19,57.5,43.0,38.5,63.0,32.5,47.5,42.0,42.0,39.0,405.0
2016-08-20,63.5,42.0,33.0,39.0,33.0,35.5,51.0,51.0,44.5,392.5
2016-08-21,48.5,20.5,27.0,36.0,42.0,60.0,53.5,40.5,38.5,366.5
2016-08-22,56.5,48.0,77.5,41.5,44.5,36.0,33.0,32.5,29.5,399.0
2016-08-23,52.0,24.0,33.0,34.5,30.0,33.0,51.0,41.0,36.0,334.5
2016-08-24,51.5,35.5,42.5,39.0,26.5,42.0,45.0,39.0,38.5,359.5
2016-08-25,60.5,42.0,18.0,33.0,33.0,27.0,44.5,41.5,33.0,332.5
2016-08-26,63.5,45.0,41.5,33.0,45.0,51.0,37.5,35.5,33.0,385.0
2016-08-27,68.0,44.5,45.0,48.5,36.0,48.0,54.0,50.5,42.0,436.5
2016-08-28,52.0,30.0,39.0,51.0,30.0,69.0,39.0,34.5,33.0,377.5
2016-08-29,51.0,23.5,36.0,34.0,27.0,33.0,39.0,35.5,33.0,312.0
2016-08-30,56.5,27.0,45.0,32.5,29.5,38.5,45.0,39.0,35.0,348.0
2016-08-31,62.5,27.0,35.5,53.5,24.0,36.0,45.0,43.0,36.0,362.5
2016-09-02,59.0,39.0,39.0,33.0,26.5,48.0,38.0,33.0,32.5,348.0
2016-09-03,48.0,26.0,39.0,41.5,27.0,51.0,48.0,45.0,39.0,364.5
2016-09-04,43.0,30.0,59.5,36.0,26.5,35.5,48.0,41.5,39.0,359.0
2016-09-05,63.5,21.0,48.0,65.0,39.0,32.5,41.5,39.0,36.0,385.5
2016-09-06,39.5,48.0,45.0,31.5,47.5,50.5,50.5,38.5,29.5,380.5
2016-09-07,47.5,23.5,54.0,20.5,32.5,43.0,39.0,35.5,33.0,328.5
2016-09-08,48.5,45.0,36.0,41.0,33.0,32.5,48.0,44.5,30.0,358.5
2016-09-09,67.5,29.0,45.0,30.0,23.5,26.0,45.0,39.0,34.0,339.0
2016-09-10,57.0,56.5,35.5,21.0,27.0,36.0,48.0,44.5,42.0,367.5
2016-09-11,55.5,29.5,53.5,27.0,42.0,26.5,52.5,36.0,33.0,355.5
2016-09-12,51.5,30.0,33.0,39.0,26.5,27.0,51.0,41.5,39.0,338.5
2016-09-13,75.0,23.5,37.5,48.0,45.0,24.0,36.0,36.0,33.0,358.0
2016-09-14,53.5,27.0,44.0,56.5,32.5,27.0,38.5,36.0,35.5,350.5
2016-09-15,52.5,42.0,27.0,29.5,35.5,39.0,51.0,36.0,27.0,339.5
2016-09-16,60.5,38.5,44.5,34.5,27.0,33.0,59.5,50.5,30.0,378.0
2016-09-17,89.5,51.0,32.5,30.0,45.0,39.0,55.0,53.5,41.0,436.5
2016-09-18,44.5,21.0,39.0,26.5,37.5,30.0,54.0,50.5,48.0,351.0
2016-09-19,53.5,21.0,42.0,24.5,30.0,21.0,29.5,27.0,27.0,275.5
2016-09-20,66.0,32.5,33.0,29.5,36.0,38.5,50.5,32.5,30.0,348.5
2016-09-21,43.5,60.0,45.0,35.5,24.0,39.0,44.5,30.0,27.0,348.5
2016-09-22,53.5,60.0,39.0,33.0,32.0,36.0,45.0,33.0,27.0,358.5
2016-09-23,55.5,27.0,36.0,24.0,29.5,42.0,39.0,36.0,33.0,322.0
2016-09-24,60.0,27.0,33.0,40.5,48.0,34.5,51.0,36.0,35.5,365.5
2016-09-25,62.0,30.0,37.0,33.5,39.0,30.0,44.5,42.0,39.0,357.0
2016-09-26,37.0,29.5,33.0,57.0,20.5,30.0,63.0,45.0,41.0,356.0
2016-09-27,64.0,35.5,48.0,33.0,42.0,42.0,57.0,41.5,36.0,399.0
2016-09-28,56.0,24.0,57.0,32.5,43.5,29.0,42.0,39.0,35.0,358.0
2016-09-29,50.5,29.5,26.0,23.5,26.5,21.0,33.0,29.5,28.5,268.0
2016-09-30,56.5,20.5,51.0,54.0,41.5,32.5,36.0,36.0,33.0,361.0
2016-10-01,52.0,24.0,33.5,37.5,28.5,37.5,37.5,35.5,32.0,318.0
2016-10-02,62.5,48.0,36.0,25.5,40.5,32.5,38.5,35.5,32.0,351.0
