Date,G1,G2,G3,F1,F2,F3,C,U1,U2,Total
2010-10-27,39.0,37.5,37.5,45.0,40.0,40.0,38.5,36.0,36.0,349.5
2010-10-29,41.5,41.5,39.0,39.0,39.0,37.0,35.0,35.0,35.0,342.0
2010-10-30,41.0,41.0,39.0,39.0,35.5,35.5,33.0,36.5,36.5,337.0
2010-11-02,41.0,30.5,30.5,34.5,30.5,30.5,34.5,30.5,30.5,293.0
2010-11-03,46.5,46.5,44.0,42.0,42.0,40.0,39.0,40.0,39.0,379.0
2010-11-05,43.5,43.5,35.5,35.5,35.0,35.0,40.0,40.0,35.5,343.5
2010-11-06,37.5,37.0,37.0,37.0,37.0,36.0,31.0,37.0,37.0,326.5
2010-11-07,38.0,38.0,34.5,44.5,32.5,32.5,44.5,41.0,41.0,346.5
2010-11-08,35.0,35.0,33.5,42.5,35.0,35.0,34.5,35.0,33.0,318.5
2010-11-09,34.0,34.0,34.0,46.5,46.5,45.5,29.5,43.5,43.5,357.0
2010-11-10,47.0,39.5,39.5,40.5,37.5,37.5,29.5,39.5,37.5,348.0
2010-11-12,43.5,42.5,42.5,59.5,59.5,40.0,31.0,38.5,38.5,395.5
2010-11-13,34.0,33.5,33.5,31.0,31.0,29.5,44.0,44.0,31.5,312.0
2010-11-14,40.5,40.5,40.5,41.0,34.5,33.0,41.0,40.5,37.5,349.0
2010-11-15,40.5,40.5,40.5,37.5,37.5,37.5,32.0,34.5,31.0,331.5
2010-11-16,36.5,36.5,36.5,33.5,32.5,31.0,33.0,36.5,36.5,312.5
2010-11-17,37.0,37.0,32.0,39.5,39.5,39.0,34.0,39.0,39.0,336.0
2010-11-19,46.5,46.5,39.5,41.0,39.0,39.0,46.5,36.5,36.5,371.0
2010-11-20,44.0,31.5,31.5,54.0,54.0,42.5,46.0,46.0,42.5,392.0
2010-11-22,32.5,32.5,32.5,40.0,40.0,40.0,43.5,43.5,40.0,344.5
2010-11-23,38.0,35.0,35.0,45.5,45.5,31.0,43.5,36.5,33.0,343.0
2010-11-24,45.0,45.0,38.0,47.5,47.5,39.5,36.5,39.5,38.5,377.0
2010-11-26,46.5,46.5,37.0,38.0,38.0,35.0,47.0,37.0,37.0,362.0
2010-11-27,41.0,39.5,39.5,41.5,41.5,31.5,36.5,36.5,36.0,343.5
2010-11-28,47.0,47.0,36.5,46.5,46.5,45.0,36.0,45.0,38.0,387.5
2010-11-30,36.5,36.0,36.0,43.5,43.5,37.5,34.5,37.5,36.5,341.5
2010-12-01,52.5,52.5,40.5,43.0,43.0,37.5,33.5,40.5,40.5,383.5
2010-12-03,39.0,37.5,37.5,41.5,41.5,39.5,34.5,39.5,39.0,349.5
2010-12-04,47.5,47.5,37.5,44.0,44.0,31.5,46.0,37.5,32.0,367.5
2010-12-05,36.0,35.5,34.5,42.5,42.5,38.5,33.0,34.5,34.5,331.5
2010-12-06,36.0,36.0,32.0,44.0,44.0,36.5,28.0,36.0,33.0,325.5
2010-12-07,39.0,36.5,35.5,43.0,40.5,37.5,43.0,35.0,34.5,344.5
2010-12-08,37.0,37.0,32.0,43.0,43.0,43.0,44.0,40.5,40.5,360.0
2010-12-10,38.0,38.0,34.0,42.0,42.0,39.5,49.0,38.0,38.0,358.5
2010-12-11,38.5,38.5,34.5,42.5,42.5,36.0,40.0,39.0,39.0,350.5
2010-12-12,35.5,35.5,33.5,44.0,44.0,38.0,31.5,38.0,38.0,338.0
2010-12-13,38.5,38.5,38.5,43.5,40.0,34.5,35.5,34.5,34.5,338.0
2010-12-14,33.5,29.5,27.0,36.5,36.5,36.5,32.0,35.0,33.0,299.5
2010-12-15,32.0,32.0,32.0,43.0,41.0,41.0,33.0,39.0,39.0,332.0
2010-12-17,37.5,35.5,35.5,47.0,47.0,45.0,37.5,40.0,38.5,363.5
2010-12-18,38.5,38.5,38.5,52.0,52.0,41.5,43.5,43.5,38.5,386.5
2010-12-19,34.0,34.0,33.0,45.5,40.5,40.5,32.0,34.5,33.5,327.5
2010-12-20,40.5,39.0,32.0,47.5,41.5,41.5,36.5,36.5,35.5,350.5
2010-12-21,39.0,35.5,35.5,33.0,33.0,32.5,47.0,47.0,32.5,335.0
2010-12-22,32.5,32.5,31.5,40.5,40.5,38.0,33.0,38.0,37.0,323.5
2010-12-25,39.0,36.0,36.0,47.5,47.5,43.5,23.5,43.5,38.0,354.5
2010-12-26,37.0,37.0,36.5,40.5,37.5,34.5,28.5,36.0,34.5,322.0
2010-12-27,40.0,40.0,34.0,36.5,35.5,35.5,35.5,35.5,35.5,328.0
2010-12-28,41.0,41.0,37.0,42.0,32.0,32.0,25.0,37.0,34.0,321.0
2010-12-29,38.5,38.5,38.0,49.0,38.0,38.0,39.0,39.0,39.0,357.0
2010-12-31,40.5,40.5,36.0,33.0,33.0,32.5,31.5,36.0,32.0,315.0
2011-01-01,34.0,34.0,33.0,36.5,35.5,35.5,29.5,34.5,33.0,305.5
2011-01-02,34.0,33.5,32.0,41.5,41.5,38.5,32.5,35.0,34.0,322.5
2011-01-03,38.0,38.0,30.0,41.0,41.0,39.0,37.0,39.0,39.0,342.0
2011-01-04,39.0,36.5,31.0,40.5,36.5,36.5,33.0,36.5,33.0,322.5
2011-01-05,49.5,49.5,38.0,45.5,45.5,41.5,40.0,41.5,38.0,389.0
2011-01-07,40.5,40.5,37.0,43.5,43.5,40.5,43.0,39.0,39.0,366.5
2011-01-08,34.5,34.5,31.5,40.0,39.0,39.0,36.5,38.5,37.5,331.0
2011-01-09,39.5,38.0,38.0,52.0,52.0,46.0,36.5,40.5,36.5,379.0
2011-01-11,37.5,35.0,34.0,40.0,40.0,33.0,33.0,34.0,33.0,319.5
2011-01-12,39.0,38.5,38.5,44.5,39.0,39.0,44.5,44.5,37.5,365.0
2011-01-14,39.0,39.0,37.0,40.5,40.5,38.0,36.0,38.0,37.5,345.5
2011-01-15,43.5,39.0,38.0,38.5,34.0,31.0,38.5,38.5,38.0,339.0
2011-01-17,42.0,42.0,41.5,51.0,51.0,46.0,38.0,44.0,41.5,397.0
2011-01-19,38.0,33.0,33.0,45.0,35.5,35.5,27.5,35.5,33.0,316.0
2011-01-21,34.0,33.0,32.5,44.5,44.5,43.0,44.0,44.0,36.0,355.5
2011-01-22,38.5,36.0,36.0,48.0,48.0,46.5,36.5,46.5,42.5,378.5
2011-01-24,33.5,33.5,31.5,40.5,40.5,37.5,36.0,37.0,37.0,327.0
2011-01-25,29.0,29.0,27.5,36.0,32.5,30.0,31.0,30.0,28.0,273.0
2011-01-26,43.0,39.5,39.5,58.0,58.0,49.0,35.0,49.0,39.5,410.5
2011-01-28,52.5,52.5,40.0,46.5,46.5,37.5,51.5,51.5,40.0,418.5
2011-01-29,35.0,35.0,30.5,41.5,33.5,33.5,40.0,38.5,33.5,321.0
2011-01-30,35.5,35.5,35.0,40.0,40.0,37.0,41.0,41.0,37.0,342.0
2011-01-31,37.0,37.0,35.0,41.5,41.5,36.0,34.0,36.0,36.0,334.0
2011-02-02,40.5,40.5,37.5,49.0,49.0,46.0,33.5,46.0,37.5,379.5
2011-02-04,38.5,38.5,38.5,46.5,41.0,38.5,35.0,38.5,38.5,353.5
2011-02-05,39.5,39.5,37.5,42.5,41.0,39.0,39.0,37.5,36.5,352.0
2011-02-07,39.5,39.0,35.5,49.0,49.0,49.0,33.5,39.5,39.0,373.0
2011-02-08,36.5,36.5,30.0,54.0,54.0,40.5,39.5,39.5,39.5,370.0
2011-02-09,42.5,37.0,36.5,45.5,36.5,35.0,39.5,39.5,36.0,348.0
2011-02-11,40.0,40.0,40.0,41.5,39.5,39.5,37.5,39.5,37.5,355.0
2011-02-12,33.0,32.0,30.5,37.0,37.0,33.0,27.5,33.0,33.0,296.0
2011-02-13,37.5,36.5,35.5,42.0,33.5,32.5,40.0,40.0,33.0,330.5
2011-02-14,34.5,30.5,28.0,39.0,32.5,32.5,30.0,31.5,31.5,290.0
2011-02-15,47.0,47.0,34.0,38.5,36.0,32.0,37.5,32.0,30.5,334.5
2011-02-16,40.0,39.0,37.0,43.5,43.5,43.5,43.0,43.0,38.5,371.0
2011-02-22,37.0,37.0,35.0,40.0,40.0,40.0,30.0,40.0,38.5,337.5
2011-02-23,43.5,43.5,34.0,42.0,34.0,33.5,42.0,42.0,34.5,349.0
2011-02-25,38.5,38.5,36.0,45.0,45.0,39.5,50.5,50.5,40.0,383.5
2011-02-26,33.0,33.0,33.0,37.0,31.5,31.0,32.5,33.0,33.0,297.0
2011-02-27,41.5,38.5,38.5,50.5,50.5,41.0,31.0,40.0,39.0,370.5
2011-02-28,32.5,32.5,32.5,35.5,35.5,34.0,42.5,39.5,39.5,324.0
2011-03-01,41.0,38.5,34.0,34.5,28.0,27.0,41.5,41.5,33.5,319.5
2011-03-02,38.0,36.5,36.5,40.0,40.0,36.5,42.5,42.5,36.5,349.0
2011-03-04,42.5,40.0,38.0,45.0,45.0,39.5,32.0,39.5,38.0,359.5
2011-03-05,39.5,39.5,39.5,37.5,37.5,35.5,50.0,43.0,41.0,363.0
2011-03-06,36.0,35.5,35.5,33.5,33.5,32.0,29.0,32.0,32.0,299.0
2011-03-07,31.5,31.5,29.0,41.5,41.5,33.0,41.5,33.0,33.0,315.5
2011-03-08,38.5,38.5,36.5,43.5,43.5,34.5,35.5,35.5,35.5,341.5
2011-03-09,36.5,36.5,31.0,44.0,44.0,34.0,35.0,34.5,34.0,329.5
2011-03-11,52.5,35.5,35.5,34.5,34.0,34.0,37.5,37.5,34.0,335.0
2011-03-12,51.5,51.5,39.5,37.5,37.5,34.5,46.0,39.5,34.0,371.5
2011-03-13,34.5,28.5,28.5,28.0,28.0,24.5,38.0,38.0,25.5,273.5
2011-03-14,42.0,42.0,37.5,36.0,36.0,36.0,47.0,37.5,36.0,350.0
2011-03-16,38.5,35.5,35.0,40.5,40.5,36.0,47.5,47.5,37.0,358.0
2011-03-18,35.0,33.0,32.5,40.0,37.5,35.0,40.0,40.0,35.0,328.0
2011-03-19,39.0,28.5,28.5,35.5,35.5,34.5,21.0,34.5,34.0,291.0
2011-03-20,46.5,38.5,36.5,44.0,36.5,33.5,39.5,37.0,34.5,346.5
2011-03-21,29.5,29.5,29.0,34.5,34.5,33.5,48.5,48.5,29.0,316.5
2011-03-23,40.0,38.0,38.0,53.0,53.0,43.5,39.0,39.5,38.5,382.5
2011-03-25,55.5,55.5,39.0,38.0,38.0,37.5,42.5,37.5,37.5,381.0
2011-03-26,40.5,40.5,27.0,38.5,38.5,32.5,33.0,33.0,32.5,316.0
2011-03-27,48.5,39.0,39.0,48.0,41.0,41.0,42.0,39.0,38.0,375.5
2011-03-28,34.0,32.0,29.5,40.0,40.0,40.0,39.5,39.5,30.5,325.0
2011-03-30,36.0,36.0,35.5,44.5,44.5,44.5,31.5,42.5,42.5,357.5
2011-04-01,39.5,39.5,32.5,50.5,39.5,39.5,38.0,38.5,38.0,355.5
2011-04-02,41.0,41.0,32.0,38.0,38.0,35.0,25.0,31.5,31.5,313.0
2011-04-03,32.0,31.0,29.0,42.0,41.5,41.5,30.5,37.0,32.5,317.0
2011-04-05,42.0,42.0,42.0,46.0,37.0,34.5,38.5,41.5,39.5,363.0
2011-04-06,41.0,41.0,34.0,46.0,46.0,42.5,37.0,41.0,41.0,369.5
2011-04-08,36.5,36.5,31.5,43.0,37.5,37.5,36.0,37.5,36.5,332.5
2011-04-09,42.5,32.0,32.0,39.5,31.0,27.0,30.0,30.0,28.0,292.0
2011-04-10,34.0,34.0,34.0,39.5,39.5,39.5,38.0,38.0,34.0,330.5
2011-04-11,36.5,36.5,35.5,41.5,41.5,36.5,34.5,36.5,36.5,335.5
2011-04-13,41.0,41.0,37.0,45.0,45.0,37.5,35.5,37.0,35.5,354.5
2011-12-20,28.5,28.0,25.5,42.0,36.0,28.0,28.0,28.0,24.5,268.5
2011-12-21,24.5,24.5,23.5,37.0,37.0,35.5,34.0,35.5,34.0,285.5
2011-12-25,43.5,43.5,32.0,44.5,44.5,37.0,26.0,37.0,34.0,342.0
2011-12-26,37.5,34.5,34.5,35.5,33.0,33.0,35.0,34.5,33.0,310.5
2011-12-27,33.5,33.5,32.0,41.0,41.0,31.5,24.5,32.0,31.5,300.5
2011-12-28,30.0,27.5,26.0,41.0,41.0,37.5,27.0,37.5,34.0,301.5
2011-12-29,32.5,31.0,29.0,40.5,40.5,33.5,45.0,45.0,33.5,330.5
2011-12-30,45.0,45.0,34.0,48.0,48.0,42.0,47.0,47.0,42.0,398.0
2011-12-31,31.5,31.5,27.0,31.0,27.5,27.5,37.5,37.5,30.5,281.5
2012-01-01,40.0,40.0,33.0,41.0,41.0,30.0,33.0,33.0,33.0,324.0
2012-01-02,39.5,31.0,31.0,42.5,42.5,38.0,32.5,38.0,32.5,327.5
2012-01-03,40.5,40.5,39.0,33.0,30.0,28.5,39.5,39.5,34.0,324.5
2012-01-04,38.0,38.0,31.5,46.5,46.5,36.5,44.5,44.5,36.5,362.5
2012-01-06,36.0,36.0,35.5,37.5,37.5,37.5,40.5,40.5,35.5,336.5
2012-01-07,30.5,30.0,30.0,38.0,36.5,36.5,29.5,33.5,32.5,297.0
2012-01-08,31.0,30.0,29.0,37.5,37.5,35.0,28.0,35.0,31.5,294.5
2012-01-09,28.0,27.5,27.5,33.5,33.5,30.5,35.5,30.5,29.5,276.0
2012-01-10,43.0,43.0,41.0,37.5,37.5,37.5,39.5,41.0,35.0,355.0
2012-01-11,40.5,40.5,40.0,40.0,40.0,36.0,34.0,40.0,36.0,347.0
2012-01-12,36.5,36.5,31.0,40.5,36.0,27.0,61.0,61.0,44.0,373.5
2012-01-13,43.0,43.0,38.5,39.5,39.5,37.5,37.5,38.5,37.5,354.5
2012-01-14,42.0,42.0,40.5,40.0,40.0,38.5,44.0,44.0,36.5,367.5
2012-01-16,43.5,35.0,35.0,39.5,39.5,38.5,33.5,35.0,35.0,334.5
2012-01-17,34.5,28.0,27.5,39.5,39.5,38.0,44.0,44.0,38.0,333.0
2012-01-18,42.0,36.5,36.5,37.0,36.5,36.5,47.5,47.5,37.0,357.0
2012-01-20,37.0,36.0,31.5,51.5,51.5,36.5,40.5,40.5,32.5,357.5
2012-01-21,35.0,35.0,30.5,39.0,39.0,38.5,39.5,39.5,35.0,331.0
2012-01-22,36.5,34.0,34.0,43.5,43.5,37.5,32.5,37.5,34.0,333.0
2012-01-23,36.5,34.5,34.0,41.0,41.0,36.5,37.5,33.0,33.0,327.0
2012-01-24,33.0,33.0,25.5,32.0,32.0,28.5,36.5,35.0,32.0,287.5
2012-01-25,41.5,40.0,40.0,40.0,40.0,37.5,30.0,34.0,34.0,337.0
2012-01-27,42.0,42.0,35.5,43.0,43.0,41.0,40.5,41.0,40.5,368.5
2012-01-28,40.0,37.5,36.0,32.5,29.0,29.0,34.5,36.0,34.5,309.0
2012-01-29,45.5,45.5,35.5,41.5,41.5,40.0,33.5,40.0,35.5,358.5
2012-01-30,37.0,37.0,33.5,44.0,44.0,35.5,30.0,35.5,33.5,330.0
2012-01-31,38.5,31.0,31.0,38.0,36.0,33.0,33.0,33.0,32.5,306.0
2012-02-01,45.0,45.0,39.5,44.0,44.0,40.5,40.0,40.5,40.0,378.5
2012-02-02,42.0,42.0,41.0,41.5,37.0,37.0,25.0,33.5,32.0,331.0
2012-02-03,44.0,36.0,30.5,44.0,44.0,36.5,39.0,39.0,36.5,349.5
2012-02-04,44.0,44.0,43.0,39.0,37.5,37.5,38.0,43.0,36.5,362.5
2012-02-06,39.5,39.5,36.0,41.5,36.5,36.5,43.5,43.0,43.0,359.0
2012-02-07,45.0,45.0,31.5,44.0,44.0,40.0,31.0,29.5,29.5,339.5
2012-02-08,36.0,36.0,35.0,43.0,35.5,35.0,50.5,50.5,35.5,357.0
2012-02-10,36.5,36.5,35.5,43.5,42.0,35.0,33.5,35.5,35.0,333.0
2012-02-11,34.5,34.5,32.5,45.5,45.5,39.0,32.0,39.0,34.5,337.0
2012-02-12,49.0,49.0,37.5,36.0,36.0,34.5,38.5,37.5,30.5,348.5
2012-02-13,26.5,26.5,25.5,38.5,36.5,36.5,38.0,34.0,34.0,296.0
2012-02-14,37.5,34.0,32.5,36.0,36.0,35.0,42.5,35.0,35.0,323.5
2012-02-15,40.0,40.0,39.5,53.0,44.0,44.0,32.5,39.5,38.0,370.5
2012-02-17,44.0,44.0,36.0,43.0,43.0,36.0,44.0,42.0,42.0,374.0
2012-02-19,43.5,43.5,42.5,50.0,50.0,49.5,33.5,42.5,39.5,394.5
2012-02-20,37.5,37.5,35.5,40.0,40.0,36.5,41.0,41.0,36.5,345.5
2012-02-21,40.5,40.5,34.0,38.0,35.5,32.5,38.0,38.0,37.5,334.5
2012-02-22,39.5,35.5,35.5,39.0,39.0,37.0,40.5,40.5,38.5,345.0
2012-02-28,37.0,37.0,31.5,32.5,32.5,30.5,38.5,37.5,33.5,310.5
2012-02-29,34.5,34.5,33.5,35.5,35.5,33.0,36.5,35.5,35.5,314.0
2012-03-02,40.0,37.5,37.5,47.0,47.0,42.5,34.5,38.0,37.5,361.5
2012-03-03,29.5,27.5,26.0,48.0,48.0,41.0,38.0,41.0,40.0,339.0
2012-03-04,52.5,52.5,51.0,44.0,44.0,37.0,32.5,51.0,38.0,402.5
2012-03-05,36.0,36.0,35.5,48.5,48.5,35.0,43.0,43.0,35.0,360.5
2012-03-06,26.5,26.5,26.0,33.5,33.0,30.0,41.0,41.0,30.5,288.0
2012-03-07,40.0,40.0,40.0,41.5,41.5,40.0,36.0,40.0,40.0,359.0
2012-03-09,46.0,46.0,35.5,35.0,32.5,32.5,34.5,33.5,33.5,329.0
2012-03-10,36.0,31.5,31.5,39.5,39.5,39.0,29.5,39.0,33.5,319.0
2012-03-11,34.0,34.0,34.0,39.5,36.0,36.0,44.0,44.0,37.0,338.5
2012-03-12,41.5,34.0,34.0,46.5,33.0,31.0,39.0,34.5,34.5,328.0
2012-03-13,36.5,36.5,35.5,48.5,38.0,38.0,48.5,48.5,45.0,375.0
2012-03-14,37.0,37.0,36.0,42.0,38.0,37.5,43.5,43.5,38.5,353.0
2012-03-15,38.0,33.5,28.0,37.5,36.0,36.0,27.0,30.0,30.0,296.0
2012-03-16,39.5,37.5,37.0,40.5,39.0,39.0,30.5,37.5,37.5,338.0
2012-03-17,32.0,31.5,31.5,37.0,31.5,29.0,33.0,33.0,31.5,290.0
2012-03-18,44.0,44.0,32.5,38.0,35.0,35.0,37.0,37.0,33.0,335.5
2012-03-19,29.5,29.0,29.0,45.5,45.5,42.5,31.0,42.5,38.5,333.0
2012-03-20,38.5,34.0,28.5,32.0,31.5,31.5,29.5,30.5,30.5,286.5
2012-03-21,42.5,38.5,36.0,47.5,37.5,36.5,39.5,39.5,36.5,354.0
2012-03-22,29.0,29.0,27.5,34.0,33.0,31.5,39.0,31.5,31.0,285.5
2012-03-23,47.0,42.0,42.0,54.5,54.5,53.0,31.5,53.0,41.5,419.0
2012-03-24,31.5,30.0,30.0,39.0,35.5,35.0,46.5,35.0,34.0,316.5
2012-03-25,36.0,36.0,33.0,53.0,53.0,40.5,44.5,40.5,38.5,375.0
2012-03-26,36.5,36.5,33.0,43.5,43.5,35.0,45.0,33.5,33.5,340.0
2012-03-27,37.0,37.0,35.5,48.5,40.0,40.0,34.0,37.0,35.5,344.5
2012-03-28,36.5,36.0,36.0,53.0,53.0,41.0,33.5,41.0,35.0,365.0
2012-03-30,37.5,37.5,35.0,46.5,46.5,39.5,41.0,40.5,39.5,363.5
2012-03-31,36.5,36.5,30.5,39.0,38.0,37.0,31.5,31.5,31.5,312.0
2012-04-01,39.0,39.0,36.0,39.5,37.0,37.0,26.5,36.0,35.5,325.5
2012-04-02,36.5,29.0,28.5,37.5,34.0,34.0,26.0,31.0,30.5,287.0
2012-04-03,33.0,33.0,31.0,44.0,44.0,40.5,46.5,40.5,37.5,350.0
2012-04-04,35.5,35.5,34.5,46.5,46.5,39.0,37.5,39.0,37.5,351.5
2012-04-06,37.5,37.0,37.0,41.5,41.5,37.0,41.0,41.0,40.5,354.0
2012-04-07,40.5,40.5,27.0,40.5,40.5,40.0,44.0,44.0,40.0,357.0
2012-04-08,32.5,29.5,29.5,42.5,42.5,32.0,32.0,31.0,30.5,302.0
2012-04-09,30.0,29.0,29.0,42.0,35.0,33.5,28.5,33.5,32.5,293.0
2012-04-10,32.0,32.0,32.0,39.0,39.0,38.0,47.5,32.0,30.0,321.5
2012-04-11,45.5,45.5,38.5,37.0,37.0,35.5,47.5,47.5,38.5,372.5
2012-04-12,35.5,34.5,27.5,36.0,36.0,34.5,37.0,33.0,33.0,307.0
2012-04-13,31.0,29.0,28.5,33.5,33.0,31.5,39.5,39.5,34.5,300.0
2012-04-14,42.0,42.0,34.5,38.0,38.0,35.0,34.0,34.0,34.0,331.5
2012-04-15,35.0,35.0,30.5,43.5,43.5,35.0,38.5,35.0,35.0,331.0
2012-04-16,35.0,34.5,31.0,41.0,41.0,38.5,52.5,38.5,38.5,350.5
2012-04-17,37.0,37.0,33.0,49.5,49.5,34.5,31.5,34.5,33.5,340.0
2012-04-18,41.0,38.0,38.0,42.5,40.5,40.5,31.5,38.5,38.5,349.0
2012-04-19,30.5,29.5,29.0,38.5,37.5,37.5,28.5,29.0,27.5,287.5
2012-04-20,36.0,36.0,31.0,43.0,43.0,32.0,24.5,31.0,30.5,307.0
2012-04-21,38.5,35.0,33.5,39.0,39.0,35.5,33.5,33.0,32.0,319.0
2012-04-22,46.5,46.5,32.0,43.0,43.0,41.0,36.5,38.0,36.5,363.0
2012-04-23,36.0,32.5,30.0,36.5,33.0,27.5,26.5,27.0,26.5,275.5
2012-04-24,38.0,38.0,30.0,42.0,36.5,36.5,37.0,33.0,32.5,323.5
2012-04-25,43.0,41.5,41.5,39.5,39.5,33.5,27.5,40.0,32.0,338.0
2012-04-26,45.0,39.0,39.0,33.5,33.0,31.0,39.5,39.0,33.0,332.0
2012-10-10,22.0,19.5,19.5,21.0,20.5,20.5,24.0,23.0,23.0,193.0
2012-10-12,23.5,23.5,20.0,29.0,27.0,27.0,25.5,25.5,25.5,226.5
2012-10-13,25.0,25.0,22.0,27.5,25.0,24.5,30.0,28.5,27.5,235.0
2012-10-15,26.5,24.5,24.5,30.0,25.0,24.5,27.0,24.5,24.5,231.0
2012-10-16,36.5,30.0,30.0,31.5,28.5,28.5,29.5,27.5,27.5,269.5
2012-10-17,25.0,25.0,22.0,31.5,31.5,28.0,28.0,28.0,26.5,245.5
2012-10-19,27.5,27.5,26.5,33.5,29.0,29.0,27.5,29.0,28.5,258.0
2012-10-20,30.0,27.5,27.5,32.5,31.5,27.5,22.0,25.5,25.0,249.0
2012-10-22,33.5,28.5,26.0,31.0,31.0,29.0,30.0,27.0,25.5,261.5
2012-10-24,40.5,24.0,24.0,30.0,30.0,26.0,28.5,26.0,25.0,254.0
2012-10-26,32.0,27.5,25.5,38.0,34.5,34.5,30.0,32.5,31.0,285.5
2012-10-31,50.5,50.5,50.5,33.5,33.5,31.5,42.5,42.5,36.5,371.5
2012-11-02,38.5,38.5,37.5,40.5,40.5,37.5,33.0,37.5,37.0,340.5
2012-11-03,38.0,38.0,31.5,45.0,40.5,40.5,37.0,38.0,38.0,346.5
2012-11-04,30.0,28.5,28.5,39.0,39.0,30.5,36.0,31.5,30.0,293.0
2012-11-05,32.5,32.5,29.5,34.0,34.0,34.0,37.0,33.0,32.5,299.0
2012-11-07,34.0,34.0,32.5,40.5,40.5,40.0,40.5,38.0,36.5,336.5
2012-11-09,35.5,35.5,35.0,41.0,41.0,37.5,29.0,37.5,37.5,329.5
2012-11-10,37.0,36.0,33.5,37.0,36.0,36.0,40.5,35.5,33.5,325.0
2012-11-11,38.5,38.5,27.0,35.0,35.0,33.5,42.5,42.5,32.5,325.0
2012-11-12,42.0,40.5,40.0,46.5,46.5,38.5,41.0,40.0,38.5,373.5
2012-11-13,35.5,35.5,33.0,30.5,30.5,28.0,50.0,33.0,32.0,308.0
2012-11-14,34.5,34.5,30.5,43.0,43.0,39.0,37.0,36.5,36.5,334.5
2012-11-16,32.5,32.5,32.5,39.0,36.0,36.0,30.5,31.5,31.5,302.0
2012-11-17,31.5,27.0,25.0,32.5,32.5,31.5,32.5,31.0,29.0,272.5
2012-11-18,42.5,42.5,35.5,45.0,45.0,31.5,39.0,39.0,37.5,357.5
2012-11-19,36.5,31.0,31.0,35.5,35.5,34.0,34.5,34.0,31.0,303.0
2012-11-21,38.5,34.0,34.0,43.5,42.0,42.0,37.5,38.5,37.5,347.5
2012-11-23,37.5,37.5,37.0,43.5,38.0,37.0,38.5,37.0,36.0,342.0
2012-11-24,37.0,37.0,29.5,43.5,43.5,42.5,30.5,37.5,34.5,335.5
2012-11-25,40.5,40.5,39.5,31.5,31.5,28.5,30.5,39.5,33.5,315.5
2012-11-26,34.5,33.0,32.5,41.5,41.5,41.0,39.5,41.0,34.5,339.0
2012-11-27,41.5,41.5,40.5,46.5,31.0,24.5,39.0,40.5,40.5,345.5
2012-11-28,33.0,33.0,27.0,40.0,36.5,36.5,34.0,33.0,33.0,306.0
2012-11-30,42.0,42.0,34.0,42.0,37.5,32.5,45.0,45.0,35.5,355.5
2012-12-01,35.5,33.5,33.5,40.0,40.0,32.5,38.0,37.5,32.5,323.0
2012-12-03,38.0,30.5,30.5,40.5,40.5,37.0,36.5,37.0,35.5,326.0
2012-12-04,39.5,36.0,36.0,53.0,53.0,50.0,32.0,50.0,39.5,389.0
2012-12-05,41.0,36.5,35.5,35.5,35.5,35.0,41.5,40.0,35.0,335.5
2012-12-07,45.5,45.5,37.5,40.0,40.0,39.5,55.0,55.0,38.5,396.5
2012-12-08,42.5,41.5,41.5,34.0,34.0,33.5,32.0,41.5,36.0,336.5
2012-12-09,36.0,30.5,30.5,33.0,32.0,32.0,32.0,32.0,30.0,288.0
2012-12-10,44.0,44.0,39.5,38.0,38.0,34.0,29.0,34.0,34.0,334.5
2012-12-11,39.5,39.5,37.0,39.5,39.5,36.0,34.0,37.0,34.0,336.0
2012-12-12,39.5,39.5,34.0,45.5,45.5,38.0,33.5,36.5,36.5,348.5
2012-12-14,35.5,35.5,35.0,34.0,34.0,34.0,31.0,33.5,32.5,305.0
2012-12-15,40.0,40.0,35.5,38.5,38.5,33.5,29.0,33.5,32.5,321.0
2012-12-17,36.0,36.0,36.0,39.0,36.5,28.5,31.5,32.0,32.0,307.5
2012-12-18,45.5,45.5,35.5,53.0,53.0,40.0,36.0,40.0,38.0,386.5
2012-12-19,36.0,36.0,35.0,46.5,46.5,46.0,40.0,39.0,33.5,358.5
2012-12-21,41.0,41.0,34.5,44.5,41.0,41.0,41.0,35.5,35.5,355.0
2012-12-22,42.5,42.5,39.0,35.0,35.0,34.0,39.5,33.0,33.0,333.5
2012-12-23,33.0,33.0,33.0,36.5,36.5,34.5,34.5,34.5,33.0,308.5
2012-12-25,31.0,31.0,30.5,39.0,39.0,33.5,38.5,33.5,31.0,307.0
2012-12-26,40.0,40.0,35.5,45.5,45.5,44.0,31.5,37.5,37.5,357.0
2012-12-28,38.5,38.5,37.5,42.5,42.5,40.5,37.0,37.5,37.0,351.5
2012-12-29,37.0,37.0,37.0,41.5,36.5,33.0,38.0,38.0,37.0,335.0
2012-12-31,32.5,32.5,31.0,44.0,44.0,35.5,52.5,35.5,33.5,341.0
2013-01-01,41.0,34.5,34.5,46.0,43.0,43.0,35.5,38.5,33.5,349.5
2013-01-02,40.0,39.0,39.0,47.0,47.0,44.0,39.0,44.0,40.0,379.0
2013-01-04,42.0,42.0,38.5,34.0,33.5,31.5,47.0,38.5,35.0,342.0
2013-01-05,36.0,36.0,36.0,41.5,41.5,33.0,36.5,35.0,35.0,330.5
2013-01-06,32.5,32.5,32.5,30.5,30.5,27.0,41.0,41.0,35.0,302.5
2013-01-07,33.5,32.5,29.5,36.0,36.0,35.5,34.0,35.5,34.5,307.0
2013-01-08,37.0,34.5,34.5,38.5,37.0,32.0,38.5,34.5,34.5,321.0
2013-01-09,37.5,37.5,37.0,37.5,35.5,35.5,33.0,33.5,32.5,319.5
2013-01-11,40.5,39.5,39.5,43.5,43.5,42.0,33.0,42.0,36.5,360.0
2013-01-12,36.0,35.5,35.5,38.0,38.0,34.5,34.0,35.5,35.0,322.0
2013-01-13,34.0,31.0,28.0,38.0,38.0,38.0,38.5,38.0,34.0,317.5
2013-01-14,40.0,40.0,36.5,38.0,38.0,37.0,42.0,37.0,36.5,345.0
2013-01-15,41.5,41.5,34.0,34.5,34.5,33.0,43.5,43.5,31.5,337.5
2013-01-16,37.5,33.5,33.5,43.0,38.0,38.0,38.0,33.5,33.5,328.5
2013-01-18,46.0,46.0,37.0,45.0,45.0,40.5,32.0,39.5,37.5,368.5
2013-01-19,35.0,35.0,34.5,40.5,37.0,31.0,28.5,33.5,32.0,307.0
2013-01-21,33.5,32.5,32.0,44.0,44.0,43.0,37.0,43.0,37.0,346.0
2013-01-23,36.5,36.5,35.5,45.0,44.5,44.5,33.5,37.5,37.5,351.0
2013-01-25,38.0,38.0,34.0,37.0,37.0,36.0,35.5,36.0,35.5,327.0
2013-01-26,40.0,37.5,37.5,40.0,40.0,40.0,37.0,37.0,37.0,346.0
2013-01-27,40.0,40.0,36.0,53.0,53.0,37.0,38.5,38.5,37.0,373.0
2013-01-28,38.5,29.0,28.5,38.5,35.0,35.0,41.0,41.0,36.5,323.0
2013-01-30,29.5,29.5,28.0,35.0,35.0,34.5,37.0,34.5,34.0,297.0
2013-02-01,35.0,31.0,31.0,38.0,34.0,33.0,37.0,35.0,32.0,306.0
2013-02-02,39.5,39.5,39.5,46.0,46.0,41.0,38.0,37.0,37.0,363.5
2013-02-04,34.5,32.0,32.0,40.5,40.5,37.5,34.5,37.5,35.5,324.5
2013-02-05,31.5,30.0,29.5,31.0,31.0,30.0,43.0,35.5,35.5,297.0
2013-02-06,47.0,47.0,47.0,36.5,36.5,36.0,37.0,38.0,38.0,363.0
2013-02-08,45.5,45.5,45.5,41.0,37.5,37.5,43.5,41.0,41.0,378.0
2013-02-09,36.5,36.5,32.0,36.5,30.0,27.0,38.0,32.0,31.0,299.5
2013-02-10,37.0,37.0,36.0,48.5,39.5,39.5,45.0,45.0,35.5,363.0
2013-02-11,37.5,35.0,35.0,42.0,39.5,31.5,34.0,32.5,31.0,318.0
2013-02-12,33.0,33.0,33.0,40.5,40.5,36.5,37.5,37.5,36.5,328.0
2013-02-13,44.5,35.5,31.0,44.5,41.5,35.0,39.0,36.0,35.0,342.0
2013-02-19,36.5,36.5,36.5,31.0,30.0,30.0,37.5,37.0,37.0,312.0
2013-02-20,48.5,48.5,48.5,38.5,38.5,36.5,40.0,37.5,37.0,373.5
2013-02-22,41.5,41.5,38.5,42.0,42.0,40.0,37.0,38.5,37.5,358.5
2013-02-23,33.0,33.0,31.5,37.0,37.0,34.5,36.0,32.0,31.5,305.5
2013-02-24,47.0,47.0,33.5,40.5,37.0,37.0,34.5,32.5,32.5,341.5
2013-02-26,47.5,47.5,36.5,55.5,55.5,40.5,39.0,36.0,36.0,394.0
2013-02-27,55.5,44.5,39.5,41.0,36.0,36.0,48.0,44.5,44.5,389.5
2013-03-01,37.5,37.5,36.0,39.5,39.5,35.0,40.0,35.0,34.5,334.5
2013-03-03,37.5,37.5,34.0,44.5,44.5,37.0,30.0,37.0,35.5,337.5
2013-03-04,41.0,41.0,37.5,38.0,38.0,37.5,35.0,37.5,36.0,341.5
2013-03-06,48.5,48.5,35.0,41.5,41.5,31.5,45.0,38.0,38.0,367.5
2013-03-08,46.0,46.0,41.5,38.5,37.0,37.0,39.5,39.5,39.0,364.0
2013-03-09,38.0,38.0,38.0,35.5,29.5,25.0,26.0,37.0,33.0,300.0
2013-03-10,35.0,33.5,33.5,39.5,35.5,31.0,39.5,39.5,37.0,324.0
2013-03-11,40.0,30.5,30.5,32.0,32.0,28.5,37.5,30.5,30.0,291.5
2013-03-12,42.5,40.0,34.0,38.0,38.0,36.5,47.0,47.0,36.5,359.5
2013-03-13,38.0,34.0,33.5,38.0,36.0,36.0,35.0,34.0,34.0,318.5
2013-03-15,37.5,37.5,37.5,39.0,39.0,36.5,34.5,35.5,35.0,332.0
2013-03-16,39.0,39.0,37.0,42.0,42.0,39.0,44.5,39.0,39.0,360.5
2013-03-17,42.5,39.5,36.5,37.5,37.5,34.5,36.5,36.5,36.5,337.5
2013-03-18,36.0,36.0,33.0,49.5,49.5,45.0,35.0,41.0,41.0,366.0
2013-03-20,35.0,32.5,32.5,46.0,46.0,42.5,42.0,42.5,42.0,361.0
2013-03-22,43.0,31.0,31.0,38.5,38.5,35.5,40.0,39.0,35.5,332.0
2013-03-23,38.0,38.0,37.5,34.0,28.5,28.5,39.0,34.0,29.5,307.0
2013-03-24,42.0,38.5,38.5,45.5,45.5,33.5,32.0,37.0,37.0,349.5
2013-03-25,47.0,40.0,36.5,38.0,38.0,30.0,32.0,35.5,35.5,332.5
2013-03-27,43.5,37.5,33.5,46.5,39.0,39.0,43.0,43.0,38.5,363.5
2013-03-29,34.5,33.5,30.0,40.0,40.0,39.5,33.5,39.5,39.5,330.0
2013-03-30,42.5,42.5,40.5,41.0,35.0,34.0,39.0,39.0,38.5,352.0
2013-03-31,31.5,31.0,29.0,38.0,33.5,33.5,30.5,32.5,32.5,292.0
2013-04-01,39.5,38.5,29.0,38.5,38.0,38.0,37.0,36.5,35.5,330.5
2013-04-03,37.5,31.5,30.5,38.5,38.5,38.5,38.5,36.5,36.5,326.5
2013-04-05,40.0,37.0,37.0,46.0,46.0,41.0,34.0,41.0,40.0,362.0
2013-04-06,38.5,37.5,31.0,43.0,43.0,32.5,31.5,30.0,29.5,316.5
2013-04-07,48.5,48.5,38.5,42.0,42.0,36.0,45.5,38.0,38.0,377.0
2013-04-09,36.0,36.0,34.0,42.0,40.0,40.0,39.0,39.5,39.5,346.0
2013-04-10,50.5,50.5,39.5,48.5,48.0,48.0,50.0,39.5,39.5,414.0
2013-04-12,54.0,50.5,41.5,41.0,41.0,39.0,48.0,40.0,37.5,392.5
2013-04-14,41.5,37.0,37.0,36.5,36.5,36.0,40.0,40.0,37.0,341.5
2013-04-15,41.0,37.5,36.5,38.5,38.5,38.0,40.5,36.0,36.0,342.5
2013-04-17,36.0,36.0,33.0,47.0,47.0,46.5,53.5,40.0,40.0,379.0
2014-10-07,28.0,28.0,27.0,34.0,34.0,28.0,26.5,27.5,26.5,259.5
2014-10-08,23.5,19.0,18.0,22.5,22.5,19.5,25.0,25.0,24.5,199.5
2014-10-10,33.5,29.5,29.5,23.5,20.5,20.5,24.5,25.5,25.5,232.5
2014-10-12,32.0,32.0,23.5,26.0,22.0,20.0,28.0,23.0,22.0,228.5
2014-10-13,24.0,24.0,23.5,30.0,30.0,26.0,32.0,32.0,27.0,248.5
2014-10-14,25.5,24.5,24.5,30.0,30.0,26.5,25.5,26.5,25.5,238.5
2014-10-16,29.0,29.0,27.5,29.5,29.5,25.0,30.0,28.5,28.5,256.5
2014-10-17,29.5,29.5,28.0,32.0,32.0,27.0,28.0,28.0,28.0,262.0
2014-10-18,31.0,26.0,26.0,27.0,26.5,26.0,36.0,26.5,25.5,250.5
2014-10-19,26.0,26.0,23.0,28.0,27.0,27.0,38.5,23.0,22.5,241.0
2014-10-20,31.0,30.5,30.5,34.5,34.5,31.5,37.0,37.0,31.5,298.0
2014-10-21,29.0,29.0,29.0,32.5,32.5,23.0,31.5,31.5,29.0,267.0
2014-10-22,42.0,42.0,30.5,34.0,34.0,28.5,33.0,30.5,28.5,303.0
2014-10-24,32.5,32.5,28.0,29.5,26.0,25.0,31.0,31.0,29.0,264.5
2014-10-29,37.5,37.5,36.5,36.5,36.5,34.0,40.5,40.5,36.5,336.0
2014-10-30,41.0,41.0,31.0,33.0,31.0,26.5,34.0,31.0,29.0,297.5
2014-10-31,30.0,29.0,27.5,42.0,42.0,38.0,27.0,35.5,35.5,306.5
2014-11-01,41.0,41.0,39.5,43.5,43.5,31.5,36.0,38.5,36.5,351.0
2014-11-03,37.0,37.0,36.5,38.5,38.5,37.0,31.5,37.0,36.5,329.5
2014-11-04,38.5,38.5,38.5,37.5,37.5,34.0,31.5,38.5,34.0,328.5
2014-11-05,41.0,41.0,34.5,39.0,39.0,39.0,36.0,34.5,34.5,338.5
2014-11-07,35.5,35.5,35.5,36.5,36.5,36.0,39.0,36.5,36.5,327.5
2014-11-08,42.0,42.0,34.5,40.5,40.5,31.5,28.0,34.5,31.5,325.0
2014-11-09,35.0,35.0,28.5,36.0,35.0,35.0,37.0,33.5,30.0,305.0
2014-11-10,37.0,37.0,34.5,46.5,46.5,43.0,31.0,43.0,38.0,356.5
2014-11-11,36.0,36.0,33.0,37.5,36.5,36.5,32.0,33.0,31.5,312.0
2014-11-12,40.5,40.5,39.0,48.5,48.5,39.0,33.5,39.0,36.5,365.0
2014-11-14,37.5,37.5,36.0,40.5,40.5,39.5,39.0,39.5,35.0,345.0
2014-11-15,38.0,38.0,35.0,39.5,37.0,37.0,36.0,35.0,31.5,327.0
2014-11-17,31.0,30.5,30.5,44.5,44.5,38.0,36.0,33.5,31.5,320.0
2014-11-19,36.0,32.5,32.5,34.5,33.0,30.5,34.5,32.0,31.5,297.0
2014-11-21,35.5,35.5,32.0,32.5,32.5,31.0,31.5,32.0,32.0,294.5
2014-11-22,34.0,34.0,33.5,47.5,47.5,32.5,44.5,44.5,43.5,361.5
2014-11-23,37.5,37.5,30.5,38.0,32.0,32.0,38.0,31.5,31.0,308.0
2014-11-24,40.5,40.5,39.5,42.0,42.0,39.5,33.0,39.5,39.5,356.0
2014-11-25,46.0,46.0,33.0,32.0,32.0,31.0,35.5,35.5,33.0,324.0
2014-11-26,38.5,38.5,34.0,39.5,39.5,35.0,43.5,43.5,42.0,354.0
2014-11-28,38.0,38.0,35.0,33.0,32.5,32.5,41.5,36.0,33.0,319.5
2014-11-29,39.0,39.0,38.5,34.5,34.5,34.5,40.5,38.5,38.5,337.5
2014-11-30,47.0,47.0,37.0,37.5,37.5,37.0,29.0,37.0,37.0,346.0
2014-12-02,37.0,36.5,36.5,43.5,43.5,42.0,32.5,42.0,39.0,352.5
2014-12-03,37.0,37.0,35.5,39.0,32.0,32.0,43.5,35.0,34.5,325.5
2014-12-05,38.0,38.0,36.5,41.5,41.5,38.0,38.0,36.5,36.5,344.5
2014-12-06,40.5,40.5,40.5,41.5,41.5,41.0,30.5,37.5,37.5,351.0
2014-12-07,38.0,38.0,37.5,34.0,32.0,30.5,25.0,37.5,34.0,306.5
2014-12-08,50.0,43.0,43.0,40.0,40.0,32.0,33.5,36.5,33.5,351.5
2014-12-09,33.0,33.0,32.0,40.5,40.5,35.5,39.5,39.5,33.5,327.0
2014-12-10,38.5,38.0,38.0,37.5,37.5,32.5,36.0,38.0,38.0,334.0
2014-12-12,38.0,36.5,36.5,40.0,40.0,39.5,35.0,39.5,36.0,341.0
2014-12-13,41.0,41.0,37.0,39.5,39.5,31.5,37.5,34.0,34.0,335.0
2014-12-14,39.0,38.5,37.5,36.0,36.0,34.5,24.5,37.5,34.5,318.0
2014-12-15,35.0,35.0,31.5,46.0,44.5,44.5,35.5,35.5,33.0,340.5
2014-12-16,39.5,39.5,38.5,34.5,34.5,32.5,30.5,38.5,32.5,320.5
2014-12-17,42.5,42.5,37.0,43.0,43.0,42.0,47.0,42.0,40.5,379.5
2014-12-19,41.5,41.5,37.5,46.5,46.5,42.5,32.5,42.5,38.5,369.5
2014-12-20,35.0,35.0,33.5,40.0,40.0,36.0,32.0,36.0,33.0,320.5
2014-12-21,32.5,32.5,30.5,45.5,45.5,34.5,41.0,41.0,39.0,342.0
2014-12-22,45.5,45.5,40.5,35.0,31.5,31.5,35.0,40.5,34.5,339.5
2014-12-23,49.5,49.5,48.5,37.0,37.0,35.0,39.0,48.5,37.0,381.0
2014-12-25,45.0,45.0,36.0,35.0,35.0,34.5,32.5,36.0,35.0,334.0
2014-12-26,44.0,44.0,32.0,46.5,38.5,38.5,35.0,35.0,34.5,348.0
2014-12-27,41.0,34.0,34.0,44.0,44.0,41.5,43.5,43.5,41.5,367.0
2014-12-28,43.5,43.5,34.5,34.5,31.0,30.5,37.5,36.5,36.0,327.5
2014-12-29,34.0,34.0,33.0,33.0,32.0,32.0,36.0,36.0,33.0,303.0
2014-12-30,39.5,39.5,38.5,35.5,35.5,35.0,42.5,38.5,35.0,339.5
2014-12-31,43.5,43.5,31.0,49.0,49.0,32.5,32.5,32.5,30.5,344.0
2015-01-02,43.5,43.5,35.5,42.0,35.0,35.0,32.0,35.5,34.0,336.0
2015-01-03,40.5,40.5,40.0,43.0,43.0,41.0,33.0,41.0,36.5,358.5
2015-01-04,37.0,29.5,29.5,38.0,23.0,23.0,32.5,32.5,31.0,276.0
2015-01-05,41.0,41.0,37.0,42.0,38.5,38.5,36.0,37.0,37.0,348.0
2015-01-07,38.0,38.0,38.0,44.0,42.0,42.0,36.5,38.0,38.0,354.5
2015-01-09,37.0,37.0,31.5,36.0,36.0,32.0,44.5,44.5,36.0,334.5
2015-01-10,32.0,30.0,30.0,54.0,54.0,33.5,42.0,32.5,32.5,340.5
2015-01-11,34.0,34.0,31.5,40.5,34.0,26.5,45.0,45.0,38.5,329.0
2015-01-13,48.0,48.0,40.5,34.0,34.0,34.0,47.0,47.0,37.5,370.0
2015-01-14,37.0,37.0,37.0,41.0,41.0,36.5,38.0,37.0,37.0,341.5
2015-01-16,49.0,49.0,41.0,41.5,41.5,40.0,38.0,40.0,39.5,379.5
2015-01-17,42.0,42.0,39.0,42.5,36.5,36.0,32.5,39.0,36.0,345.5
2015-01-19,42.5,42.5,32.5,33.5,31.5,31.5,38.0,38.0,35.5,325.5
2015-01-21,42.0,39.5,37.5,38.0,37.5,37.5,42.5,39.0,39.0,352.5
2015-01-23,50.5,50.5,42.5,37.0,37.0,33.5,49.0,42.5,34.0,376.5
2015-01-24,31.0,30.0,30.0,31.5,30.5,30.5,22.0,25.0,24.0,254.5
2015-01-25,41.0,40.0,40.0,39.0,39.0,38.5,37.0,38.5,38.5,351.5
2015-01-26,32.0,27.5,26.5,44.0,44.0,34.5,27.5,33.5,32.0,301.5
2015-01-27,40.0,40.0,39.5,41.0,41.0,33.5,36.5,39.5,36.5,347.5
2015-01-28,51.0,51.0,36.5,43.5,43.5,38.0,32.0,38.0,37.5,371.0
2015-01-30,47.5,42.5,38.5,44.5,44.5,33.0,44.5,38.5,38.0,371.5
2015-01-31,40.5,40.5,38.0,41.5,41.5,37.5,38.0,38.0,37.5,353.0
2015-02-02,49.0,49.0,35.0,40.5,40.5,31.5,36.5,32.5,32.5,347.0
2015-02-03,37.5,37.5,33.0,29.0,29.0,26.5,40.5,40.5,33.0,306.5
2015-02-04,46.0,46.0,43.5,35.5,33.0,33.0,43.0,43.5,43.0,366.5
2015-02-06,57.5,57.5,44.5,44.0,44.0,42.0,38.5,40.5,39.5,408.0
2015-02-07,36.0,36.0,29.5,37.5,37.5,35.5,32.5,33.5,33.5,311.5
2015-02-08,47.0,47.0,38.0,40.0,40.0,39.5,39.0,38.0,36.0,364.5
2015-02-09,38.5,38.0,38.0,35.0,35.0,32.5,48.0,32.0,32.0,329.0
2015-02-10,52.5,52.5,44.5,39.0,39.0,34.0,26.5,31.0,30.5,349.5
2015-02-11,32.5,32.5,31.5,38.5,38.5,36.0,45.5,45.5,43.0,343.5
2015-02-20,38.5,38.5,34.5,34.0,32.5,32.5,40.0,40.0,35.5,326.0
2015-02-21,39.5,39.5,35.0,36.5,36.5,34.5,30.0,35.0,34.5,321.0
2015-02-22,41.5,41.5,31.0,39.5,39.5,31.5,41.0,33.5,32.0,331.0
2015-02-23,49.0,49.0,40.5,30.0,29.5,29.5,29.5,40.5,34.5,332.0
2015-02-25,34.0,34.0,34.0,37.0,37.0,31.5,38.0,32.5,32.5,310.5
2015-02-27,52.0,52.0,38.0,44.0,44.0,39.0,41.0,38.0,38.0,386.0
2015-02-28,29.5,27.5,27.5,35.0,32.5,26.0,37.5,37.5,36.5,289.5
2015-03-01,39.5,39.5,37.0,44.0,44.0,35.5,35.0,37.0,35.5,347.0
2015-03-02,42.5,42.5,39.0,31.0,23.5,23.5,28.0,38.0,28.0,296.0
2015-03-03,33.0,33.0,33.0,33.0,33.0,31.0,38.0,37.5,37.5,309.0
2015-03-04,63.0,63.0,44.5,55.5,55.5,42.5,42.0,44.5,42.0,452.5
2015-03-06,49.5,49.5,42.5,42.5,40.5,40.5,39.5,42.5,37.5,384.5
2015-03-07,38.5,38.5,34.0,35.5,34.5,34.0,41.0,41.0,34.0,331.0
2015-03-08,51.5,51.5,32.0,37.0,34.0,34.0,33.5,33.5,32.0,339.0
2015-03-09,41.5,41.5,34.0,49.0,49.0,32.0,38.0,34.0,34.0,353.0
2015-03-10,41.0,36.5,36.5,36.5,36.5,36.5,36.0,36.5,35.5,331.5
2015-03-11,37.0,37.0,32.0,39.0,39.0,35.0,46.0,35.0,32.5,332.5
2015-03-12,53.0,53.0,33.0,37.0,37.0,35.5,43.0,43.0,35.5,370.0
2015-03-13,44.5,44.5,37.5,36.0,34.0,34.0,54.0,54.0,37.5,376.0
2015-03-14,38.0,38.0,37.5,29.5,27.0,27.0,31.5,37.5,34.0,300.0
2015-03-15,43.0,43.0,38.5,58.0,58.0,41.5,37.0,41.5,37.5,398.0
2015-03-16,41.5,41.5,40.5,36.0,34.5,34.5,36.0,40.5,39.5,344.5
2015-03-17,41.5,41.5,31.5,34.0,34.0,32.5,36.5,32.5,31.5,315.5
2015-03-18,41.0,41.0,39.5,42.5,42.5,31.0,30.0,39.5,37.0,344.0
2015-03-20,48.5,48.5,45.0,40.5,40.5,38.5,49.0,45.0,45.0,400.5
2015-03-21,38.0,32.5,32.5,32.5,32.0,32.0,32.0,30.5,27.5,289.5
2015-03-22,40.5,40.5,38.5,44.5,41.0,41.0,43.0,40.5,40.5,370.0
2015-03-23,41.5,41.5,39.0,41.5,41.5,29.5,39.0,39.0,33.5,346.0
2015-03-24,39.5,39.5,36.0,33.5,32.5,30.0,49.0,49.0,40.5,349.5
2015-03-25,37.0,37.0,36.5,39.5,39.5,38.5,41.0,38.5,36.5,344.0
2015-03-27,46.0,46.0,42.0,39.0,39.0,35.5,54.0,54.0,42.0,397.5
2015-03-28,35.5,35.5,28.5,37.0,37.0,31.5,33.0,33.0,30.0,301.0
2015-03-29,40.0,40.0,39.5,36.0,36.0,32.5,44.0,39.5,39.5,347.0
2015-03-30,42.0,38.5,38.0,33.5,33.5,31.5,31.5,32.0,31.0,311.5
2015-04-01,57.0,57.0,51.0,33.0,33.0,32.0,58.0,58.0,51.0,430.0
2015-04-03,36.5,36.0,33.0,32.0,31.0,31.0,54.0,54.0,48.5,356.0
2015-04-04,34.5,34.5,34.0,35.0,31.5,31.5,37.0,32.5,32.5,303.0
2015-04-05,53.0,53.0,43.0,42.0,42.0,33.5,34.5,43.0,34.5,378.5
2015-04-07,40.0,34.5,34.5,40.0,39.5,39.5,29.5,34.5,31.5,323.5
2015-04-08,33.5,33.5,32.5,36.5,33.5,33.5,35.5,34.5,33.5,306.5
2015-04-10,38.0,36.5,36.5,47.5,37.0,37.0,33.5,34.5,34.5,335.0
2015-04-11,38.5,38.5,33.0,39.0,35.5,33.0,36.5,36.5,34.0,324.5
2015-04-12,57.0,57.0,38.5,34.0,34.0,32.0,37.5,32.0,32.0,354.0
2015-04-13,45.0,45.0,40.5,42.0,42.0,41.5,44.5,41.5,40.5,382.5
2015-04-15,40.0,40.0,36.0,46.5,40.5,40.5,40.5,40.5,38.0,362.5
2015-10-06,32.5,25.0,23.0,26.0,26.0,25.0,26.0,24.5,23.5,231.5
2015-10-07,32.0,32.0,25.0,29.5,26.5,26.0,22.0,26.0,25.0,244.0
2015-10-08,31.0,31.0,26.5,28.0,26.5,25.0,26.0,26.5,26.0,246.5
2015-10-10,28.0,27.0,25.0,32.0,29.0,25.5,24.5,24.0,24.0,239.0
2015-10-12,34.0,34.0,22.5,31.0,27.5,27.5,18.5,27.0,26.0,248.0
2015-10-13,26.0,25.0,24.5,33.0,31.5,27.0,36.5,36.5,31.0,271.0
2015-10-14,27.5,25.5,25.5,27.0,24.5,23.0,23.5,23.5,23.0,223.0
2015-10-16,25.5,23.0,21.5,33.0,29.0,27.0,21.0,26.5,21.0,227.5
2015-10-17,26.5,22.0,21.0,31.5,28.0,26.5,28.5,28.5,25.5,238.0
2015-10-18,31.5,30.5,30.0,35.0,29.0,29.0,29.0,30.0,29.0,273.0
2015-10-19,26.0,25.0,22.5,31.5,25.5,25.5,29.5,23.5,22.0,231.0
2015-10-20,38.0,38.0,26.0,36.0,36.0,33.5,25.5,33.5,28.0,294.5
2015-10-21,29.5,25.0,21.5,44.5,44.5,31.0,36.5,34.0,34.0,300.5
2015-10-22,41.0,36.0,36.0,31.5,26.5,22.0,28.5,27.0,24.0,272.5
2015-10-23,29.5,29.5,27.0,41.5,41.5,30.5,30.0,30.5,30.5,290.5
2015-10-28,38.5,37.5,37.5,34.5,34.5,34.5,38.5,38.0,38.0,331.5
2015-10-30,53.0,53.0,43.5,48.5,48.5,38.5,41.0,41.0,38.5,405.5
2015-10-31,55.0,55.0,37.5,40.5,39.0,39.0,38.5,37.0,37.0,378.5
2015-11-01,29.5,29.5,28.5,40.5,38.0,38.0,40.0,29.5,29.0,302.5
2015-11-02,38.5,38.5,38.5,42.0,42.0,35.5,33.5,38.5,37.0,344.0
2015-11-03,40.0,40.0,33.0,35.0,31.5,28.0,51.5,51.5,35.5,346.0
2015-11-04,37.5,37.5,33.5,35.5,35.5,35.0,35.0,35.0,34.5,319.0
2015-11-05,33.5,33.5,30.5,36.0,36.0,29.5,33.0,28.5,28.0,288.5
2015-11-06,49.5,49.5,48.0,50.5,50.5,45.0,31.5,48.0,45.0,417.5
2015-11-07,43.0,36.0,36.0,42.0,31.0,30.5,37.5,35.0,35.0,326.0
2015-11-08,40.0,39.0,39.0,42.0,42.0,41.5,55.0,55.0,40.0,393.5
2015-11-09,33.0,33.0,31.5,35.0,33.5,30.5,34.5,34.5,32.5,298.0
2015-11-10,39.5,39.5,33.5,36.0,36.0,32.0,33.5,33.5,33.0,316.5
2015-11-11,40.0,34.0,34.0,36.5,34.5,34.5,39.5,33.5,33.5,320.0
2015-11-13,46.5,46.5,44.5,34.0,34.0,34.0,44.0,44.0,35.5,363.0
2015-11-14,39.5,34.5,34.5,47.0,47.0,43.0,36.0,41.5,41.5,364.5
2015-11-15,34.5,31.5,31.5,43.0,43.0,38.5,43.0,43.0,38.5,346.5
2015-11-16,53.0,48.0,48.0,31.0,31.0,29.5,28.5,32.5,32.0,333.5
2015-11-17,37.0,37.0,34.0,39.0,34.0,34.0,40.0,40.0,40.0,335.0
2015-11-18,54.5,54.5,45.5,42.0,42.0,41.0,35.0,45.5,41.0,401.0
2015-11-20,47.0,41.0,41.0,39.0,39.0,30.0,39.5,39.0,38.0,353.5
2015-11-21,40.0,40.0,32.0,40.5,40.5,35.5,42.5,42.5,35.5,349.0
2015-11-22,45.5,43.0,43.0,48.5,48.5,26.0,33.0,31.5,31.5,350.5
2015-11-23,44.5,42.5,32.5,40.5,40.5,37.5,38.5,38.5,34.5,349.5
2015-11-24,34.0,34.0,31.5,42.5,42.5,33.0,31.5,31.0,30.5,310.5
2015-11-25,43.0,43.0,41.0,46.5,39.5,39.5,42.0,42.0,40.5,377.0
2015-11-27,47.5,47.5,43.5,45.5,45.5,40.0,34.0,43.5,40.0,387.0
2015-11-28,31.0,31.0,31.0,42.0,42.0,38.0,34.0,38.0,33.0,320.0
2015-11-29,35.0,35.0,35.0,34.5,33.0,33.0,37.0,37.0,35.0,314.5
2015-11-30,42.0,42.0,36.5,39.0,39.0,34.0,40.5,39.5,39.5,352.0
2015-12-01,44.5,44.5,38.0,39.5,39.5,33.0,48.0,37.0,35.0,359.0
2015-12-02,45.0,43.5,43.5,42.5,42.5,38.5,45.5,45.5,38.5,385.0
2015-12-03,34.5,34.5,34.0,35.0,35.0,31.5,24.5,34.0,31.5,294.5
2015-12-04,39.5,36.0,36.0,42.5,42.5,40.0,42.0,42.0,40.0,360.5
2015-12-05,45.0,45.0,41.0,48.5,48.5,41.5,37.0,41.0,39.5,387.0
2015-12-06,41.5,40.0,40.0,33.0,32.0,32.0,31.0,39.0,39.0,327.5
2015-12-07,33.5,33.5,32.5,31.5,29.0,28.5,36.5,36.5,33.5,295.0
2015-12-08,43.0,43.0,41.5,43.0,43.0,43.0,34.5,43.0,41.5,375.5
2015-12-09,46.5,46.5,44.0,36.0,35.0,35.0,38.0,44.0,38.0,363.0
2015-12-11,45.5,45.5,39.0,47.0,47.0,32.5,36.5,39.0,36.5,368.5
2015-12-12,44.0,44.0,34.5,35.0,35.0,35.0,36.0,35.0,35.0,333.5
2015-12-14,41.5,36.0,32.5,36.5,36.5,35.5,39.0,32.5,32.5,322.5
2015-12-16,38.5,38.5,38.0,40.5,40.5,39.5,32.0,39.5,34.5,341.5
2015-12-18,42.5,41.5,38.0,37.5,37.5,36.5,53.5,53.5,46.5,387.0
2015-12-19,37.5,37.5,29.0,30.0,30.0,29.5,37.0,32.0,32.0,294.5
2015-12-20,35.5,31.5,30.5,43.0,31.0,30.0,36.0,34.0,32.5,304.0
2015-12-21,41.5,41.5,37.5,36.5,36.5,31.5,43.0,39.5,39.5,347.0
2015-12-23,37.5,34.5,34.0,40.0,38.0,38.0,36.0,38.0,38.0,334.0
2015-12-25,36.0,36.0,30.5,47.5,47.5,40.0,35.5,40.0,38.0,351.0
2015-12-26,37.0,37.0,36.5,34.5,34.5,34.5,43.5,43.5,37.5,338.5
2015-12-28,46.0,46.0,42.5,35.0,34.0,30.0,35.0,36.5,36.5,341.5
2015-12-29,36.0,36.0,35.0,39.5,39.5,32.5,43.0,43.0,41.5,346.0
2015-12-30,38.5,38.5,35.5,33.0,31.5,30.5,41.5,35.5,32.0,316.5
2015-12-31,44.5,44.5,38.0,40.0,40.0,37.5,38.0,36.0,36.0,354.5
2016-01-01,34.5,34.5,31.0,36.0,33.0,29.5,38.5,31.0,27.5,295.5
2016-01-02,33.5,33.0,32.5,59.5,59.5,39.0,37.5,39.0,38.0,371.5
2016-01-03,39.0,35.5,34.0,30.5,30.5,29.5,37.0,37.0,34.0,307.0
2016-01-04,42.0,35.5,35.5,41.0,39.5,39.5,46.5,46.5,38.0,364.0
2016-01-06,39.5,39.5,36.0,42.0,42.0,42.0,36.0,42.0,41.0,360.0
2016-01-08,46.5,43.0,43.0,33.5,33.5,33.5,32.5,39.0,39.0,343.5
2016-01-09,48.0,48.0,36.0,34.0,34.0,34.0,47.5,47.5,38.5,367.5
2016-01-10,44.0,44.0,40.0,44.5,44.5,38.0,37.5,40.0,39.0,371.5
2016-01-12,35.5,35.5,35.0,38.5,38.5,38.5,32.5,35.0,33.5,322.5
2016-01-13,42.0,42.0,36.5,37.5,36.5,36.5,38.0,38.0,36.0,343.0
2016-01-14,54.0,33.5,31.5,32.0,32.0,29.0,44.0,44.0,32.0,332.0
2016-01-15,41.5,35.0,35.0,40.0,40.0,40.0,44.5,35.0,35.0,346.0
2016-01-16,51.5,51.5,42.0,30.5,27.0,26.5,39.5,42.0,36.5,347.0
2016-01-17,38.0,38.0,29.5,34.0,34.0,29.5,30.0,29.5,27.0,289.5
2016-01-18,54.5,45.0,45.0,42.0,34.0,34.0,55.5,43.5,43.5,397.0
2016-01-20,54.5,54.5,40.0,36.5,36.5,33.5,47.5,47.5,46.5,397.0
2016-01-21,35.0,35.0,32.0,35.5,35.5,35.0,42.5,42.5,41.5,334.5
2016-01-22,54.0,54.0,48.0,33.5,33.5,32.0,35.5,38.0,36.0,364.5
2016-01-23,33.5,32.0,31.0,45.0,45.0,33.0,48.5,48.5,44.0,360.5
2016-01-25,46.5,46.5,39.5,35.5,32.5,32.5,56.5,56.5,37.0,383.0
2016-01-26,42.0,42.0,34.5,50.0,50.0,40.0,29.5,40.0,34.5,362.5
2016-01-27,40.5,40.5,40.0,36.5,34.0,33.5,39.0,40.0,39.0,343.0
2016-01-28,40.0,38.0,38.0,39.5,30.0,22.0,39.5,39.5,36.5,323.0
2016-01-29,43.0,43.0,37.0,40.0,40.0,36.0,39.0,37.5,37.5,353.0
2016-01-30,52.0,52.0,40.5,37.5,37.5,34.5,42.5,37.5,37.5,371.5
2016-01-31,29.0,29.0,27.0,40.5,40.5,36.5,42.0,36.0,36.0,316.5
2016-02-01,38.0,38.0,37.5,39.5,39.0,39.0,40.0,40.0,39.0,350.0
2016-02-02,41.0,41.0,33.5,42.0,42.0,38.5,30.5,38.5,29.5,336.5
2016-02-03,54.0,54.0,49.0,41.5,41.5,40.5,40.0,49.0,46.0,415.5
2016-02-05,41.5,41.5,38.5,40.5,40.5,39.0,42.0,42.0,39.0,364.5
2016-02-06,40.0,38.0,38.0,49.0,49.0,33.0,41.0,41.0,39.5,368.5
2016-02-08,42.0,38.0,38.0,39.5,39.5,39.0,41.0,40.0,40.0,357.0
2016-02-09,45.0,45.0,41.5,41.0,41.0,33.0,39.5,41.5,40.0,367.5
2016-02-10,48.5,48.5,43.5,42.5,42.5,33.0,40.5,43.5,41.5,384.0
2016-02-19,52.0,42.0,42.0,37.5,36.0,32.5,51.0,51.0,42.0,386.0
2016-02-21,36.5,36.5,34.5,68.5,68.5,39.5,37.0,39.5,37.0,397.5
2016-02-22,43.5,43.5,39.5,51.0,41.5,41.5,48.5,48.5,40.5,398.0
2016-02-23,39.5,39.5,38.5,33.5,32.5,30.5,42.5,40.0,40.0,336.5
2016-02-24,43.5,43.5,38.0,32.0,32.0,31.5,32.0,38.0,34.0,324.5
2016-02-25,54.0,54.0,46.5,47.0,47.0,35.5,34.0,46.5,43.0,407.5
2016-02-26,52.5,52.5,47.0,38.5,36.0,36.0,44.0,47.0,44.0,397.5
2016-02-27,45.5,45.5,38.5,48.0,48.0,41.0,51.0,51.0,45.0,413.5
2016-02-28,35.5,35.5,31.5,32.5,28.0,28.0,34.0,34.0,33.5,292.5
2016-02-29,44.5,44.5,40.0,46.0,39.5,39.5,42.5,42.5,42.0,381.0
2016-03-01,39.0,39.0,34.5,38.0,38.0,34.0,37.5,34.0,32.0,326.0
2016-03-02,47.5,47.5,35.5,42.5,42.5,33.5,38.5,38.5,38.0,364.0
2016-03-04,42.0,36.0,35.0,44.5,44.5,44.0,38.5,39.0,39.0,362.5
2016-03-05,36.0,36.0,33.5,42.0,42.0,41.0,43.5,43.5,41.0,358.5
2016-03-06,48.5,48.5,32.5,48.0,44.5,44.5,37.5,43.0,33.0,380.0
2016-03-07,50.5,50.5,37.5,37.0,37.0,34.5,52.5,52.5,46.5,398.5
2016-03-08,48.0,38.0,38.0,36.0,36.0,32.0,37.5,32.0,31.0,328.5
2016-03-09,49.5,49.5,40.5,48.0,48.0,42.0,38.0,42.0,38.0,395.5
2016-03-11,39.5,39.5,38.5,45.0,36.5,36.5,41.0,37.0,35.0,348.5
2016-03-12,46.0,46.0,36.5,36.0,36.0,34.0,34.0,36.0,35.5,340.0
2016-03-13,30.5,29.5,29.5,52.5,42.5,37.5,42.5,42.5,37.5,344.5
2016-03-14,44.0,44.0,44.0,37.5,35.0,34.0,26.5,44.0,34.0,343.0
2016-03-15,41.0,41.0,33.0,37.5,36.5,33.0,30.0,33.0,32.5,317.5
2016-03-16,46.0,46.0,36.0,39.5,39.5,38.5,37.0,37.0,37.0,356.5
2016-03-17,37.5,37.5,32.5,36.5,32.5,32.0,39.5,31.5,31.5,311.0
2016-03-18,47.0,47.0,45.0,38.5,38.5,34.0,39.0,43.5,43.5,376.0
2016-03-19,36.0,36.0,36.0,49.0,49.0,43.5,29.0,43.5,42.0,364.0
2016-03-20,44.5,40.5,40.5,42.5,26.0,25.0,46.5,46.5,40.0,352.0
2016-03-21,39.0,39.0,35.0,46.5,46.5,37.0,34.5,36.0,36.0,349.5
2016-03-23,42.5,42.5,40.5,35.0,34.5,34.0,40.5,40.5,40.0,350.0
2016-03-24,29.0,29.0,28.5,38.0,32.0,32.0,27.5,32.0,32.0,280.0
2016-03-25,47.5,47.5,42.0,41.5,41.5,40.5,37.5,42.0,38.5,378.5
2016-03-26,37.5,37.5,37.5,46.5,46.5,39.0,33.5,39.0,37.0,354.0
2016-03-27,39.0,39.0,34.0,36.5,36.5,34.0,37.0,34.0,34.0,324.0
2016-03-28,43.0,43.0,35.0,41.5,41.5,40.5,37.5,40.5,37.5,360.0
2016-03-29,39.5,37.0,37.0,40.0,40.0,35.0,28.0,32.0,32.0,320.5
2016-03-30,39.5,39.5,36.0,35.5,34.5,31.5,43.0,43.0,38.0,340.5
2016-03-31,41.0,41.0,35.5,36.0,34.5,34.5,25.5,33.5,33.5,315.0
2016-04-01,36.5,35.5,35.5,50.5,50.5,45.5,32.0,40.0,40.0,366.0
2016-04-02,55.0,30.0,23.5,39.0,39.0,38.5,35.5,38.5,35.5,334.5
2016-04-03,44.5,44.5,43.5,44.0,44.0,42.0,41.0,43.5,42.0,389.0
2016-04-05,46.5,40.5,40.5,41.0,41.0,40.5,33.0,38.0,38.0,359.0
2016-04-06,34.5,34.5,33.5,34.5,32.0,27.0,47.0,32.5,32.0,307.5
2016-04-07,35.0,35.0,32.0,35.5,31.5,30.5,33.0,33.0,32.0,297.5
2016-04-08,39.0,32.0,32.0,39.0,35.0,33.0,42.5,41.0,36.5,330.0
2016-04-09,32.5,32.5,30.5,51.0,51.0,38.0,35.5,36.5,36.5,344.0
2016-04-10,51.0,51.0,41.5,38.5,38.5,33.5,34.5,38.5,37.0,364.0
2016-04-11,37.5,35.5,35.5,38.0,38.0,34.5,32.5,34.5,34.5,320.5
2016-04-12,26.0,25.5,25.5,31.0,31.0,28.0,29.5,26.5,26.5,249.5
2016-04-13,46.5,46.5,38.0,53.0,53.0,42.5,41.5,41.5,35.5,398.0
2016-10-03,23.5,23.5,20.0,22.0,22.0,22.0,27.0,27.0,25.5,212.5
2016-10-04,36.0,36.0,24.0,30.5,30.5,27.5,32.0,24.5,24.5,265.5
2016-10-06,28.5,24.5,24.0,33.0,26.5,26.5,37.5,26.5,26.5,253.5
2016-10-08,25.5,23.5,21.5,25.0,23.0,22.5,29.5,29.5,28.5,228.5
2016-10-10,27.5,23.0,22.0,26.0,26.0,22.5,34.0,31.5,22.0,234.5
2016-10-12,24.5,24.5,23.5,23.5,23.5,21.5,24.0,24.0,23.5,212.5
2016-10-13,38.0,38.0,29.0,31.5,26.5,26.0,27.0,27.0,26.0,269.0
2016-10-14,29.5,29.5,26.5,34.5,34.5,30.0,24.5,30.0,26.5,265.5
2016-10-15,29.0,26.5,26.5,30.0,29.0,26.5,26.0,26.5,26.0,246.0
2016-10-18,24.0,24.0,22.0,29.0,26.0,26.0,28.0,26.0,24.5,229.5
2016-10-19,37.0,37.0,34.5,30.5,30.5,29.5,30.0,34.5,30.0,293.5
2016-10-21,32.5,32.5,32.0,35.0,35.0,27.0,21.5,30.0,30.0,275.5
2016-10-26,45.5,45.5,44.0,63.0,38.0,38.0,63.0,46.0,46.0,429.0
2016-10-28,60.5,60.5,33.5,57.0,47.5,47.5,57.0,33.5,33.0,430.0
2016-10-29,42.5,39.5,37.5,42.5,32.5,32.5,42.5,32.0,32.0,333.5
2016-10-30,53.0,53.0,33.0,35.5,35.5,29.5,45.0,41.0,33.0,358.5
2016-11-01,54.0,54.0,36.5,46.5,36.5,35.5,46.5,39.0,35.5,384.0
2016-11-02,45.5,45.5,40.5,32.0,29.0,26.5,41.0,40.5,39.0,339.5
2016-11-03,33.0,31.0,31.0,42.5,42.5,38.5,42.5,42.5,38.5,342.0
2016-11-04,41.5,40.0,37.5,38.0,38.0,33.0,38.0,37.0,33.5,336.5
2016-11-05,43.0,43.0,36.5,42.0,42.0,39.5,36.5,39.5,36.5,358.5
2016-11-06,36.5,36.5,35.5,38.5,38.5,38.5,25.0,36.0,31.5,316.5
2016-11-07,47.5,47.5,40.5,37.0,31.5,31.0,37.0,40.5,35.5,348.0
2016-11-08,38.5,32.5,28.5,37.5,36.5,34.5,37.5,34.5,33.0,313.0
2016-11-09,44.0,44.0,37.5,43.0,43.0,37.5,41.0,37.5,37.0,364.5
2016-11-11,48.0,48.0,44.5,39.0,37.5,37.5,33.5,44.5,37.5,370.0
2016-11-12,40.5,40.5,34.5,43.5,43.5,37.0,35.0,35.0,34.5,344.0
2016-11-13,57.5,57.5,38.5,38.5,35.5,35.5,31.5,37.0,35.0,366.5
2016-11-14,43.5,43.5,40.0,36.5,33.0,33.0,37.0,40.0,38.0,344.5
2016-11-15,39.0,39.0,38.5,44.5,44.5,36.5,42.5,39.0,38.5,362.0
2016-11-16,40.5,37.0,35.5,43.5,43.5,41.5,32.0,41.5,41.5,356.5
2016-11-17,48.0,48.0,31.5,41.5,33.0,33.0,35.0,32.5,32.5,335.0
2016-11-18,47.0,47.0,35.5,50.0,50.0,50.0,47.0,47.0,38.0,411.5
2016-11-19,40.5,40.5,35.0,50.5,38.0,38.0,50.5,37.5,36.5,367.0
2016-11-20,50.5,50.5,39.5,40.5,40.5,34.0,34.5,34.5,34.0,358.5
2016-11-21,39.5,39.5,38.0,43.5,43.5,34.0,44.5,44.5,38.0,365.0
2016-11-23,48.0,42.0,42.0,49.5,49.5,48.0,48.0,42.5,42.5,412.0
2016-11-25,52.5,52.5,38.5,48.0,48.0,43.0,43.0,41.0,39.5,406.0
2016-11-26,43.0,43.0,38.5,42.0,42.0,25.0,29.5,38.5,35.0,336.5
2016-11-27,41.5,41.5,39.0,46.5,46.5,46.5,43.0,43.0,42.5,390.0
2016-11-28,51.5,51.5,39.0,53.0,53.0,53.0,39.5,37.0,37.0,414.5
2016-11-29,47.5,43.5,31.0,54.5,47.0,47.0,54.5,40.5,40.5,406.0
2016-11-30,51.5,51.5,40.5,35.0,35.0,32.0,55.0,55.0,41.5,397.0
2016-12-01,50.0,50.0,30.0,50.0,50.0,41.5,28.0,41.5,38.0,379.0
2016-12-02,39.0,35.0,33.5,36.5,36.5,36.0,39.5,38.5,36.0,330.5
2016-12-03,36.5,36.0,36.0,34.5,34.5,30.5,43.5,38.5,38.5,328.5
2016-12-05,50.5,50.5,47.5,43.0,40.5,40.5,48.5,48.5,47.5,417.0
2016-12-06,50.5,50.5,33.5,42.0,42.0,42.0,37.5,35.5,35.5,369.0
2016-12-07,33.5,33.5,33.5,42.0,42.0,42.0,43.0,41.5,40.0,351.0
2016-12-08,34.0,34.0,30.0,34.0,34.0,33.0,36.5,36.5,34.0,306.0
2016-12-09,39.5,39.5,38.0,41.5,41.5,41.5,40.5,41.5,41.0,364.5
2016-12-10,45.5,39.0,39.0,55.5,55.5,38.5,32.0,38.5,37.5,381.0
2016-12-11,45.0,45.0,39.5,43.0,43.0,28.5,39.0,39.0,35.0,357.0
2016-12-12,47.0,47.0,37.5,47.5,47.5,47.5,37.0,38.5,38.5,388.0
2016-12-13,39.0,35.0,34.0,40.0,40.0,39.5,35.0,39.5,38.0,340.0
2016-12-14,38.5,38.0,38.0,34.0,32.5,28.0,42.5,37.5,37.5,326.5
2016-12-15,41.0,33.5,32.5,45.0,44.5,44.5,45.0,36.5,36.5,359.0
2016-12-16,46.0,46.0,38.5,40.0,40.0,32.0,36.0,38.5,35.5,352.5
2016-12-17,54.5,54.5,43.0,43.5,43.5,42.0,49.5,49.5,43.0,423.0
2016-12-18,36.5,32.5,31.0,32.5,32.5,32.0,40.0,40.0,36.5,313.5
2016-12-19,51.5,51.5,33.5,45.0,36.5,36.5,45.0,40.0,40.0,379.5
2016-12-20,42.0,42.0,40.0,56.0,56.0,56.0,45.5,47.5,47.5,432.5
2016-12-21,46.0,46.0,41.5,44.5,36.5,36.5,44.5,41.5,41.0,378.0
2016-12-22,32.0,30.5,29.5,38.5,38.5,37.0,32.5,33.0,33.0,304.5
2016-12-23,55.5,55.5,39.0,48.5,42.0,42.0,48.5,41.5,41.5,414.0
2016-12-25,45.0,45.0,43.0,46.5,46.5,43.0,28.5,43.0,43.0,383.5
2016-12-26,37.0,37.0,35.0,39.0,36.5,35.5,39.0,36.5,36.0,331.5
2016-12-28,46.0,46.0,40.0,46.0,46.0,44.5,39.5,44.5,40.5,393.0
2016-12-29,43.0,43.0,37.0,42.0,42.0,38.0,32.0,38.0,34.0,349.0
2016-12-30,51.0,51.0,40.0,37.5,36.0,36.0,37.5,40.0,35.5,364.5
2016-12-31,70.0,70.0,42.0,48.5,48.5,39.5,33.0,42.0,39.5,433.0
2017-01-01,43.5,43.5,41.5,41.0,41.0,39.0,41.0,34.0,34.0,358.5
2017-01-02,41.0,41.0,38.5,57.0,57.0,37.5,37.5,38.5,37.0,385.0
2017-01-03,43.5,43.5,37.0,42.0,41.0,35.0,40.0,40.0,35.5,357.5
2017-01-04,48.5,48.5,39.5,43.0,43.0,40.5,35.5,40.5,36.5,375.5
2017-01-05,49.0,49.0,40.5,37.0,31.0,31.0,41.0,41.0,38.0,357.5
2017-01-06,39.0,39.0,38.0,41.5,41.5,41.5,34.5,40.5,40.5,356.0
2017-01-07,56.0,56.0,43.5,46.0,45.0,45.0,46.0,43.5,35.0,416.0
2017-01-08,51.5,51.5,41.0,37.0,37.0,37.0,42.0,37.5,35.0,369.5
2017-01-10,55.0,55.0,45.5,39.5,39.5,39.5,44.0,45.5,40.5,404.0
2017-01-11,43.0,43.0,42.5,30.0,30.0,27.0,42.5,42.5,42.5,343.0
2017-01-12,33.5,33.5,31.5,35.0,33.5,33.5,35.0,33.0,33.0,301.5
2017-01-13,37.5,37.5,34.0,36.0,36.0,36.0,44.0,44.0,40.0,345.0
2017-01-14,40.0,34.5,33.0,45.5,38.5,38.5,45.5,44.0,44.0,363.5
2017-01-15,50.0,50.0,39.5,41.0,41.0,41.0,35.5,39.5,39.0,376.5
2017-01-16,40.0,35.5,35.5,43.0,40.5,40.5,43.0,38.0,38.0,354.0
2017-01-17,52.0,52.0,43.0,41.0,37.0,37.0,41.0,43.0,36.5,382.5
2017-01-18,48.0,48.0,43.0,49.0,49.0,44.0,34.0,44.0,43.0,402.0
2017-01-19,42.5,42.5,32.5,44.0,41.5,41.5,46.5,46.5,44.0,381.5
2017-01-20,35.5,35.5,28.5,37.5,37.5,32.0,47.0,33.0,33.0,319.5
2017-01-21,40.0,40.0,36.5,51.0,51.0,51.0,30.5,39.5,39.5,379.0
2017-01-23,52.0,52.0,46.0,44.5,44.5,43.0,29.0,45.0,45.0,401.0
2017-01-24,35.5,35.5,33.0,38.0,32.0,31.0,38.0,36.5,33.0,312.5
2017-01-25,42.0,42.0,42.0,44.5,44.5,44.5,41.5,43.5,43.5,388.0
2017-01-27,66.0,66.0,40.5,38.5,38.5,38.5,39.0,40.5,39.0,406.5
2017-01-28,47.5,47.5,41.5,49.0,49.0,49.0,47.0,47.0,41.0,418.5
2017-01-29,39.0,39.0,37.5,54.0,54.0,50.0,50.0,42.5,42.5,408.5
2017-01-30,44.5,36.5,36.5,50.5,50.5,50.5,50.5,37.5,37.5,394.5
2017-01-31,39.5,39.5,38.5,37.5,37.5,37.0,37.0,38.5,37.0,342.0
2017-02-01,47.5,47.5,40.0,43.5,43.5,41.5,41.5,40.0,40.0,385.0
2017-02-03,54.0,54.0,54.0,42.0,42.0,42.0,41.0,54.0,41.0,424.0
2017-02-04,41.5,41.5,39.0,47.0,47.0,47.0,45.5,43.0,43.0,394.5
2017-02-06,50.5,50.5,44.5,52.0,52.0,46.0,38.5,46.0,44.5,424.5
2017-02-08,37.0,37.0,37.0,37.5,37.5,37.5,42.5,38.5,38.5,343.0
2017-02-09,47.5,47.5,39.5,34.0,34.0,30.5,32.5,39.5,32.5,337.5
2017-02-10,38.5,35.0,35.0,48.0,44.5,43.0,48.0,44.5,43.0,379.5
2017-02-11,48.5,48.5,38.5,37.5,37.5,37.0,37.0,38.5,38.5,361.5
2017-02-13,37.5,33.0,31.5,47.0,39.0,36.5,47.0,38.0,36.5,346.0
2017-02-15,57.0,57.0,52.0,40.0,40.0,36.0,41.0,52.0,44.0,419.0
2017-02-23,39.5,39.5,39.0,49.0,49.0,49.0,33.0,44.0,44.0,386.0
2017-02-24,49.0,49.0,41.5,41.5,41.5,38.5,39.5,41.5,39.5,381.5
2017-02-25,40.5,40.5,35.5,46.5,38.0,38.0,54.0,54.0,46.5,393.5
2017-02-26,50.0,50.0,39.5,49.0,39.0,35.0,40.0,40.0,39.0,381.5
2017-02-27,37.5,37.5,36.5,33.0,33.0,32.0,44.5,44.5,36.5,335.0
2017-02-28,51.0,51.0,46.0,48.0,42.5,40.5,42.5,37.0,37.0,395.5
2017-03-01,30.0,30.0,29.5,46.5,46.5,41.0,41.0,39.5,39.5,343.5
2017-03-03,61.5,61.5,45.5,51.0,51.0,40.5,32.5,45.5,40.5,429.5
2017-03-04,43.5,43.5,36.0,46.5,46.5,41.0,41.0,35.0,35.0,368.0
2017-03-05,38.5,38.5,34.5,37.5,37.5,37.0,44.0,37.0,37.0,341.5
2017-03-06,42.5,42.5,35.5,47.0,47.0,44.5,34.5,42.5,42.5,378.5
2017-03-08,49.0,36.0,36.0,49.0,49.0,33.5,39.5,39.5,33.5,365.0
2017-03-09,45.0,45.0,33.0,47.0,47.0,38.0,55.0,55.0,36.5,401.5
2017-03-10,44.0,37.5,37.5,35.5,35.5,31.0,35.5,36.0,36.0,328.5
2017-03-11,52.0,52.0,39.5,61.0,43.0,43.0,61.0,44.0,44.0,439.5
2017-03-12,51.5,51.5,35.0,33.5,33.5,33.0,41.5,35.0,33.0,347.5
2017-03-13,42.0,38.0,36.0,38.5,38.5,35.5,47.0,47.0,34.0,356.5
2017-03-14,51.0,51.0,32.5,38.0,38.0,36.0,33.5,36.0,35.0,351.0
2017-03-15,38.0,38.0,36.5,44.0,44.0,39.5,37.5,39.5,37.5,354.5
2017-03-16,47.0,47.0,35.0,42.0,42.0,38.0,40.0,38.0,35.5,364.5
2017-03-17,56.0,56.0,32.5,38.0,36.0,33.0,38.0,36.0,35.5,361.0
2017-03-18,48.0,48.0,41.0,30.5,30.5,29.0,31.0,41.0,31.5,330.5
2017-03-19,41.5,40.0,40.0,37.5,37.5,34.0,36.0,37.0,37.0,340.5
2017-03-20,49.0,49.0,36.0,39.5,38.0,36.0,38.0,36.0,36.0,357.5
2017-03-21,46.0,46.0,38.5,55.0,55.0,55.0,37.0,46.5,46.5,425.5
2017-03-22,39.5,39.5,35.5,46.5,46.5,35.0,44.0,35.5,35.0,357.0
