Date,G1,G2,G3,G4,F1,F2,F3,F4,U1,Total
2010-11-12,43.0,37.0,37.0,37.0,41.5,39.5,38.5,41.5,36.5,351.5
2010-11-13,40.5,37.0,32.5,32.5,38.0,36.5,36.0,38.0,33.5,324.5
2010-11-14,32.5,31.5,31.0,31.0,45.5,39.5,36.0,45.5,30.5,323.0
2010-11-15,33.5,33.0,31.5,31.5,40.0,36.0,34.5,40.0,32.5,312.5
2010-11-16,36.0,35.5,33.5,33.5,41.0,37.0,36.0,41.0,35.5,329.0
2010-11-17,41.0,39.0,32.0,32.0,35.0,33.0,32.5,35.0,32.0,311.5
2010-11-18,33.0,32.5,32.5,32.5,41.5,38.5,34.0,41.5,39.0,325.0
2010-11-19,37.0,32.5,32.0,32.0,33.5,30.0,30.0,33.5,30.0,290.5
2010-11-20,42.0,38.0,34.0,34.0,41.5,38.0,36.0,41.5,39.0,344.0
2010-11-21,36.5,33.0,31.5,31.5,41.5,39.5,39.0,41.5,32.0,326.0
2010-11-22,38.5,32.5,32.5,32.5,43.5,39.0,36.0,43.5,32.5,330.5
2010-11-23,36.5,36.0,34.5,34.5,36.5,36.5,36.0,36.5,32.5,319.5
2010-11-24,38.0,33.0,33.0,33.0,37.0,35.5,33.5,37.0,32.0,312.0
2010-11-25,32.5,26.5,25.0,25.0,32.5,32.0,30.0,32.5,26.0,262.0
2010-11-26,37.0,35.0,33.0,33.0,37.0,35.5,35.0,37.0,41.5,324.0
2010-11-27,38.5,34.0,34.0,34.0,39.5,36.5,33.5,39.5,50.0,339.5
2010-11-28,36.0,34.0,33.0,33.0,40.0,35.5,35.0,40.0,32.5,319.0
2010-11-29,34.5,33.5,31.0,31.0,36.5,34.5,32.5,36.5,34.0,304.0
2010-11-30,34.5,34.0,33.5,33.5,40.5,33.5,33.0,40.5,32.0,315.0
2010-12-01,40.5,35.5,33.0,33.0,36.0,36.0,33.5,36.0,33.0,316.5
2010-12-02,36.5,32.5,32.5,32.5,39.0,38.0,37.0,39.0,34.5,321.5
2010-12-03,44.0,31.5,26.5,26.5,44.5,33.5,30.5,44.5,27.5,309.0
2010-12-04,43.5,41.5,39.5,39.5,45.0,45.0,40.5,45.0,39.0,378.5
2010-12-05,33.0,31.0,27.5,27.5,40.0,33.5,33.0,40.0,29.5,295.0
2010-12-06,37.0,31.0,29.0,29.0,36.5,31.5,30.0,36.5,26.5,287.0
2010-12-07,41.5,31.0,29.0,29.0,42.5,34.0,34.0,42.5,31.5,315.0
2010-12-08,41.5,40.5,37.0,37.0,43.5,36.0,34.5,43.5,33.0,346.5
2010-12-09,27.0,25.0,24.0,24.0,44.0,29.5,28.5,44.0,26.0,272.0
2010-12-10,41.0,32.0,30.5,30.5,33.0,32.5,31.0,33.0,27.0,290.5
2010-12-11,40.5,39.0,35.5,35.5,46.0,38.0,37.5,46.0,44.0,362.0
2010-12-12,35.0,30.0,30.0,30.0,40.0,37.5,35.0,40.0,30.5,308.0
2010-12-13,34.5,29.5,28.5,28.5,38.0,36.5,36.5,38.0,33.0,303.0
2010-12-14,35.5,33.0,29.0,29.0,36.5,32.0,27.0,36.5,32.5,291.0
2010-12-15,36.0,36.0,29.5,29.5,38.0,33.5,32.0,38.0,43.5,316.0
2010-12-16,33.0,31.0,29.5,29.5,34.0,31.5,31.0,34.0,29.0,282.5
2010-12-17,28.5,27.5,27.5,27.5,32.0,29.0,25.0,32.0,27.5,256.5
2010-12-18,60.0,37.5,35.0,35.0,46.5,43.5,36.5,46.5,33.5,374.0
2010-12-19,32.5,32.0,28.0,28.0,36.5,35.5,34.0,36.5,29.0,292.0
2010-12-20,40.5,39.0,31.0,31.0,34.0,33.5,31.0,34.0,33.0,307.0
2010-12-21,35.5,32.5,32.0,32.0,36.5,34.5,34.0,36.5,37.5,311.0
2010-12-22,38.5,34.5,32.0,32.0,38.0,33.0,33.0,38.0,33.0,312.0
2010-12-23,39.5,34.5,33.0,33.0,33.0,30.5,30.0,33.0,33.0,299.5
2010-12-27,31.5,29.5,29.0,29.0,31.5,27.5,27.5,31.5,27.5,264.5
2010-12-28,32.0,31.5,31.5,31.5,34.0,33.0,33.0,34.0,34.5,295.0
2010-12-29,37.0,35.5,33.0,33.0,39.5,35.5,34.5,39.5,34.0,321.5
2010-12-30,47.0,33.5,32.0,32.0,45.0,40.0,36.0,45.0,35.0,345.5
2010-12-31,37.5,34.0,33.0,33.0,36.5,31.0,30.5,36.5,31.5,303.5
2011-01-01,42.5,33.5,33.0,33.0,39.0,33.5,33.5,39.0,31.0,318.0
2011-01-02,40.5,39.5,34.0,34.0,34.0,33.0,32.0,34.0,32.5,313.5
2011-01-03,31.5,31.5,30.0,30.0,42.5,36.0,36.0,42.5,33.5,313.5
2011-01-04,49.0,42.5,30.0,30.0,34.5,34.0,33.0,34.5,36.5,324.0
2011-01-05,39.5,36.0,35.0,35.0,41.0,38.5,34.0,41.0,31.5,331.5
2011-01-06,39.5,37.5,35.5,35.5,36.5,35.0,35.0,36.5,34.0,325.0
2011-01-07,31.5,31.0,28.5,28.5,31.0,29.0,28.5,31.0,28.5,267.5
2011-01-08,39.5,38.5,38.0,38.0,41.5,41.0,38.5,41.5,37.5,354.0
2011-01-09,42.5,37.5,34.0,34.0,34.0,32.0,31.0,34.0,31.5,310.5
2011-01-10,31.5,31.5,31.0,31.0,31.0,31.0,28.0,31.0,28.0,274.0
2011-01-11,45.5,34.0,31.0,31.0,37.0,37.0,33.5,37.0,29.5,315.5
2011-01-12,41.0,37.5,34.5,34.5,39.5,38.0,34.5,39.5,33.5,332.5
2011-01-13,35.0,35.0,33.5,33.5,39.0,36.5,36.0,39.0,35.0,322.5
2011-01-14,25.5,25.0,24.5,24.5,35.5,28.0,28.0,35.5,26.0,252.5
2011-01-15,33.5,33.0,33.0,33.0,39.0,38.5,38.0,39.0,36.0,323.0
2011-01-16,37.5,36.5,35.0,35.0,33.5,32.0,32.0,33.5,29.5,304.5
2011-01-17,38.0,33.5,30.0,30.0,35.0,35.0,35.0,35.0,31.5,303.0
2011-01-18,29.0,27.0,27.0,27.0,31.5,28.5,28.0,31.5,26.5,256.0
2011-01-19,36.0,34.5,32.5,32.5,36.5,33.5,33.5,36.5,32.0,307.5
2011-01-20,37.0,34.5,34.0,34.0,38.5,36.5,35.0,38.5,36.0,324.0
2011-01-21,27.0,23.5,22.0,22.0,42.5,37.0,35.5,42.5,25.0,277.0
2011-01-22,39.0,37.5,36.5,36.5,39.0,39.0,38.0,39.0,39.5,344.0
2011-01-23,36.0,33.0,31.0,31.0,34.0,32.0,31.5,34.0,37.0,299.5
2011-01-24,38.0,36.5,34.5,34.5,41.0,37.0,36.0,41.0,37.0,335.5
2011-01-25,47.5,37.5,27.0,27.0,35.0,33.5,32.0,35.0,30.0,304.5
2011-01-26,36.5,34.0,33.0,33.0,41.0,37.5,37.0,41.0,35.0,328.0
2011-01-27,41.0,39.0,39.0,39.0,46.0,45.5,39.0,46.0,38.5,373.0
2011-01-28,25.0,25.0,24.0,24.0,34.0,27.5,27.0,34.0,25.0,245.5
2011-01-29,44.5,39.0,38.5,38.5,40.5,39.0,38.0,40.5,37.5,356.0
2011-01-30,35.0,33.0,31.5,31.5,37.5,36.0,33.5,37.5,31.5,307.0
2011-01-31,37.0,30.5,30.0,30.0,53.0,31.5,31.0,53.0,29.0,325.0
2011-02-01,32.0,32.0,30.0,30.0,39.0,39.0,35.5,39.0,34.0,310.5
2011-02-02,37.5,35.0,34.0,34.0,39.5,30.5,30.5,39.5,33.5,314.0
2011-02-03,36.5,31.0,30.5,30.5,43.5,41.5,34.0,43.5,33.0,324.0
2011-02-04,38.5,29.0,25.5,25.5,37.5,28.5,28.5,37.5,27.0,277.5
2011-02-05,40.5,39.0,34.5,34.5,43.5,40.5,40.5,43.5,40.5,357.0
2011-02-06,37.5,36.5,30.0,30.0,32.0,30.0,28.0,32.0,27.5,283.5
2011-02-07,35.0,34.5,33.0,33.0,44.5,34.5,32.5,44.5,30.5,322.0
2011-02-08,31.5,30.0,27.5,27.5,32.5,31.0,26.5,32.5,26.5,265.5
2011-02-09,38.5,35.0,34.0,34.0,41.0,37.5,36.5,41.0,33.5,331.0
2011-02-10,35.5,35.0,35.0,35.0,40.0,35.0,33.5,40.0,33.0,322.0
2011-02-11,29.0,25.5,25.0,25.0,38.0,28.5,28.5,38.0,25.5,263.0
2011-02-12,61.5,36.5,36.5,36.5,42.0,40.0,40.0,42.0,38.0,373.0
2011-02-13,35.5,34.0,33.5,33.5,36.0,33.5,33.5,36.0,30.0,305.5
2011-02-14,35.0,31.0,28.5,28.5,37.0,31.0,27.5,37.0,28.5,284.0
2011-02-15,40.5,37.5,37.0,37.0,34.5,32.0,31.5,34.5,32.5,317.0
2011-02-16,46.0,43.5,34.0,34.0,39.5,37.5,37.0,39.5,35.5,346.5
2011-02-17,36.0,35.5,32.0,32.0,35.0,31.5,31.0,35.0,31.0,299.0
2011-02-18,30.0,28.0,26.0,26.0,32.0,31.0,27.0,32.0,27.0,259.0
2011-02-19,43.5,35.0,34.5,34.5,40.0,39.5,39.0,40.0,38.5,344.5
2011-02-20,38.5,36.0,35.0,35.0,33.5,33.5,30.0,33.5,31.0,306.0
2011-02-21,28.5,28.0,26.5,26.5,31.0,29.0,28.0,31.0,31.5,260.0
2011-02-22,38.0,34.0,33.0,33.0,34.5,33.0,33.0,34.5,30.5,303.5
2011-02-23,39.5,34.5,29.5,29.5,34.5,33.5,32.0,34.5,32.0,299.5
2011-02-24,36.0,34.5,34.0,34.0,43.5,42.5,39.5,43.5,49.0,356.5
2011-02-25,34.0,29.0,28.5,28.5,31.5,30.5,29.0,31.5,28.5,271.0
2011-02-26,48.0,44.0,39.5,39.5,44.5,39.5,39.0,44.5,38.0,376.5
2011-02-27,32.5,32.0,29.5,29.5,40.5,38.0,38.0,40.5,30.5,311.0
2011-02-28,39.0,35.5,28.0,28.0,35.5,31.5,25.5,35.5,28.0,286.5
2011-03-01,37.0,34.0,33.0,33.0,32.5,31.5,31.0,32.5,32.5,297.0
2011-03-02,35.5,33.0,32.5,32.5,37.0,34.5,34.5,37.0,33.0,309.5
2011-03-03,38.5,38.5,34.5,34.5,38.0,37.5,37.5,38.0,36.5,333.5
2011-03-04,33.0,31.5,27.5,27.5,42.5,33.5,31.0,42.5,29.0,298.0
2011-03-05,40.0,36.0,33.5,33.5,39.0,38.5,37.5,39.0,35.0,332.0
2011-03-06,33.0,32.5,32.5,32.5,35.0,29.5,28.5,35.0,29.5,288.0
2011-03-07,28.5,26.5,26.0,26.0,35.0,34.5,29.5,35.0,28.0,269.0
2011-03-08,33.0,29.5,29.5,29.5,38.5,30.5,29.5,38.5,42.0,300.5
2011-03-09,43.5,43.5,34.0,34.0,37.5,36.0,36.0,37.5,33.5,335.5
2011-03-10,41.5,37.0,34.0,34.0,38.0,35.0,33.5,38.0,33.0,324.0
2011-03-11,46.5,45.0,32.5,32.5,37.0,35.5,35.5,37.0,34.5,336.0
2011-03-12,32.5,31.5,31.0,31.0,36.5,34.0,34.0,36.5,32.0,299.0
2011-03-15,35.5,30.0,29.5,29.5,33.0,31.5,31.5,33.0,30.0,283.5
2011-03-16,31.0,30.0,27.5,27.5,39.5,33.0,30.0,39.5,32.0,290.0
2011-03-17,35.5,31.0,29.5,29.5,42.0,31.0,30.0,42.0,28.5,299.0
2011-03-18,35.0,32.0,29.5,29.5,38.5,37.5,34.0,38.5,32.5,307.0
2011-03-19,36.5,33.5,33.0,33.0,29.0,29.0,29.0,29.0,29.0,281.0
2011-03-20,31.5,28.0,27.5,27.5,36.5,32.0,27.0,36.5,26.0,272.5
2011-03-21,29.5,26.0,25.0,25.0,35.5,32.5,28.0,35.5,25.5,262.5
2011-03-23,27.0,26.0,26.0,26.0,32.5,28.0,24.0,32.5,22.0,244.0
2011-03-25,33.5,30.5,25.5,25.5,38.5,32.0,30.5,38.5,26.5,281.0
2011-11-11,39.0,39.0,36.5,36.5,39.0,36.5,35.5,39.0,36.0,337.0
2011-11-12,40.5,32.0,30.5,30.5,36.5,36.0,35.0,36.5,33.0,310.5
2011-11-13,33.0,31.0,31.0,31.0,29.5,29.5,29.0,29.5,36.0,279.5
2011-11-14,36.0,35.5,35.0,35.0,36.5,33.5,31.0,36.5,34.0,313.0
2011-11-15,39.0,36.0,35.5,35.5,36.0,35.0,34.5,36.0,35.5,323.0
2011-11-16,37.0,33.0,30.5,30.5,38.0,33.0,29.0,38.0,33.0,302.0
2011-11-17,46.0,37.0,34.5,34.5,41.5,37.0,35.5,41.5,31.0,338.5
2011-11-18,38.5,37.5,36.5,36.5,37.0,34.5,31.0,37.0,35.5,324.0
2011-11-19,39.0,35.0,34.5,34.5,39.0,36.5,35.5,39.0,32.0,325.0
2011-11-20,47.0,39.0,34.5,34.5,44.5,36.0,32.0,44.5,32.0,344.0
2011-11-21,36.0,34.0,34.0,34.0,35.5,35.0,33.5,35.5,30.5,308.0
2011-11-22,36.5,34.5,34.0,34.0,40.5,38.0,35.5,40.5,36.5,330.0
2011-11-23,43.0,36.0,33.5,33.5,40.5,37.5,33.0,40.5,32.0,329.5
2011-11-24,29.5,28.5,26.5,26.5,41.5,28.5,27.0,41.5,25.5,275.0
2011-11-25,35.0,34.5,34.5,34.5,38.5,38.5,35.0,38.5,37.0,326.0
2011-11-26,40.5,36.0,35.5,35.5,42.5,40.0,37.5,42.5,35.5,345.5
2011-11-27,35.0,33.5,33.5,33.5,34.5,32.5,31.0,34.5,36.0,304.0
2011-11-28,34.0,31.5,31.0,31.0,39.0,36.0,32.0,39.0,30.0,303.5
2011-11-29,35.0,33.5,29.0,29.0,34.5,33.0,31.5,34.5,30.0,290.0
2011-11-30,45.0,36.5,32.5,32.5,41.0,36.5,35.0,41.0,33.5,333.5
2011-12-01,38.5,33.5,31.5,31.5,39.0,37.0,33.5,39.0,38.0,321.5
2011-12-02,35.5,33.5,33.0,33.0,37.5,27.5,27.0,37.5,32.0,296.5
2011-12-03,43.0,36.5,36.5,36.5,39.5,38.0,36.5,39.5,35.0,341.0
2011-12-04,33.0,31.5,31.0,31.0,33.5,32.0,30.5,33.5,30.5,286.5
2011-12-05,39.5,31.5,27.0,27.0,43.0,37.5,35.0,43.0,30.5,314.0
2011-12-06,44.0,36.5,34.0,34.0,36.5,34.5,34.5,36.5,32.5,323.0
2011-12-07,38.0,34.0,30.5,30.5,35.5,32.5,32.0,35.5,34.5,303.0
2011-12-08,73.0,73.0,37.0,37.0,57.0,57.0,45.0,57.0,40.0,476.0
2011-12-09,29.5,28.5,28.0,28.0,35.0,32.5,23.5,35.0,23.5,263.5
2011-12-10,43.0,38.5,37.0,37.0,44.0,40.0,38.5,44.0,36.5,358.5
2011-12-11,37.0,32.0,31.5,31.5,37.0,35.5,31.0,37.0,32.5,305.0
2011-12-12,37.0,34.0,29.0,29.0,33.0,31.0,30.0,33.0,28.0,284.0
2011-12-13,30.5,26.5,26.5,26.5,33.5,30.5,28.0,33.5,28.5,264.0
2011-12-14,32.0,31.0,29.0,29.0,37.5,37.0,33.5,37.5,40.0,306.5
2011-12-15,27.5,27.0,26.5,26.5,30.0,29.5,27.5,30.0,28.0,252.5
2011-12-16,31.5,29.5,27.0,27.0,33.5,26.5,26.5,33.5,34.0,269.0
2011-12-17,39.0,38.0,36.0,36.0,41.5,39.0,37.0,41.5,35.0,343.0
2011-12-18,35.5,30.5,29.0,29.0,36.5,36.0,30.0,36.5,34.0,297.0
2011-12-19,38.5,33.5,32.5,32.5,38.0,36.5,35.5,38.0,35.5,320.5
2011-12-20,34.0,32.5,30.5,30.5,32.5,32.0,30.5,32.5,30.5,285.5
2011-12-21,33.0,31.0,30.5,30.5,40.0,37.0,34.0,40.0,32.5,308.5
2011-12-22,37.0,34.0,33.5,33.5,43.0,40.0,37.0,43.0,41.5,342.5
2011-12-23,33.0,33.0,32.5,32.5,45.0,32.5,32.0,45.0,30.0,315.5
2011-12-27,48.5,29.5,27.5,27.5,33.0,28.0,27.5,33.0,29.5,284.0
2011-12-28,34.5,33.5,33.5,33.5,41.0,40.0,36.5,41.0,33.5,327.0
2011-12-29,36.5,36.5,36.5,36.5,37.5,37.5,36.5,37.5,34.5,329.5
2011-12-30,44.5,36.5,34.5,34.5,47.0,38.5,35.0,47.0,33.0,350.5
2011-12-31,39.0,39.0,39.0,39.0,50.5,44.0,40.0,50.5,38.5,379.5
2012-01-01,32.0,27.0,26.5,26.5,32.5,29.5,28.5,32.5,28.0,263.0
2012-01-02,39.0,38.0,32.0,32.0,50.0,37.5,37.5,50.0,34.5,350.5
2012-01-03,36.5,33.5,33.0,33.0,36.5,36.5,36.5,36.5,30.5,312.5
2012-01-04,34.5,33.5,31.0,31.0,40.5,32.0,31.5,40.5,37.5,312.0
2012-01-05,33.5,33.5,33.0,33.0,44.5,44.5,39.0,44.5,35.0,340.5
2012-01-06,34.5,27.5,26.5,26.5,34.5,30.5,27.0,34.5,35.5,277.0
2012-01-07,40.5,35.0,35.0,35.0,42.0,40.0,39.5,42.0,37.0,346.0
2012-01-08,36.0,32.0,31.0,31.0,53.0,38.5,34.5,53.0,32.5,341.5
2012-01-09,33.5,31.0,30.0,30.0,31.5,29.0,28.5,31.5,32.0,277.0
2012-01-10,43.5,35.5,35.0,35.0,37.0,34.5,34.0,37.0,34.0,325.5
2012-01-11,38.5,34.0,32.5,32.5,41.0,37.0,36.0,41.0,36.0,328.5
2012-01-12,35.5,35.0,35.0,35.0,49.0,35.0,34.0,49.0,37.0,344.5
2012-01-13,29.5,27.5,25.0,25.0,34.0,24.5,24.5,34.0,27.5,251.5
2012-01-14,48.5,35.5,35.5,35.5,38.0,37.0,36.5,38.0,36.5,341.0
2012-01-15,42.0,32.0,30.0,30.0,38.5,31.5,30.0,38.5,27.0,299.5
2012-01-16,36.0,34.5,33.0,33.0,38.0,37.5,33.0,38.0,41.5,324.5
2012-01-17,36.5,34.0,31.0,31.0,42.5,29.5,26.0,42.5,29.0,302.0
2012-01-18,42.0,38.0,33.5,33.5,36.0,36.0,34.0,36.0,33.5,322.5
2012-01-19,40.5,32.0,32.0,32.0,37.5,37.0,35.5,37.5,32.5,316.5
2012-01-20,34.5,28.0,27.0,27.0,27.5,25.5,23.0,27.5,28.5,248.5
2012-01-21,43.0,38.0,36.0,36.0,42.5,42.5,40.0,42.5,39.0,359.5
2012-01-22,28.5,28.0,28.0,28.0,34.0,26.0,24.5,34.0,27.5,258.5
2012-01-23,30.5,30.0,29.5,29.5,33.5,30.5,30.0,33.5,32.5,279.5
2012-01-24,29.5,28.5,24.0,24.0,34.0,34.0,31.0,34.0,29.0,268.0
2012-01-25,40.0,36.0,32.5,32.5,40.0,39.5,38.5,40.0,34.5,333.5
2012-01-26,37.5,37.0,36.5,36.5,36.5,35.5,31.0,36.5,36.0,323.0
2012-01-27,39.5,30.0,26.5,26.5,34.0,29.0,25.0,34.0,34.0,278.5
2012-01-28,39.5,39.0,37.5,37.5,43.5,42.0,42.0,43.5,35.5,360.0
2012-01-29,40.0,31.0,30.0,30.0,38.0,36.0,34.5,38.0,32.0,309.5
2012-01-30,44.5,31.5,29.5,29.5,33.0,32.0,32.0,33.0,40.5,305.5
2012-01-31,30.0,29.5,28.5,28.5,34.5,31.0,30.5,34.5,30.0,277.0
2012-02-01,36.5,33.0,33.0,33.0,40.5,40.0,39.5,40.5,32.5,328.5
2012-02-02,40.5,34.5,34.5,34.5,38.5,34.0,32.5,38.5,44.0,331.5
2012-02-03,29.0,25.0,25.0,25.0,31.5,29.5,23.5,31.5,23.5,243.5
2012-02-04,38.0,36.5,36.5,36.5,42.0,39.0,39.0,42.0,38.5,348.0
2012-02-05,33.5,29.5,29.0,29.0,36.5,31.5,31.0,36.5,34.0,290.5
2012-02-06,30.0,28.5,27.0,27.0,30.5,30.5,29.0,30.5,29.5,262.5
2012-02-07,30.0,27.5,25.5,25.5,40.0,35.5,33.5,40.0,29.0,286.5
2012-02-08,33.5,30.0,29.0,29.0,38.0,35.0,34.5,38.0,32.0,299.0
2012-02-09,36.5,35.0,34.5,34.5,40.0,34.5,33.0,40.0,37.0,325.0
2012-02-10,36.0,29.0,24.5,24.5,32.5,32.5,24.5,32.5,26.5,262.5
2012-02-11,37.0,37.0,36.0,36.0,44.0,44.0,41.0,44.0,42.5,361.5
2012-02-12,32.5,31.5,26.0,26.0,35.5,35.0,34.0,35.5,29.0,285.0
2012-02-13,29.5,26.0,25.5,25.5,32.0,29.0,27.5,32.0,35.5,262.5
2012-02-14,36.0,34.0,32.0,32.0,37.0,37.0,30.5,37.0,31.0,306.5
2012-02-15,35.5,35.0,33.5,33.5,40.5,35.5,35.5,40.5,37.0,326.5
2012-02-16,36.0,33.0,32.0,32.0,38.0,38.0,36.0,38.0,32.0,315.0
2012-02-17,32.5,27.5,27.0,27.0,30.0,29.5,28.5,30.0,24.0,256.0
2012-02-18,39.5,37.5,37.5,37.5,45.5,41.0,40.0,45.5,38.5,362.5
2012-02-19,31.0,29.5,25.5,25.5,39.0,34.5,27.0,39.0,24.0,275.0
2012-02-20,37.0,32.5,30.5,30.5,36.0,34.0,33.0,36.0,30.0,299.5
2012-02-21,46.0,34.5,34.5,34.5,31.5,30.0,29.5,31.5,28.5,300.5
2012-02-22,40.0,36.0,36.0,36.0,37.0,31.5,31.0,37.0,32.0,316.5
2012-02-23,49.5,39.5,34.0,34.0,55.5,44.5,38.0,55.5,37.0,387.5
2012-02-24,38.0,34.5,34.0,34.0,38.0,31.5,28.5,38.0,27.5,304.0
2012-02-25,43.5,39.5,37.0,37.0,48.5,44.0,41.0,48.5,38.5,377.5
2012-02-26,33.0,31.0,30.0,30.0,32.5,29.0,29.0,32.5,33.0,280.0
2012-02-27,33.0,31.0,29.0,29.0,32.5,31.0,27.5,32.5,26.5,272.0
2012-02-28,32.5,28.0,26.0,26.0,36.5,33.0,31.0,36.5,30.0,279.5
2012-02-29,43.0,31.5,31.0,31.0,40.5,38.0,34.0,40.5,33.5,323.0
2012-03-01,34.0,33.0,30.0,30.0,36.0,36.0,33.5,36.0,32.0,300.5
2012-03-02,31.0,30.0,30.0,30.0,41.5,41.0,34.5,41.5,31.0,310.5
2012-03-03,43.5,38.5,37.0,37.0,41.5,36.5,35.0,41.5,34.5,345.0
2012-03-04,36.5,30.0,29.5,29.5,37.5,35.5,35.5,37.5,29.5,301.0
2012-03-05,34.0,31.5,29.5,29.5,33.5,29.5,26.5,33.5,26.5,274.0
2012-03-06,31.0,28.5,28.0,28.0,33.5,31.5,30.5,33.5,29.0,273.5
2012-03-07,40.0,33.0,32.5,32.5,42.0,35.0,32.5,42.0,33.0,322.5
2012-03-08,40.5,37.0,32.0,32.0,36.0,35.5,35.0,36.0,36.5,320.5
2012-03-09,32.0,31.0,30.0,30.0,39.0,36.0,34.5,39.0,33.0,304.5
2012-03-10,33.5,32.5,31.5,31.5,39.0,32.0,31.0,39.0,30.5,300.5
2012-03-13,37.0,33.5,31.5,31.5,40.0,33.5,33.0,40.0,31.5,311.5
2012-03-14,42.5,38.0,34.0,34.0,34.0,32.5,31.0,34.0,32.0,312.0
2012-03-15,29.5,29.0,28.0,28.0,44.5,38.5,32.5,44.5,30.5,305.0
2012-03-16,35.5,32.5,29.5,29.5,44.0,36.5,33.0,44.0,37.0,321.5
2012-03-17,29.5,29.0,28.5,28.5,33.5,33.5,31.5,33.5,29.0,276.5
2012-03-18,34.0,33.0,29.5,29.5,35.5,33.5,32.0,35.5,33.0,295.5
2012-03-19,34.0,29.5,29.0,29.0,29.0,27.5,25.5,29.0,24.5,257.0
2012-03-21,30.0,28.0,27.5,27.5,34.5,26.5,25.5,34.5,25.0,259.0
2012-11-09,38.0,38.0,35.5,35.5,36.5,36.0,36.0,36.5,34.5,326.5
2012-11-10,39.5,38.5,34.0,34.0,38.5,36.5,31.5,38.5,35.0,326.0
2012-11-11,36.0,33.5,31.5,31.5,40.5,35.5,33.5,40.5,30.5,313.0
2012-11-12,35.0,34.0,32.5,32.5,44.0,38.5,33.0,44.0,31.0,324.5
2012-11-13,40.0,35.0,32.0,32.0,39.5,36.5,36.0,39.5,35.5,326.0
2012-11-14,35.5,31.5,30.5,30.5,37.0,30.0,29.5,37.0,31.0,292.5
2012-11-15,40.0,36.0,34.0,34.0,33.0,33.0,31.5,33.0,33.5,308.0
2012-11-16,35.0,34.0,33.5,33.5,39.5,35.0,33.5,39.5,31.5,315.0
2012-11-17,38.5,36.0,36.0,36.0,37.0,34.0,33.5,37.0,34.0,322.0
2012-11-18,48.0,37.5,35.0,35.0,34.5,34.0,33.5,34.5,32.0,324.0
2012-11-19,36.5,33.5,30.0,30.0,38.0,35.0,33.5,38.0,32.5,307.0
2012-11-20,35.0,33.0,31.0,31.0,37.5,36.0,35.5,37.5,34.0,310.5
2012-11-21,38.5,33.5,33.0,33.0,41.0,37.0,34.0,41.0,36.0,327.0
2012-11-22,32.5,31.0,29.0,29.0,36.5,31.5,29.5,36.5,28.0,283.5
2012-11-23,41.5,35.0,34.0,34.0,37.0,33.0,32.5,37.0,31.5,315.5
2012-11-24,34.5,34.5,33.0,33.0,46.0,37.5,35.0,46.0,33.0,332.5
2012-11-25,35.0,33.0,32.5,32.5,35.0,34.0,31.5,35.0,31.0,299.5
2012-11-26,33.5,33.5,33.0,33.0,43.0,40.0,30.5,43.0,36.5,326.0
2012-11-27,35.5,35.0,32.5,32.5,34.0,32.5,32.0,34.0,30.5,298.5
2012-11-28,35.5,34.5,33.5,33.5,40.0,39.0,37.0,40.0,34.5,327.5
2012-11-29,37.5,35.0,33.0,33.0,37.5,31.5,31.0,37.5,31.5,307.5
2012-11-30,34.5,33.0,31.5,31.5,35.5,34.0,32.5,35.5,29.0,297.0
2012-12-01,33.0,33.0,32.0,32.0,44.5,38.5,36.5,44.5,41.5,335.5
2012-12-02,29.5,27.0,27.0,27.0,31.5,31.5,30.0,31.5,26.5,261.5
2012-12-03,36.0,35.5,34.5,34.5,32.5,32.0,28.5,32.5,28.5,294.5
2012-12-04,32.5,32.5,32.5,32.5,38.0,36.0,34.0,38.0,30.5,306.5
2012-12-05,34.5,32.0,31.0,31.0,40.5,39.5,39.0,40.5,35.5,323.5
2012-12-06,36.0,34.5,32.0,32.0,39.0,35.5,31.5,39.0,35.5,315.0
2012-12-07,30.0,28.0,26.5,26.5,25.5,24.5,24.5,25.5,30.0,241.0
2012-12-08,42.5,40.0,39.0,39.0,36.5,35.5,35.5,36.5,36.5,341.0
2012-12-09,32.5,31.5,29.5,29.5,32.5,32.5,31.5,32.5,28.0,280.0
2012-12-10,27.0,26.0,24.0,24.0,31.0,30.0,27.5,31.0,24.0,244.5
2012-12-11,37.0,33.0,29.0,29.0,31.5,28.0,27.5,31.5,27.5,274.0
2012-12-12,35.5,32.0,29.0,29.0,41.0,40.5,37.5,41.0,39.0,324.5
2012-12-13,39.5,32.5,29.5,29.5,39.5,30.5,29.5,39.5,26.5,296.5
2012-12-14,33.5,30.0,28.5,28.5,29.0,29.0,21.0,29.0,25.0,253.5
2012-12-15,43.5,43.0,36.0,36.0,37.5,35.5,35.5,37.5,35.5,340.0
2012-12-16,34.5,32.0,31.5,31.5,40.5,38.5,36.5,40.5,32.0,317.5
2012-12-17,32.5,31.5,25.5,25.5,35.0,31.5,30.0,35.0,29.5,276.0
2012-12-18,39.0,33.5,30.5,30.5,34.5,32.0,31.5,34.5,37.5,303.5
2012-12-19,36.5,31.5,31.5,31.5,42.0,33.5,32.5,42.0,34.5,315.5
2012-12-20,36.5,34.5,30.0,30.0,35.0,34.5,33.0,35.0,33.5,302.0
2012-12-21,33.5,31.5,31.0,31.0,41.0,37.5,34.0,41.0,32.5,313.0
2012-12-22,42.5,42.5,38.5,38.5,37.5,34.5,33.5,37.5,35.5,340.5
2012-12-23,33.5,31.5,31.0,31.0,30.5,30.0,30.0,30.5,30.0,278.0
2012-12-27,31.0,30.0,27.5,27.5,36.0,27.5,26.5,36.0,27.5,269.5
2012-12-28,38.5,37.0,36.0,36.0,35.5,35.0,34.5,35.5,31.5,319.5
2012-12-29,43.0,40.0,36.5,36.5,44.5,39.0,39.0,44.5,37.5,360.5
2012-12-30,32.5,31.0,29.5,29.5,36.5,36.0,31.0,36.5,30.5,293.0
2012-12-31,36.5,34.0,32.5,32.5,44.5,37.0,32.0,44.5,30.0,323.5
2013-01-01,32.5,25.5,22.0,22.0,25.0,22.0,21.0,25.0,25.0,220.0
2013-01-02,41.5,36.0,34.0,34.0,44.5,40.0,33.5,44.5,38.0,346.0
2013-01-03,37.0,35.5,35.0,35.0,42.0,41.5,41.5,42.0,34.5,344.0
2013-01-04,29.0,28.0,28.0,28.0,31.5,29.5,28.5,31.5,26.5,260.5
2013-01-05,35.5,35.0,34.5,34.5,41.0,37.5,37.5,41.0,44.0,340.5
2013-01-06,30.5,29.0,27.5,27.5,30.5,30.0,30.0,30.5,27.5,263.0
2013-01-07,25.5,25.5,25.5,25.5,39.0,33.5,31.5,39.0,28.5,273.5
2013-01-08,38.0,34.5,34.0,34.0,31.5,29.0,28.0,31.5,30.0,290.5
2013-01-09,40.5,34.5,33.5,33.5,42.0,36.0,32.5,42.0,32.0,326.5
2013-01-10,37.0,34.5,34.0,34.0,38.0,38.0,38.0,38.0,35.0,326.5
2013-01-11,27.5,26.5,25.5,25.5,40.5,26.0,24.0,40.5,22.0,258.0
2013-01-12,40.0,33.5,33.5,33.5,41.0,39.5,39.5,41.0,38.0,339.5
2013-01-13,35.5,33.0,31.5,31.5,36.5,27.0,27.0,36.5,27.5,286.0
2013-01-14,37.0,37.0,37.0,37.0,35.0,29.5,28.0,35.0,28.0,303.5
2013-01-15,29.5,25.5,25.0,25.0,33.0,33.0,29.5,33.0,28.0,261.5
2013-01-16,41.0,33.5,33.5,33.5,42.0,41.0,38.0,42.0,34.5,339.0
2013-01-17,36.0,36.0,35.0,35.0,45.0,38.5,36.0,45.0,34.0,340.5
2013-01-19,43.5,39.0,38.5,38.5,39.0,36.0,35.5,39.0,37.0,346.0
2013-01-20,25.0,24.5,22.5,22.5,33.5,32.0,30.0,33.5,26.5,250.0
2013-01-21,32.0,32.0,30.0,30.0,32.5,29.0,29.0,32.5,29.0,276.0
2013-01-22,29.0,28.0,27.5,27.5,44.0,35.5,34.5,44.0,27.0,297.0
2013-01-23,31.5,31.0,31.0,31.0,39.0,39.0,32.0,39.0,31.5,305.0
2013-01-24,41.5,35.5,34.0,34.0,51.0,40.5,37.0,51.0,38.0,362.5
2013-01-25,37.5,32.5,25.5,25.5,33.0,31.0,23.5,33.0,29.0,270.5
2013-01-26,42.5,36.0,32.5,32.5,40.0,39.0,36.0,40.0,40.5,339.0
2013-01-27,38.0,30.5,30.5,30.5,44.5,36.0,31.5,44.5,27.5,313.5
2013-01-28,29.0,27.0,26.0,26.0,36.5,36.0,31.0,36.5,31.0,279.0
2013-01-29,30.5,30.0,29.0,29.0,33.5,32.5,27.5,33.5,26.0,271.5
2013-01-30,36.5,35.5,32.5,32.5,40.0,38.5,37.5,40.0,36.0,329.0
2013-01-31,35.0,34.5,34.5,34.5,43.5,39.5,37.5,43.5,36.5,339.0
2013-02-01,30.5,25.5,23.0,23.0,32.0,28.0,27.0,32.0,25.0,246.0
2013-02-02,39.5,38.0,34.5,34.5,39.5,38.0,37.5,39.5,39.0,340.0
2013-02-03,31.5,31.0,29.5,29.5,31.5,31.5,28.5,31.5,26.5,271.0
2013-02-04,38.0,31.0,30.5,30.5,43.5,33.0,29.0,43.5,29.5,308.5
2013-02-05,34.0,28.5,24.5,24.5,26.0,26.0,25.0,26.0,24.5,239.0
2013-02-06,32.5,31.5,30.0,30.0,35.0,34.5,33.5,35.0,32.0,294.0
2013-02-07,47.0,39.0,38.0,38.0,46.5,36.0,35.5,46.5,35.0,361.5
2013-02-08,30.5,30.5,30.0,30.0,41.0,35.0,33.0,41.0,26.5,297.5
2013-02-09,46.5,39.5,38.0,38.0,40.5,39.0,39.0,40.5,37.0,358.0
2013-02-10,36.0,35.5,35.0,35.0,30.5,30.0,28.5,30.5,30.0,291.0
2013-02-11,41.0,32.5,31.0,31.0,36.0,27.0,27.0,36.0,33.5,295.0
2013-02-12,37.5,29.0,27.5,27.5,39.5,28.5,25.5,39.5,25.0,279.5
2013-02-13,38.0,37.5,35.5,35.5,38.0,37.5,37.5,38.0,36.5,334.0
2013-02-14,44.0,38.5,36.0,36.0,39.0,37.0,36.0,39.0,33.5,339.0
2013-02-15,37.0,29.0,25.0,25.0,40.0,28.0,24.5,40.0,32.5,281.0
2013-02-16,38.5,38.5,38.0,38.0,47.0,42.5,39.0,47.0,40.0,368.5
2013-02-17,35.5,30.5,28.5,28.5,28.5,27.5,25.5,28.5,27.5,260.5
2013-02-18,32.5,31.5,28.5,28.5,42.0,33.5,32.0,42.0,30.5,301.0
2013-02-19,46.0,36.0,35.0,35.0,38.5,35.0,33.5,38.5,28.5,326.0
2013-02-20,43.5,39.0,36.0,36.0,35.0,33.5,33.0,35.0,35.0,326.0
2013-02-21,36.5,31.5,31.0,31.0,41.0,35.5,33.5,41.0,31.5,312.5
2013-02-22,35.0,28.5,27.5,27.5,26.5,25.0,22.5,26.5,26.0,245.0
2013-02-23,50.0,42.5,39.5,39.5,39.5,39.5,37.5,39.5,39.0,366.5
2013-02-24,29.5,28.5,27.0,27.0,36.0,33.0,28.5,36.0,27.0,272.5
2013-02-25,39.5,35.5,34.0,34.0,38.5,30.0,30.0,38.5,33.5,313.5
2013-02-26,27.0,27.0,25.5,25.5,38.0,34.0,34.0,38.0,32.5,281.5
2013-02-27,38.5,38.5,37.0,37.0,48.5,40.0,36.5,48.5,43.0,367.5
2013-02-28,38.0,36.5,33.5,33.5,40.5,35.5,33.5,40.5,35.5,327.0
2013-03-01,29.5,24.5,24.0,24.0,39.0,34.5,34.0,39.0,36.0,284.5
2013-03-02,39.5,37.5,36.0,36.0,48.0,43.0,42.5,48.0,45.5,376.0
2013-03-03,33.0,32.5,31.5,31.5,32.5,28.5,27.0,32.5,27.0,276.0
2013-03-04,33.0,30.0,28.5,28.5,29.5,26.5,24.0,29.5,28.5,258.0
2013-03-05,31.0,30.0,28.5,28.5,36.5,34.5,34.0,36.5,37.5,297.0
2013-03-06,34.5,33.0,33.0,33.0,39.5,36.0,34.5,39.5,34.0,317.0
2013-03-07,38.0,37.5,33.5,33.5,43.0,37.0,34.0,43.0,35.5,335.0
2013-03-08,31.0,31.0,30.5,30.5,37.0,33.0,33.0,37.0,29.5,292.5
2013-03-09,40.0,39.0,38.0,38.0,44.0,39.5,38.0,44.0,36.5,357.0
2013-03-10,36.5,33.5,30.5,30.5,36.0,32.0,29.5,36.0,29.5,294.0
2013-03-11,30.0,28.5,27.0,27.0,31.5,29.5,29.5,31.5,27.5,262.0
2013-03-12,37.5,33.0,28.0,28.0,34.0,29.0,28.0,34.0,27.0,278.5
2013-03-13,35.0,32.5,32.0,32.0,35.0,31.0,30.5,35.0,31.0,294.0
2013-03-14,40.5,38.5,37.5,37.5,37.5,35.0,34.0,37.5,36.5,334.5
2013-03-15,35.0,34.5,33.0,33.0,34.5,34.5,31.0,34.5,32.5,302.5
2013-03-16,32.0,30.0,28.0,28.0,31.5,30.5,29.5,31.5,33.5,274.5
2013-03-19,37.5,35.5,30.0,30.0,35.0,33.5,32.0,35.0,28.0,296.5
2013-03-20,33.0,31.5,31.0,31.0,39.0,33.0,31.0,39.0,29.5,298.0
2013-03-21,27.5,26.5,26.0,26.0,30.0,27.0,27.0,30.0,35.5,255.5
2013-03-22,37.5,34.0,30.0,30.0,30.0,29.5,29.0,30.0,28.5,278.5
2013-03-23,34.0,29.0,26.0,26.0,36.5,32.5,31.0,36.5,28.0,279.5
2013-03-24,33.5,27.5,26.5,26.5,33.0,26.0,24.0,33.0,34.0,264.0
2013-03-25,33.0,30.0,28.5,28.5,41.0,33.5,33.5,41.0,25.5,294.5
2013-03-27,39.5,36.5,33.5,33.5,32.0,26.0,24.0,32.0,31.5,288.5
2014-11-14,43.0,39.0,37.0,37.0,46.0,36.0,35.5,46.0,36.5,356.0
2014-11-15,35.5,34.5,29.5,29.5,38.5,33.5,33.5,38.5,30.0,303.0
2014-11-16,39.5,32.5,31.0,31.0,34.5,34.5,33.5,34.5,37.5,308.5
2014-11-17,42.5,37.5,36.0,36.0,41.5,36.0,34.0,41.5,40.0,345.0
2014-11-18,37.0,37.0,31.5,31.5,38.5,35.0,33.5,38.5,35.0,317.5
2014-11-19,35.5,35.0,33.0,33.0,40.5,38.5,32.0,40.5,36.0,324.0
2014-11-20,37.5,36.5,34.5,34.5,32.0,30.5,29.5,32.0,33.5,300.5
2014-11-21,35.0,35.0,33.5,33.5,39.5,36.0,35.0,39.5,36.0,323.0
2014-11-22,39.0,35.5,33.0,33.0,40.5,36.5,34.5,40.5,34.0,326.5
2014-11-23,41.5,38.0,34.5,34.5,33.0,31.0,29.5,33.0,33.0,308.0
2014-11-24,34.0,33.0,32.5,32.5,38.5,37.5,36.0,38.5,30.5,313.0
2014-11-25,40.0,36.5,35.5,35.5,37.5,34.0,33.0,37.5,34.0,323.5
2014-11-26,37.0,37.0,35.5,35.5,32.0,31.0,31.0,32.0,35.0,306.0
2014-11-27,32.5,30.0,29.5,29.5,31.0,28.5,25.5,31.0,27.0,264.5
2014-11-28,35.0,35.0,35.0,35.0,36.0,35.0,35.0,36.0,42.0,324.0
2014-11-29,36.5,35.5,32.5,32.5,35.0,35.0,34.0,35.0,34.0,310.0
2014-11-30,32.0,31.5,31.5,31.5,41.5,41.5,41.0,41.5,35.5,327.5
2014-12-01,32.5,31.5,31.0,31.0,36.0,34.0,27.5,36.0,34.5,294.0
2014-12-02,33.0,32.0,31.5,31.5,36.0,33.5,31.0,36.0,30.0,294.5
2014-12-03,43.0,36.5,35.5,35.5,37.0,33.0,33.0,37.0,39.0,329.5
2014-12-04,36.5,29.5,28.5,28.5,34.5,31.5,29.0,34.5,31.5,284.0
2014-12-05,31.0,30.5,30.0,30.0,36.0,35.5,32.0,36.0,29.0,290.0
2014-12-06,39.0,37.5,35.0,35.0,41.5,39.5,36.5,41.5,35.0,340.5
2014-12-07,39.0,35.5,29.0,29.0,39.0,38.5,36.5,39.0,32.0,317.5
2014-12-08,35.5,32.5,32.0,32.0,31.5,28.0,27.0,31.5,30.0,280.0
2014-12-09,32.5,32.5,32.0,32.0,32.5,31.5,31.0,32.5,27.0,283.5
2014-12-10,39.5,31.0,30.0,30.0,35.0,32.0,31.0,35.0,30.0,293.5
2014-12-11,28.5,28.5,28.5,28.5,36.5,29.0,27.5,36.5,27.5,271.0
2014-12-13,36.0,34.0,31.5,31.5,45.0,37.0,36.5,45.0,36.0,332.5
2014-12-14,42.5,36.5,31.0,31.0,36.5,33.0,32.0,36.5,43.5,322.5
2014-12-15,37.0,37.0,35.5,35.5,34.0,32.5,32.5,34.0,43.5,321.5
2014-12-16,36.5,32.5,30.5,30.5,39.0,36.5,34.5,39.0,29.5,308.5
2014-12-17,40.5,37.5,35.0,35.0,41.5,37.5,34.5,41.5,36.5,339.5
2014-12-18,34.0,29.5,29.5,29.5,38.5,30.5,28.5,38.5,32.5,291.0
2014-12-19,32.0,31.0,30.0,30.0,36.0,29.5,28.5,36.0,28.5,281.5
2014-12-20,40.5,34.0,34.0,34.0,42.0,41.0,40.0,42.0,35.5,343.0
2014-12-21,37.0,35.5,33.5,33.5,36.5,35.5,34.0,36.5,33.0,315.0
2014-12-22,35.5,31.5,31.5,31.5,33.5,31.5,31.5,33.5,36.5,296.5
2014-12-23,35.5,34.0,34.0,34.0,36.0,31.5,31.5,36.0,33.0,305.5
2014-12-27,31.5,31.5,31.0,31.0,37.5,29.0,29.0,37.5,29.0,287.0
2014-12-28,42.5,36.5,34.5,34.5,38.5,35.5,33.0,38.5,33.5,327.0
2014-12-29,39.0,32.0,30.5,30.5,31.0,29.5,29.5,31.0,39.0,292.0
2014-12-30,37.5,36.5,33.5,33.5,41.0,36.5,36.0,41.0,34.0,329.5
2014-12-31,30.5,29.0,28.5,28.5,36.5,35.0,32.0,36.5,30.5,287.0
2015-01-01,35.0,30.0,30.0,30.0,27.5,24.0,23.5,27.5,28.5,256.0
2015-01-02,32.5,32.0,31.5,31.5,31.5,31.0,29.5,31.5,29.5,280.5
2015-01-03,36.5,35.0,34.0,34.0,42.5,36.5,35.0,42.5,34.0,330.0
2015-01-04,35.5,32.5,29.5,29.5,38.5,37.0,36.5,38.5,32.5,310.0
2015-01-05,40.5,37.0,36.0,36.0,36.5,34.5,32.0,36.5,35.5,324.5
2015-01-06,34.5,33.5,33.0,33.0,35.5,31.0,29.0,35.5,30.0,295.0
2015-01-07,31.0,28.0,27.5,27.5,38.0,35.0,31.5,38.0,31.5,288.0
2015-01-08,36.5,35.5,32.5,32.5,42.5,36.0,35.5,42.5,34.5,328.0
2015-01-10,40.0,37.5,37.5,37.5,40.0,39.5,38.0,40.0,39.5,349.5
2015-01-11,32.0,31.5,30.0,30.0,32.0,31.0,30.0,32.0,35.0,283.5
2015-01-12,33.5,29.5,28.5,28.5,41.0,27.0,26.5,41.0,29.5,285.0
2015-01-13,34.5,32.5,32.0,32.0,36.5,29.0,28.5,36.5,30.5,292.0
2015-01-14,36.5,36.5,35.0,35.0,36.5,34.0,33.5,36.5,37.5,321.0
2015-01-15,39.5,34.5,33.0,33.0,35.0,33.5,32.5,35.0,31.5,307.5
2015-01-16,33.0,28.5,26.5,26.5,37.0,32.5,28.0,37.0,24.5,273.5
2015-01-17,38.0,38.0,37.0,37.0,38.0,38.0,37.5,38.0,44.5,346.0
2015-01-18,42.0,34.5,33.5,33.5,34.0,33.5,31.5,34.0,30.0,306.5
2015-01-19,34.5,31.5,31.5,31.5,29.5,28.5,26.5,29.5,30.0,273.0
2015-01-20,32.0,29.5,29.0,29.0,37.5,29.5,29.5,37.5,27.5,281.0
2015-01-21,38.0,35.0,34.0,34.0,48.0,40.0,33.5,48.0,31.0,341.5
2015-01-22,38.5,35.0,34.5,34.5,36.0,35.5,34.5,36.0,36.5,321.0
2015-01-23,30.5,30.0,30.0,30.0,37.0,32.5,32.0,37.0,23.0,282.0
2015-01-24,39.0,39.0,38.5,38.5,34.5,34.0,34.0,34.5,36.5,328.5
2015-01-25,36.0,35.0,29.5,29.5,37.0,35.5,29.0,37.0,28.5,297.0
2015-01-26,36.5,35.0,34.0,34.0,36.0,33.5,32.5,36.0,31.5,309.0
2015-01-27,28.5,27.5,27.5,27.5,33.0,28.0,28.0,33.0,27.0,260.0
2015-01-28,40.5,35.5,32.5,32.5,29.5,29.0,29.0,29.5,38.5,296.5
2015-01-29,49.0,40.0,38.0,38.0,38.0,38.0,32.5,38.0,37.0,348.5
2015-01-30,28.0,25.5,24.0,24.0,34.0,33.5,27.0,34.0,24.0,254.0
2015-01-31,40.5,40.0,36.5,36.5,41.5,41.0,36.0,41.5,40.5,354.0
2015-02-01,34.5,34.0,33.5,33.5,30.0,29.5,27.0,30.0,31.5,283.5
2015-02-02,36.0,29.0,27.5,27.5,34.5,33.5,31.0,34.5,28.5,282.0
2015-02-03,36.0,34.5,33.5,33.5,34.5,33.5,30.5,34.5,30.0,300.5
2015-02-04,36.5,35.0,35.0,35.0,34.5,33.5,33.5,34.5,41.5,319.0
2015-02-05,41.5,33.0,32.5,32.5,40.5,39.0,38.0,40.5,34.5,332.0
2015-02-06,39.0,35.0,31.0,31.0,37.0,31.0,30.0,37.0,27.5,298.5
2015-02-07,42.5,41.0,38.0,38.0,38.0,35.5,34.5,38.0,35.5,341.0
2015-02-08,42.0,41.0,32.5,32.5,32.5,31.5,31.0,32.5,33.0,308.5
2015-02-09,32.5,32.5,32.0,32.0,38.5,36.5,32.5,38.5,31.0,306.0
2015-02-10,38.0,29.0,29.0,29.0,47.5,39.0,33.5,47.5,33.0,325.5
2015-02-11,48.0,38.0,31.5,31.5,39.5,31.5,31.5,39.5,30.0,321.0
2015-02-12,32.0,32.0,30.0,30.0,38.0,36.0,34.5,38.0,29.5,300.0
2015-02-13,36.0,31.0,29.0,29.0,31.5,29.5,29.0,31.5,37.0,283.5
2015-02-14,37.5,36.0,35.0,35.0,37.0,36.5,36.5,37.0,34.5,325.0
2015-02-15,29.0,28.5,28.0,28.0,36.0,32.0,28.5,36.0,30.0,276.0
2015-02-16,39.5,38.0,35.5,35.5,34.0,33.5,33.0,34.0,33.0,316.0
2015-02-17,37.0,35.0,33.0,33.0,31.5,30.5,29.5,31.5,36.0,297.0
2015-02-18,36.0,34.5,33.5,33.5,35.0,35.0,33.5,35.0,32.0,308.0
2015-02-19,42.0,41.0,40.0,40.0,43.0,35.0,35.0,43.0,34.0,353.0
2015-02-20,38.5,28.5,28.0,28.0,35.5,28.0,24.5,35.5,26.5,273.0
2015-02-21,47.0,44.0,37.0,37.0,39.5,36.5,36.0,39.5,35.0,351.5
2015-02-22,35.5,32.5,32.5,32.5,37.0,33.5,30.5,37.0,32.5,303.5
2015-02-23,34.0,34.0,33.5,33.5,31.5,29.5,29.5,31.5,32.0,289.0
2015-02-24,35.5,31.0,30.5,30.5,36.0,35.0,29.0,36.0,28.5,292.0
2015-02-25,42.5,34.0,33.5,33.5,44.0,39.0,35.0,44.0,34.5,340.0
2015-02-26,40.0,37.0,35.5,35.5,35.5,35.5,35.0,35.5,38.0,327.5
2015-02-27,29.5,28.5,27.5,27.5,39.0,36.5,31.5,39.0,28.0,287.0
2015-02-28,38.0,37.0,35.5,35.5,47.0,38.0,36.0,47.0,33.5,347.5
2015-03-01,30.0,29.0,28.5,28.5,38.0,34.5,29.0,38.0,28.0,283.5
2015-03-02,40.5,30.0,29.0,29.0,33.5,30.0,29.5,33.5,29.0,284.0
2015-03-03,35.5,32.5,30.5,30.5,38.0,34.5,33.0,38.0,35.5,308.0
2015-03-04,36.5,32.0,31.5,31.5,33.5,33.0,32.5,33.5,33.5,297.5
2015-03-05,40.5,37.5,37.0,37.0,48.5,40.0,34.5,48.5,59.0,382.5
2015-03-06,38.0,38.0,33.5,33.5,38.0,33.5,33.5,38.0,31.0,317.0
2015-03-07,45.0,44.0,42.0,42.0,44.0,40.5,39.5,44.0,40.5,381.5
2015-03-08,37.0,33.0,31.5,31.5,42.0,37.0,34.0,42.0,31.0,319.0
2015-03-09,36.5,33.5,33.5,33.5,36.0,34.5,31.0,36.0,26.0,300.5
2015-03-10,33.0,31.5,30.5,30.5,29.5,25.5,25.0,29.5,24.5,259.5
2015-03-11,30.0,29.0,29.0,29.0,34.5,31.5,30.5,34.5,29.0,277.0
2015-03-12,39.0,37.5,36.0,36.0,32.0,32.0,31.5,32.0,34.5,310.5
2015-03-13,35.5,34.5,34.0,34.0,35.0,32.0,32.0,35.0,38.5,310.5
2015-03-14,35.5,31.5,31.5,31.5,38.5,32.5,28.5,38.5,30.5,298.5
2015-03-15,25.5,25.0,25.0,25.0,33.0,29.5,24.5,33.0,22.5,243.0
2015-03-17,47.5,34.5,34.5,34.5,39.0,36.0,31.0,39.0,31.5,327.5
2015-03-18,34.5,32.0,32.0,32.0,40.0,34.5,32.0,40.0,30.5,307.5
2015-03-19,46.5,40.5,30.0,30.0,31.5,30.5,28.5,31.5,29.5,298.5
2015-03-20,35.0,31.0,31.0,31.0,38.0,29.0,28.5,38.0,29.0,290.5
2015-03-21,32.5,30.5,27.5,27.5,35.5,34.0,29.5,35.5,27.5,280.0
2015-03-22,29.5,29.5,29.0,29.0,35.0,28.0,26.5,35.0,30.0,271.5
2015-03-23,28.5,26.5,26.0,26.0,40.0,35.5,32.5,40.0,37.0,292.0
2015-03-25,31.5,30.0,25.0,25.0,29.5,24.5,22.5,29.5,22.0,239.5
2015-03-26,33.5,29.5,28.0,28.0,32.0,30.0,24.5,32.0,27.0,264.5
2015-03-27,32.5,23.5,23.0,23.0,30.0,28.0,27.5,30.0,24.5,242.0
2015-11-13,38.0,37.0,36.5,36.5,43.0,41.5,37.5,43.0,37.0,350.0
2015-11-14,47.0,42.0,36.0,36.0,38.0,37.0,37.0,38.0,32.0,343.0
2015-11-15,34.0,32.0,31.0,31.0,35.0,34.5,33.5,35.0,34.5,300.5
2015-11-16,36.0,34.5,34.0,34.0,39.5,37.5,35.0,39.5,32.5,322.5
2015-11-17,47.5,38.0,35.5,35.5,36.5,35.5,35.0,36.5,34.5,334.5
2015-11-18,37.5,37.5,36.0,36.0,49.0,42.5,36.5,49.0,34.5,358.5
2015-11-19,33.0,32.0,31.5,31.5,39.0,33.0,33.0,39.0,34.0,306.0
2015-11-20,37.0,36.0,35.0,35.0,38.0,37.5,31.5,38.0,33.0,321.0
2015-11-21,33.5,33.5,32.5,32.5,48.0,40.5,39.5,48.0,38.5,346.5
2015-11-22,51.0,35.0,34.0,34.0,38.5,36.5,36.5,38.5,34.5,338.5
2015-11-23,43.0,35.0,31.5,31.5,43.0,39.5,39.0,43.0,34.0,339.5
2015-11-24,38.5,35.0,35.0,35.0,39.0,38.0,37.5,39.0,36.0,333.0
2015-11-25,36.0,33.5,32.5,32.5,39.0,34.0,33.5,39.0,42.0,322.0
2015-11-26,46.5,36.5,33.0,33.0,33.5,30.0,29.5,33.5,29.5,305.0
2015-11-27,40.0,39.0,35.0,35.0,41.0,36.5,34.5,41.0,34.5,336.5
2015-11-28,41.5,40.0,37.0,37.0,41.5,40.0,39.5,41.5,37.5,355.5
2015-11-29,39.5,36.0,34.0,34.0,38.0,33.0,33.0,38.0,33.5,319.0
2015-11-30,40.5,38.5,34.5,34.5,37.5,34.0,32.5,37.5,36.5,326.0
2015-12-01,47.0,35.5,34.5,34.5,35.5,33.0,32.5,35.5,33.0,321.0
2015-12-02,41.5,38.5,38.0,38.0,59.0,49.0,43.0,59.0,38.5,404.5
2015-12-03,33.5,33.5,33.0,33.0,36.0,31.0,30.5,36.0,31.5,298.0
2015-12-04,35.0,34.5,33.5,33.5,35.5,35.0,32.0,35.5,30.0,304.5
2015-12-05,41.5,37.0,35.5,35.5,48.5,40.0,37.5,48.5,35.5,359.5
2015-12-06,36.5,35.0,34.5,34.5,41.5,35.5,33.0,41.5,33.5,325.5
2015-12-07,35.0,33.0,33.0,33.0,42.0,31.0,31.0,42.0,30.5,310.5
2015-12-08,36.0,35.0,34.0,34.0,45.5,37.5,34.5,45.5,35.0,337.0
2015-12-09,41.0,37.0,36.5,36.5,41.5,37.0,36.5,41.5,35.5,343.0
2015-12-10,34.0,28.0,26.5,26.5,39.0,36.5,32.5,39.0,30.5,292.5
2015-12-11,24.5,23.5,22.0,22.0,29.0,24.0,23.5,29.0,21.0,218.5
2015-12-12,43.0,37.0,35.5,35.5,40.0,37.5,37.0,40.0,37.0,342.5
2015-12-13,36.5,35.5,30.5,30.5,34.0,33.0,33.0,34.0,31.0,298.0
2015-12-14,33.5,32.5,29.5,29.5,39.5,33.5,31.0,39.5,28.5,297.0
2015-12-15,39.5,33.0,32.0,32.0,40.0,34.5,34.0,40.0,36.0,321.0
2015-12-16,38.5,32.0,30.5,30.5,41.0,39.5,38.5,41.0,42.0,333.5
2015-12-17,32.0,29.5,29.5,29.5,41.0,35.5,34.5,41.0,33.0,305.5
2015-12-18,33.5,32.0,30.5,30.5,40.0,38.0,32.5,40.0,32.5,309.5
2015-12-19,46.0,40.5,38.5,38.5,42.5,41.5,37.0,42.5,36.0,363.0
2015-12-20,33.5,33.0,32.5,32.5,37.5,33.0,32.0,37.5,43.0,314.5
2015-12-21,40.0,34.5,30.5,30.5,45.5,41.0,38.0,45.5,34.0,339.5
2015-12-22,46.0,41.0,38.0,38.0,46.0,40.0,35.0,46.0,39.5,369.5
2015-12-23,40.0,37.5,35.5,35.5,37.0,33.0,33.0,37.0,33.0,321.5
2015-12-27,33.5,26.0,25.0,25.0,36.5,34.0,32.5,36.5,31.0,280.0
2015-12-28,41.0,37.0,35.0,35.0,39.5,33.5,33.5,39.5,35.0,329.0
2015-12-29,37.5,36.0,34.5,34.5,39.5,38.0,33.0,39.5,35.0,327.5
2015-12-30,48.5,46.5,37.5,37.5,44.0,39.5,33.5,44.0,40.0,371.0
2015-12-31,37.0,35.5,35.5,35.5,38.5,35.5,33.5,38.5,34.5,324.0
2016-01-01,33.0,29.5,25.0,25.0,30.5,29.5,28.5,30.5,31.0,262.5
2016-01-02,43.0,37.5,37.0,37.0,46.0,44.0,38.0,46.0,38.0,366.5
2016-01-03,31.5,30.0,29.0,29.0,39.0,37.5,34.0,39.0,36.5,305.5
2016-01-04,46.0,43.0,39.0,39.0,57.0,38.5,36.5,57.0,33.5,389.5
2016-01-05,37.5,37.5,36.0,36.0,34.0,33.0,31.0,34.0,35.0,314.0
2016-01-06,45.0,37.0,37.0,37.0,41.0,39.5,34.5,41.0,36.0,348.0
2016-01-07,39.5,34.5,33.0,33.0,42.0,34.5,34.0,42.0,38.0,330.5
2016-01-08,28.5,27.0,27.0,27.0,25.0,24.0,23.5,25.0,23.0,230.0
2016-01-09,39.5,39.5,38.0,38.0,44.0,44.0,39.5,44.0,39.5,366.0
2016-01-10,35.5,32.5,30.0,30.0,46.5,32.0,31.5,46.5,29.5,314.0
2016-01-11,27.5,26.5,26.0,26.0,36.0,33.0,33.0,36.0,27.5,271.5
2016-01-12,33.5,33.0,32.5,32.5,34.0,32.0,30.0,34.0,32.0,293.5
2016-01-13,42.5,39.0,37.5,37.5,42.0,35.0,34.5,42.0,33.5,343.5
2016-01-14,39.5,37.0,35.5,35.5,43.0,41.0,37.0,43.0,35.5,347.0
2016-01-15,42.0,32.0,29.5,29.5,29.5,29.5,26.5,29.5,34.0,282.0
2016-01-16,44.5,43.0,42.5,42.5,42.0,41.0,39.0,42.0,41.0,377.5
2016-01-17,31.5,31.0,31.0,31.0,28.5,28.0,26.5,28.5,28.0,264.0
2016-01-18,33.5,31.5,30.5,30.5,35.5,31.5,30.5,35.5,36.5,295.5
2016-01-19,32.5,32.0,32.0,32.0,47.5,37.5,33.5,47.5,39.0,333.5
2016-01-20,35.0,32.5,32.5,32.5,42.5,35.0,34.5,42.5,33.0,320.0
2016-01-21,41.5,36.5,36.5,36.5,43.5,41.5,40.0,43.5,41.0,360.5
2016-01-22,29.5,27.5,26.5,26.5,28.0,27.5,24.5,28.0,27.5,245.5
2016-01-23,38.5,38.0,37.0,37.0,40.5,39.5,38.5,40.5,35.0,344.5
2016-01-24,43.5,42.0,35.5,35.5,39.0,37.5,37.0,39.0,36.0,345.0
2016-01-25,42.0,35.0,34.0,34.0,33.0,33.0,31.5,33.0,31.0,306.5
2016-01-26,34.5,33.0,31.5,31.5,42.5,42.5,32.5,42.5,35.5,326.0
2016-01-27,40.5,36.5,36.5,36.5,40.0,34.0,33.5,40.0,34.5,332.0
2016-01-28,47.0,45.0,35.5,35.5,42.5,40.5,39.5,42.5,36.5,364.5
2016-01-29,36.0,34.0,32.5,32.5,33.0,30.0,30.0,33.0,34.0,295.0
2016-01-30,42.5,39.5,37.5,37.5,42.0,41.5,41.0,42.0,45.0,368.5
2016-01-31,40.5,32.0,32.0,32.0,38.0,33.0,31.0,38.0,34.5,311.0
2016-02-01,35.0,35.0,32.0,32.0,35.0,34.0,33.0,35.0,30.5,301.5
2016-02-02,33.5,33.5,33.5,33.5,40.0,37.0,36.0,40.0,32.5,319.5
2016-02-03,51.5,41.5,41.0,41.0,41.5,37.5,32.0,41.5,35.0,362.5
2016-02-04,39.5,37.0,36.5,36.5,36.5,36.0,36.0,36.5,36.0,330.5
2016-02-05,33.0,30.0,29.0,29.0,29.5,29.5,28.5,29.5,27.0,265.0
2016-02-06,48.0,41.0,39.0,39.0,41.5,39.0,38.5,41.5,36.5,364.0
2016-02-07,35.5,29.5,28.0,28.0,38.0,34.5,32.0,38.0,31.0,294.5
2016-02-08,35.5,34.0,33.5,33.5,44.5,43.5,41.5,44.5,37.0,347.5
2016-02-09,41.0,34.0,31.5,31.5,36.0,31.0,27.0,36.0,37.0,305.0
2016-02-10,39.5,36.0,35.5,35.5,46.0,38.5,34.5,46.0,33.5,345.0
2016-02-11,39.0,39.0,37.0,37.0,42.0,40.0,38.0,42.0,35.5,349.5
2016-02-12,39.5,30.5,29.5,29.5,42.0,35.0,35.0,42.0,32.0,315.0
2016-02-13,39.5,37.5,36.5,36.5,44.5,40.5,38.5,44.5,37.5,355.5
2016-02-14,46.5,37.5,36.5,36.5,38.0,35.0,34.5,38.0,42.0,344.5
2016-02-15,34.0,31.0,30.0,30.0,33.5,30.5,30.0,33.5,30.0,282.5
2016-02-16,39.0,32.5,32.0,32.0,48.5,40.5,35.5,48.5,35.5,344.0
2016-02-17,34.0,33.0,32.5,32.5,42.5,32.5,31.5,42.5,33.5,314.5
2016-02-18,38.0,37.5,35.5,35.5,47.5,43.0,41.0,47.5,38.5,364.0
2016-02-19,38.5,34.0,33.0,33.0,39.5,38.0,28.0,39.5,28.0,311.5
2016-02-20,47.0,41.5,39.5,39.5,39.5,38.5,38.5,39.5,39.0,362.5
2016-02-21,33.0,29.0,29.0,29.0,43.5,35.5,33.0,43.5,31.5,307.0
2016-02-22,35.0,32.5,30.5,30.5,33.5,33.0,32.5,33.5,30.5,291.5
2016-02-23,38.0,31.5,28.5,28.5,37.0,34.0,34.0,37.0,36.0,304.5
2016-02-24,37.0,32.0,31.5,31.5,38.0,33.5,33.5,38.0,31.0,306.0
2016-02-25,48.0,39.0,38.0,38.0,48.5,41.0,38.5,48.5,36.0,375.5
2016-02-26,43.5,35.5,29.5,29.5,30.5,30.5,30.0,30.5,29.0,288.5
2016-02-27,46.5,44.5,41.5,41.5,39.0,38.5,38.0,39.0,40.5,369.0
2016-02-28,37.0,34.0,30.5,30.5,40.0,36.0,36.0,40.0,34.0,318.0
2016-02-29,38.0,37.5,32.5,32.5,41.0,40.5,37.5,41.0,28.5,329.0
2016-03-01,34.0,29.5,29.0,29.0,36.5,36.0,36.0,36.5,32.5,299.0
2016-03-02,42.5,36.5,36.0,36.0,45.0,40.5,40.0,45.0,51.5,373.0
2016-03-03,39.0,36.0,34.5,34.5,41.0,36.5,35.0,41.0,34.5,332.0
2016-03-04,39.0,35.5,33.0,33.0,36.5,35.5,34.5,36.5,40.0,323.5
2016-03-05,40.5,40.5,37.0,37.0,41.0,40.5,38.5,41.0,40.5,356.5
2016-03-06,42.0,38.5,34.0,34.0,31.0,29.5,27.0,31.0,32.5,299.5
2016-03-07,39.0,32.0,31.0,31.0,39.0,37.0,34.0,39.0,30.5,312.5
2016-03-08,32.5,31.5,30.0,30.0,36.5,31.5,29.0,36.5,34.0,291.5
2016-03-09,42.5,38.0,35.5,35.5,35.5,34.5,34.0,35.5,33.5,324.5
2016-03-10,38.5,38.0,36.5,36.5,40.5,40.0,38.5,40.5,36.5,345.5
2016-03-11,47.0,44.0,37.0,37.0,45.0,34.0,33.0,45.0,33.5,355.5
2016-03-12,29.5,29.5,29.5,29.5,47.0,34.5,30.0,47.0,35.0,311.5
2016-03-13,32.5,32.0,30.5,30.5,35.0,31.5,27.5,35.0,24.0,278.5
2016-03-15,37.5,36.5,33.5,33.5,37.5,36.0,32.5,37.5,32.0,316.5
2016-03-16,36.5,36.0,36.0,36.0,41.0,40.5,38.0,41.0,35.0,340.0
2016-03-17,40.0,32.5,30.0,30.0,37.5,34.0,33.5,37.5,36.0,311.0
2016-03-18,30.5,30.0,29.5,29.5,37.5,32.0,32.0,37.5,31.0,289.5
2016-03-19,28.5,27.5,27.0,27.0,30.5,29.5,29.5,30.5,28.5,258.5
2016-03-20,44.5,34.0,31.0,31.0,30.5,28.5,28.0,30.5,28.0,286.0
2016-03-21,35.5,34.0,30.0,30.0,41.0,36.0,30.0,41.0,28.5,306.0
2016-03-23,25.0,23.5,22.0,22.0,35.5,31.5,28.0,35.5,24.0,247.0
2016-03-24,27.5,26.5,26.0,26.0,31.0,28.0,24.5,31.0,25.5,246.0
2016-03-28,47.5,34.5,32.0,32.0,38.5,27.5,21.5,38.5,27.5,299.5
2016-03-29,41.0,29.0,26.5,26.5,31.0,24.0,24.0,31.0,26.0,259.0
2016-11-11,46.5,39.0,36.5,36.5,42.0,38.0,37.5,42.0,36.5,354.5
2016-11-12,36.0,34.0,33.0,33.0,47.0,41.0,38.5,47.0,33.0,342.5
2016-11-13,44.5,34.0,33.0,33.0,39.0,38.0,38.0,39.0,33.5,332.0
2016-11-14,38.5,35.5,34.5,34.5,45.5,41.5,37.0,45.5,36.5,349.0
2016-11-15,37.5,35.5,35.0,35.0,42.5,39.5,36.0,42.5,34.5,338.0
2016-11-16,35.5,34.0,33.0,33.0,39.5,34.0,33.5,39.5,37.0,319.0
2016-11-17,40.0,34.5,34.5,34.5,34.5,33.5,33.0,34.5,36.0,315.0
2016-11-18,38.0,37.0,35.5,35.5,38.5,35.5,35.0,38.5,34.5,328.0
2016-11-19,45.5,39.0,38.5,38.5,40.5,40.0,36.0,40.5,34.0,352.5
2016-11-20,38.0,37.0,34.0,34.0,38.5,34.0,33.5,38.5,38.5,326.0
2016-11-21,38.5,36.0,36.0,36.0,34.5,34.0,33.5,34.5,36.0,319.0
2016-11-22,45.5,41.0,39.5,39.5,39.0,35.0,34.5,39.0,37.0,350.0
2016-11-23,37.0,36.5,36.0,36.0,38.0,36.0,36.0,38.0,38.0,331.5
2016-11-24,35.5,32.0,28.0,28.0,29.0,29.0,28.5,29.0,28.5,267.5
2016-11-25,45.0,37.0,34.0,34.0,43.0,40.5,38.5,43.0,35.0,350.0
2016-11-26,42.5,42.5,40.0,40.0,38.5,38.0,37.0,38.5,37.0,354.0
2016-11-27,47.5,38.0,35.0,35.0,38.5,34.5,34.0,38.5,37.0,338.0
2016-11-28,34.5,34.0,33.0,33.0,35.5,30.0,30.0,35.5,30.0,295.5
2016-11-29,36.5,36.5,34.0,34.0,38.5,36.5,36.5,38.5,35.5,326.5
2016-11-30,37.5,34.5,34.0,34.0,40.5,39.5,38.0,40.5,37.0,335.5
2016-12-01,34.5,30.5,29.5,29.5,34.5,34.0,29.0,34.5,31.5,287.5
2016-12-02,31.5,28.5,24.5,24.5,33.0,31.5,29.5,33.0,28.0,264.0
2016-12-03,44.0,38.0,37.0,37.0,48.5,47.5,36.5,48.5,36.5,373.5
2016-12-04,34.5,34.0,32.0,32.0,36.0,35.5,29.0,36.0,37.0,306.0
2016-12-05,40.5,37.5,34.0,34.0,41.5,32.0,32.0,41.5,32.5,325.5
2016-12-06,49.5,39.0,38.5,38.5,40.5,38.5,35.5,40.5,36.0,356.5
2016-12-07,40.0,36.0,35.0,35.0,41.0,32.5,32.0,41.0,33.0,325.5
2016-12-08,40.5,33.5,32.5,32.5,29.0,25.0,24.0,29.0,28.5,274.5
2016-12-09,31.5,29.5,26.0,26.0,26.5,26.0,21.5,26.5,24.5,238.0
2016-12-10,43.5,41.0,40.5,40.5,40.5,34.5,32.5,40.5,42.0,355.5
2016-12-11,35.0,31.5,31.0,31.0,39.5,32.0,31.5,39.5,32.0,303.0
2016-12-12,29.0,27.5,26.5,26.5,33.5,28.0,27.5,33.5,33.5,265.5
2016-12-13,37.0,31.0,31.0,31.0,45.0,34.5,30.0,45.0,35.5,320.0
2016-12-14,38.0,34.5,34.0,34.0,42.0,38.0,36.0,42.0,35.0,333.5
2016-12-15,38.5,33.0,32.5,32.5,32.0,31.0,29.0,32.0,29.0,289.5
2016-12-16,30.0,29.5,29.0,29.0,37.5,33.5,33.5,37.5,31.0,290.5
2016-12-17,41.0,40.5,39.0,39.0,39.5,38.0,38.0,39.5,36.0,350.5
2016-12-18,38.5,35.0,33.5,33.5,36.0,33.0,32.5,36.0,34.5,312.5
2016-12-19,44.5,44.0,33.5,33.5,39.0,37.5,33.5,39.0,33.5,338.0
2016-12-20,39.0,33.0,32.5,32.5,40.0,33.5,32.5,40.0,32.5,315.5
2016-12-21,44.5,39.5,36.0,36.0,45.0,38.0,36.0,45.0,34.5,354.5
2016-12-22,39.5,39.0,36.5,36.5,43.5,36.5,36.0,43.5,38.5,349.5
2016-12-23,32.0,32.0,30.0,30.0,39.0,39.0,32.5,39.0,31.5,305.0
2016-12-27,30.5,28.0,26.5,26.5,35.5,33.0,31.5,35.5,26.5,273.5
2016-12-28,36.5,34.0,34.0,34.0,33.0,33.0,32.5,33.0,32.5,302.5
2016-12-29,37.0,35.5,34.5,34.5,37.0,36.5,34.0,37.0,32.5,318.5
2016-12-30,37.5,37.0,33.0,33.0,40.0,37.0,36.5,40.0,33.0,327.0
2016-12-31,44.0,39.5,37.0,37.0,40.0,39.0,35.5,40.0,35.0,347.0
2017-01-01,42.5,41.0,36.5,36.5,44.0,42.5,36.5,44.0,34.0,357.5
2017-01-02,41.5,36.0,34.5,34.5,41.5,32.5,31.5,41.5,31.5,325.0
2017-01-03,32.5,31.0,30.5,30.5,38.5,34.5,34.0,38.5,28.5,298.5
2017-01-04,45.5,43.5,37.5,37.5,38.0,37.5,36.0,38.0,36.0,349.5
2017-01-05,45.0,42.0,41.0,41.0,39.5,39.0,34.5,39.5,38.0,359.5
2017-01-06,30.0,29.5,29.5,29.5,33.5,29.5,28.0,33.5,30.0,273.0
2017-01-07,50.0,41.5,39.0,39.0,40.5,40.0,37.0,40.5,37.5,365.0
2017-01-08,39.5,37.0,34.0,34.0,36.0,34.5,33.5,36.0,34.0,318.5
2017-01-09,35.5,34.0,31.5,31.5,30.5,26.5,26.5,30.5,28.0,274.5
2017-01-10,37.5,30.5,30.5,30.5,37.0,34.5,33.0,37.0,34.5,305.0
2017-01-11,36.0,35.5,32.5,32.5,36.5,35.5,35.0,36.5,33.0,313.0
2017-01-12,36.5,35.5,35.0,35.0,39.5,37.5,37.0,39.5,35.5,331.0
2017-01-13,29.5,29.5,28.5,28.5,42.5,42.0,33.5,42.5,29.0,305.5
2017-01-14,47.5,44.5,41.0,41.0,44.5,40.5,39.5,44.5,39.5,382.5
2017-01-15,39.5,32.0,31.0,31.0,29.0,27.0,26.5,29.0,28.0,273.0
2017-01-16,35.5,35.0,34.5,34.5,39.0,31.5,31.0,39.0,32.0,312.0
2017-01-17,35.0,34.0,31.5,31.5,49.5,35.5,35.5,49.5,31.5,333.5
2017-01-18,42.5,42.0,36.5,36.5,43.0,34.5,33.5,43.0,33.0,344.5
2017-01-19,44.0,40.0,35.5,35.5,39.5,38.0,35.0,39.5,34.5,341.5
2017-01-20,31.0,31.0,30.0,30.0,35.0,32.5,31.0,35.0,29.0,284.5
2017-01-21,43.0,42.0,40.5,40.5,48.0,45.0,40.0,48.0,37.5,384.5
2017-01-22,37.0,35.0,31.5,31.5,40.0,37.5,32.0,40.0,30.5,315.0
2017-01-23,37.5,35.5,33.5,33.5,45.0,33.0,32.5,45.0,31.0,326.5
2017-01-24,37.0,33.0,31.5,31.5,38.5,36.5,36.5,38.5,31.5,314.5
2017-01-25,45.0,40.5,39.5,39.5,37.0,36.0,35.5,37.0,36.5,346.5
2017-01-26,39.5,36.5,34.5,34.5,35.5,34.5,34.0,35.5,41.0,325.5
2017-01-27,33.5,33.0,29.0,29.0,36.0,35.0,32.5,36.0,28.0,292.0
2017-01-28,42.0,38.5,37.0,37.0,50.0,42.0,39.0,50.0,38.0,373.5
2017-01-29,35.5,33.0,32.5,32.5,36.0,35.5,35.5,36.0,33.5,310.0
2017-01-30,47.0,33.5,32.0,32.0,33.5,32.0,31.0,33.5,31.0,305.5
2017-01-31,35.0,34.5,32.5,32.5,39.5,38.5,38.0,39.5,32.5,322.5
2017-02-01,42.0,38.5,35.0,35.0,42.5,41.5,39.5,42.5,37.0,353.5
2017-02-02,38.5,38.0,36.5,36.5,46.5,40.5,38.0,46.5,34.0,355.0
2017-02-03,39.5,33.0,33.0,33.0,31.5,31.5,28.5,31.5,27.5,289.0
2017-02-04,43.0,38.5,38.0,38.0,50.0,48.5,46.5,50.0,39.0,391.5
2017-02-05,31.0,26.0,25.5,25.5,28.5,27.5,23.5,28.5,23.5,239.5
2017-02-06,34.0,32.5,32.0,32.0,28.5,27.5,27.0,28.5,29.0,271.0
2017-02-07,51.0,39.0,38.0,38.0,45.5,34.5,29.0,45.5,35.0,355.5
2017-02-08,37.0,34.5,34.0,34.0,44.0,40.5,37.0,44.0,32.5,337.5
2017-02-09,40.5,40.0,40.0,40.0,37.0,36.5,36.0,37.0,40.0,347.0
2017-02-10,26.0,24.5,24.5,24.5,31.0,30.0,28.5,31.0,29.5,249.5
2017-02-11,40.0,39.0,38.5,38.5,41.5,41.5,38.5,41.5,42.0,361.0
2017-02-12,36.0,35.5,34.0,34.0,28.0,26.0,24.5,28.0,34.5,280.5
2017-02-13,38.5,38.5,36.0,36.0,38.5,38.5,37.5,38.5,33.5,335.5
2017-02-14,36.5,33.5,33.0,33.0,36.0,34.5,33.0,36.0,35.5,311.0
2017-02-15,42.5,39.0,35.5,35.5,37.0,36.5,33.0,37.0,33.5,329.5
2017-02-16,37.0,36.0,35.5,35.5,36.5,35.0,33.5,36.5,37.5,323.0
2017-02-17,37.0,34.5,34.0,34.0,33.5,29.5,29.5,33.5,28.0,293.5
2017-02-18,40.0,38.5,37.0,37.0,54.0,39.0,38.5,54.0,37.5,375.5
2017-02-19,37.5,32.0,29.0,29.0,38.5,37.5,37.5,38.5,35.5,315.0
2017-02-20,34.0,33.5,32.0,32.0,40.0,32.5,32.5,40.0,31.5,308.0
2017-02-21,36.0,32.5,31.5,31.5,42.5,38.0,37.5,42.5,35.5,327.5
2017-02-22,38.5,32.5,31.0,31.0,36.0,35.0,34.0,36.0,33.5,307.5
2017-02-23,41.5,40.5,38.0,38.0,37.0,37.0,34.5,37.0,37.5,341.0
2017-02-24,39.5,29.5,29.0,29.0,33.5,32.5,30.0,33.5,29.5,286.0
2017-02-25,44.5,41.0,38.5,38.5,45.5,41.5,38.5,45.5,36.0,369.5
2017-02-26,36.5,35.0,31.0,31.0,33.5,32.0,30.0,33.5,30.0,292.5
2017-02-27,37.5,36.5,29.5,29.5,34.5,33.5,32.0,34.5,28.0,295.5
2017-02-28,44.5,36.0,36.0,36.0,36.0,30.5,30.5,36.0,35.0,320.5
2017-03-01,45.0,38.0,37.0,37.0,34.0,32.5,31.5,34.0,36.0,325.0
2017-03-02,44.0,42.0,37.0,37.0,39.5,33.0,30.5,39.5,36.5,339.0
2017-03-03,42.5,37.5,37.0,37.0,35.0,33.5,32.5,35.0,35.5,325.5
2017-03-04,39.5,38.0,37.0,37.0,44.5,41.0,40.0,44.5,37.0,358.5
2017-03-05,35.5,33.5,33.5,33.5,34.5,33.5,31.0,34.5,44.0,313.5
2017-03-06,39.5,39.0,31.5,31.5,49.5,32.0,31.0,49.5,33.0,336.5
2017-03-07,43.5,38.5,33.5,33.5,41.0,31.0,30.0,41.0,30.0,322.0
2017-03-08,37.5,32.5,32.5,32.5,43.0,34.5,34.5,43.0,35.5,325.5
2017-03-09,44.0,39.5,39.5,39.5,39.5,36.5,33.5,39.5,34.0,345.5
2017-03-10,33.0,32.0,32.0,32.0,39.0,36.0,32.5,39.0,32.0,307.5
2017-03-11,35.5,32.0,31.5,31.5,33.0,31.0,29.0,33.0,30.5,287.0
2017-03-12,30.5,29.0,27.0,27.0,28.0,27.5,24.5,28.0,24.5,246.0
2017-03-14,36.5,36.5,31.0,31.0,31.0,29.0,29.0,31.0,38.5,293.5
2017-03-15,41.5,35.5,33.5,33.5,37.5,32.0,31.5,37.5,32.5,315.0
2017-03-16,35.5,32.5,29.5,29.5,36.5,32.5,32.5,36.5,30.5,295.5
2017-03-17,40.5,39.0,36.0,36.0,34.5,31.0,30.5,34.5,29.5,311.5
2017-03-18,33.0,28.0,27.5,27.5,37.0,31.5,30.0,37.0,30.5,282.0
2017-03-19,35.5,34.0,32.0,32.0,36.0,32.0,30.5,36.0,29.0,297.0
2017-03-20,35.0,32.0,31.5,31.5,37.0,27.5,25.0,37.0,25.5,282.0
2017-03-22,32.0,32.0,25.5,25.5,28.5,24.0,23.5,28.5,24.0,243.5
