Date,W1,W2,W3,C1,C2,D1,D2,U,G,Total
2010-10-07,24.0,22.5,22.5,25.5,24.0,16.5,18.0,22.5,37.2,212.7
2010-10-08,28.5,22.5,21.0,25.5,21.0,7.5,13.5,19.5,30.6,189.6
2010-10-09,31.5,24.0,24.0,31.5,31.5,24.0,30.0,30.0,27.0,253.5
2010-10-11,30.0,27.0,24.0,28.5,22.5,16.5,18.0,21.0,30.6,218.1
2010-10-13,25.5,21.0,21.0,28.5,27.0,12.0,18.0,19.5,29.4,201.9
2010-10-14,24.0,22.5,21.0,30.0,30.0,12.0,13.5,28.5,31.2,212.7
2010-10-15,34.5,33.0,28.5,40.5,34.5,16.5,24.0,25.5,27.6,264.6
2010-10-16,37.5,27.0,27.0,36.0,22.5,25.5,30.0,25.5,32.4,263.4
2010-10-18,25.5,22.5,21.0,30.0,24.0,13.5,18.0,21.0,24.6,200.1
2010-10-21,34.5,22.5,21.0,37.5,27.0,16.5,18.0,27.0,32.4,236.4
2010-10-22,43.5,34.5,22.5,43.5,28.5,15.0,25.5,25.5,23.4,261.9
2010-10-23,40.5,37.5,31.5,39.0,37.5,19.5,21.0,31.5,33.6,291.6
2010-10-26,30.0,30.0,25.5,30.0,27.0,16.5,25.5,24.0,24.0,232.5
2010-10-27,37.5,34.5,30.0,45.0,27.0,18.0,22.5,27.0,32.4,273.9
2010-10-28,33.0,33.0,25.5,22.5,21.0,15.0,19.5,22.5,29.4,221.4
2010-10-29,30.0,25.5,25.5,28.5,27.0,19.5,24.0,25.5,24.0,229.5
2010-10-30,34.5,28.5,24.0,33.0,31.5,25.5,28.5,31.5,36.6,273.6
2010-11-03,27.0,27.0,24.0,24.0,22.5,18.0,34.5,24.0,31.2,232.2
2010-11-04,21.0,15.0,15.0,31.5,19.5,13.5,15.0,16.5,30.0,177.0
2010-11-05,39.0,25.5,24.0,37.5,33.0,18.0,22.5,30.0,34.8,264.3
2010-11-06,36.0,33.0,27.0,36.0,36.0,18.0,22.5,28.5,33.6,270.6
2010-11-09,24.0,22.5,22.5,36.0,28.5,13.5,16.5,28.5,35.4,227.4
2010-11-10,27.0,27.0,24.0,28.5,28.5,13.5,25.5,25.5,31.2,230.7
2010-11-11,48.0,30.0,24.0,39.0,25.5,16.5,21.0,25.5,27.0,256.5
2010-11-12,27.0,27.0,22.5,34.5,22.5,15.0,15.0,21.0,22.8,207.3
2010-11-13,49.5,31.5,27.0,43.5,33.0,19.5,22.5,28.5,33.6,288.6
2010-11-15,30.0,27.0,25.5,34.5,25.5,15.0,33.0,24.0,31.8,246.3
2010-11-17,33.0,25.5,25.5,48.0,39.0,19.5,22.5,30.0,29.4,272.4
2010-11-18,36.0,36.0,33.0,37.5,28.5,15.0,16.5,33.0,39.6,275.1
2010-11-19,36.0,34.5,31.5,34.5,24.0,18.0,21.0,25.5,32.4,257.4
2010-11-20,39.0,27.0,24.0,28.5,21.0,15.0,15.0,22.5,36.0,228.0
2010-11-22,25.5,21.0,19.5,27.0,27.0,12.0,19.5,27.0,33.0,211.5
2010-11-24,33.0,28.5,27.0,30.0,25.5,15.0,18.0,25.5,33.0,235.5
2010-11-26,37.5,33.0,24.0,27.0,27.0,18.0,22.5,25.5,39.0,253.5
2010-11-27,37.5,37.5,36.0,37.5,30.0,16.5,25.5,30.0,32.4,282.9
2010-11-29,27.0,27.0,25.5,16.5,16.5,12.0,13.5,18.0,34.2,190.2
2010-11-30,40.5,31.5,28.5,30.0,24.0,15.0,28.5,27.0,34.8,259.8
2010-12-01,42.0,33.0,31.5,33.0,30.0,13.5,21.0,31.5,39.6,275.1
2010-12-02,45.0,24.0,24.0,34.5,27.0,15.0,16.5,22.5,34.8,243.3
2010-12-03,28.5,27.0,19.5,18.0,16.5,12.0,13.5,19.5,39.6,194.1
2010-12-04,28.5,25.5,24.0,31.5,28.5,16.5,22.5,27.0,34.2,238.2
2010-12-05,18.0,16.5,16.5,34.5,34.5,13.5,21.0,34.5,30.6,219.6
2010-12-06,24.0,21.0,19.5,25.5,24.0,15.0,18.0,22.5,22.2,191.7
2010-12-07,25.5,25.5,22.5,24.0,22.5,13.5,18.0,21.0,23.4,195.9
2010-12-08,24.0,22.5,21.0,33.0,25.5,16.5,18.0,24.0,24.0,208.5
2010-12-09,31.5,25.5,24.0,30.0,25.5,16.5,16.5,25.5,36.6,231.6
2010-12-10,22.5,21.0,18.0,21.0,19.5,16.5,19.5,16.5,25.2,179.7
2010-12-11,30.0,28.5,27.0,31.5,24.0,19.5,22.5,25.5,28.8,237.3
2010-12-13,30.0,27.0,22.5,30.0,27.0,16.5,19.5,25.5,45.6,243.6
2010-12-15,34.5,34.5,31.5,33.0,31.5,15.0,40.5,31.5,32.4,284.4
2010-12-16,36.0,27.0,27.0,24.0,24.0,18.0,22.5,25.5,30.0,234.0
2010-12-18,31.5,25.5,25.5,42.0,27.0,18.0,22.5,24.0,28.8,244.8
2010-12-20,25.5,21.0,21.0,46.5,33.0,15.0,33.0,25.5,42.0,262.5
2010-12-21,34.5,24.0,22.5,21.0,19.5,19.5,19.5,19.5,28.8,208.8
2010-12-23,33.0,25.5,25.5,31.5,30.0,18.0,22.5,27.0,27.6,240.6
2010-12-26,27.0,27.0,22.5,24.0,22.5,13.5,28.5,21.0,34.2,220.2
2010-12-27,28.5,24.0,22.5,27.0,27.0,18.0,28.5,25.5,29.4,230.4
2010-12-28,24.0,22.5,21.0,36.0,34.5,16.5,27.0,28.5,30.0,240.0
2010-12-29,39.0,36.0,25.5,25.5,21.0,18.0,19.5,25.5,37.2,247.2
2010-12-30,25.5,22.5,22.5,37.5,36.0,15.0,24.0,22.5,28.2,233.7
2010-12-31,27.0,24.0,21.0,25.5,21.0,22.5,33.0,22.5,32.4,228.9
2011-01-01,36.0,34.5,30.0,24.0,24.0,16.5,25.5,22.5,32.4,245.4
2011-01-02,30.0,28.5,22.5,31.5,30.0,22.5,28.5,22.5,34.2,250.2
2011-01-03,27.0,22.5,22.5,31.5,30.0,13.5,19.5,24.0,27.6,218.1
2011-01-04,27.0,19.5,19.5,25.5,18.0,12.0,15.0,18.0,35.4,189.9
2011-01-05,34.5,21.0,19.5,30.0,30.0,18.0,31.5,22.5,31.8,238.8
2011-01-06,25.5,25.5,25.5,28.5,24.0,13.5,16.5,22.5,36.6,218.1
2011-01-07,37.5,31.5,30.0,34.5,33.0,24.0,27.0,30.0,31.2,278.7
2011-01-08,31.5,24.0,24.0,34.5,22.5,21.0,27.0,22.5,31.2,238.2
2011-01-09,28.5,27.0,27.0,22.5,18.0,13.5,21.0,25.5,37.2,220.2
2011-01-11,34.5,31.5,27.0,33.0,27.0,16.5,24.0,27.0,33.6,254.1
2011-01-13,31.5,27.0,21.0,24.0,21.0,18.0,22.5,21.0,33.6,219.6
2011-01-14,28.5,22.5,22.5,25.5,19.5,13.5,19.5,22.5,25.2,199.2
2011-01-15,33.0,31.5,31.5,37.5,31.5,21.0,27.0,28.5,29.4,270.9
2011-01-16,24.0,22.5,21.0,25.5,22.5,12.0,13.5,22.5,34.2,197.7
2011-01-17,25.5,18.0,18.0,22.5,22.5,13.5,37.5,19.5,33.6,210.6
2011-01-18,30.0,27.0,24.0,22.5,21.0,13.5,25.5,21.0,29.4,213.9
2011-01-20,28.5,24.0,21.0,36.0,22.5,13.5,16.5,21.0,36.6,219.6
2011-01-22,39.0,28.5,27.0,39.0,31.5,19.5,24.0,27.0,27.6,263.1
2011-01-23,28.5,25.5,25.5,33.0,24.0,18.0,18.0,24.0,24.0,220.5
2011-01-24,27.0,22.5,19.5,31.5,22.5,13.5,13.5,21.0,35.4,206.4
2011-01-25,24.0,24.0,21.0,19.5,19.5,13.5,24.0,21.0,32.4,198.9
2011-01-26,27.0,24.0,19.5,39.0,22.5,16.5,22.5,18.0,36.6,225.6
2011-02-01,33.0,28.5,22.5,34.5,27.0,15.0,24.0,22.5,37.8,244.8
2011-02-02,60.0,24.0,24.0,25.5,25.5,24.0,25.5,24.0,28.8,261.3
2011-02-03,25.5,25.5,24.0,30.0,28.5,10.5,18.0,25.5,31.2,218.7
2011-02-04,42.0,22.5,21.0,37.5,28.5,13.5,16.5,19.5,35.4,236.4
2011-02-05,39.0,36.0,34.5,25.5,25.5,15.0,18.0,34.5,36.0,264.0
2011-02-07,31.5,30.0,22.5,25.5,24.0,15.0,16.5,22.5,37.2,224.7
2011-02-08,31.5,27.0,24.0,33.0,22.5,16.5,25.5,24.0,30.0,234.0
2011-02-09,42.0,28.5,27.0,24.0,21.0,22.5,27.0,25.5,28.2,245.7
2011-02-10,27.0,19.5,15.0,16.5,16.5,13.5,21.0,15.0,25.2,169.2
2011-02-11,39.0,33.0,31.5,34.5,28.5,19.5,22.5,28.5,24.6,261.6
2011-02-12,27.0,27.0,25.5,25.5,21.0,16.5,19.5,25.5,31.2,218.7
2011-02-13,36.0,31.5,30.0,21.0,18.0,15.0,19.5,28.5,39.0,238.5
2011-02-15,24.0,24.0,22.5,24.0,24.0,15.0,21.0,22.5,24.0,201.0
2011-02-16,33.0,33.0,28.5,28.5,22.5,15.0,18.0,28.5,25.8,232.8
2011-02-17,28.5,25.5,22.5,25.5,25.5,16.5,21.0,24.0,27.6,216.6
2011-02-18,28.5,21.0,19.5,31.5,24.0,16.5,18.0,22.5,30.0,211.5
2011-02-19,40.5,34.5,30.0,28.5,27.0,18.0,21.0,27.0,43.2,269.7
2011-02-20,34.5,21.0,18.0,18.0,18.0,13.5,15.0,18.0,38.4,194.4
2011-02-22,27.0,25.5,24.0,30.0,24.0,15.0,18.0,24.0,27.0,214.5
2011-02-23,36.0,31.5,28.5,36.0,28.5,13.5,19.5,28.5,30.0,252.0
2011-02-24,22.5,22.5,21.0,37.5,27.0,16.5,19.5,22.5,33.6,222.6
2011-02-25,43.5,28.5,22.5,36.0,21.0,13.5,18.0,22.5,38.4,243.9
2011-02-26,25.5,25.5,22.5,25.5,24.0,18.0,24.0,21.0,24.0,210.0
2011-02-27,19.5,18.0,16.5,28.5,15.0,15.0,19.5,16.5,31.2,179.7
2011-03-01,31.5,27.0,25.5,18.0,16.5,15.0,15.0,21.0,34.8,204.3
2011-03-02,27.0,27.0,25.5,22.5,22.5,16.5,18.0,25.5,25.8,210.3
2011-03-03,25.5,22.5,22.5,19.5,19.5,18.0,22.5,19.5,33.0,202.5
2011-03-04,25.5,21.0,18.0,27.0,24.0,15.0,39.0,21.0,22.8,213.3
2011-03-05,31.5,24.0,22.5,25.5,22.5,21.0,31.5,22.5,28.8,229.8
2011-03-06,49.5,24.0,21.0,22.5,21.0,12.0,16.5,18.0,30.6,215.1
2011-03-08,25.5,24.0,22.5,25.5,25.5,18.0,25.5,25.5,25.2,217.2
2011-03-09,31.5,31.5,30.0,31.5,25.5,18.0,31.5,22.5,28.2,250.2
2011-03-10,25.5,24.0,24.0,27.0,21.0,19.5,33.0,22.5,38.4,234.9
2011-03-11,24.0,24.0,22.5,33.0,24.0,15.0,19.5,24.0,30.0,216.0
2011-03-12,33.0,30.0,25.5,27.0,22.5,21.0,24.0,24.0,30.6,237.6
2011-03-13,27.0,25.5,25.5,37.5,22.5,16.5,21.0,22.5,24.6,222.6
2011-03-15,33.0,28.5,27.0,30.0,28.5,18.0,19.5,25.5,39.0,249.0
2011-03-17,30.0,22.5,22.5,22.5,19.5,16.5,21.0,21.0,37.2,212.7
2011-03-19,40.5,27.0,24.0,36.0,22.5,21.0,22.5,24.0,29.4,246.9
2011-03-20,31.5,30.0,30.0,31.5,24.0,21.0,39.0,30.0,25.8,262.8
2011-03-22,27.0,27.0,22.5,24.0,22.5,15.0,27.0,22.5,33.6,221.1
2011-03-24,36.0,31.5,30.0,25.5,22.5,19.5,22.5,25.5,31.8,244.8
2011-03-25,27.0,24.0,22.5,24.0,21.0,10.5,15.0,21.0,33.6,198.6
2011-03-26,34.5,28.5,27.0,27.0,27.0,15.0,21.0,25.5,33.0,238.5
2011-03-29,31.5,30.0,27.0,30.0,27.0,15.0,18.0,25.5,34.2,238.2
2011-03-30,36.0,30.0,30.0,31.5,30.0,19.5,22.5,27.0,28.8,255.3
2011-03-31,36.0,27.0,27.0,19.5,19.5,21.0,21.0,25.5,40.8,237.3
2011-04-02,31.5,31.5,27.0,24.0,24.0,16.5,25.5,27.0,30.0,237.0
2011-04-03,25.5,25.5,22.5,27.0,24.0,15.0,19.5,21.0,33.6,213.6
2011-04-05,36.0,31.5,31.5,37.5,34.5,16.5,16.5,28.5,31.2,263.7
2011-04-06,46.5,43.5,30.0,27.0,24.0,13.5,18.0,28.5,40.2,271.2
2011-04-08,37.5,27.0,27.0,27.0,25.5,16.5,22.5,25.5,32.4,240.9
2011-04-09,30.0,28.5,25.5,30.0,21.0,18.0,36.0,24.0,31.8,244.8
2011-04-10,24.0,22.5,21.0,25.5,19.5,16.5,19.5,18.0,25.2,191.7
2011-04-13,22.5,21.0,18.0,30.0,30.0,12.0,15.0,21.0,34.2,203.7
2011-04-20,30.0,28.5,24.0,24.0,24.0,12.0,18.0,24.0,34.2,218.7
2011-10-07,37.5,28.5,27.0,24.0,21.0,18.0,25.5,25.5,28.2,235.2
2011-10-08,39.0,28.5,27.0,34.5,33.0,19.5,24.0,30.0,32.4,267.9
2011-10-10,28.5,27.0,24.0,21.0,21.0,16.5,19.5,19.5,33.0,210.0
2011-10-13,30.0,27.0,22.5,36.0,25.5,13.5,15.0,22.5,30.0,222.0
2011-10-15,31.5,28.5,28.5,40.5,36.0,24.0,28.5,27.0,25.8,270.3
2011-10-17,36.0,24.0,19.5,39.0,21.0,22.5,24.0,22.5,27.6,236.1
2011-10-18,33.0,31.5,27.0,21.0,19.5,16.5,24.0,21.0,39.0,232.5
2011-10-20,28.5,27.0,25.5,27.0,27.0,19.5,28.5,25.5,31.8,240.3
2011-10-22,25.5,22.5,21.0,27.0,25.5,18.0,34.5,25.5,34.8,234.3
2011-10-25,22.5,22.5,21.0,25.5,22.5,15.0,19.5,22.5,34.8,205.8
2011-10-27,37.5,34.5,31.5,30.0,30.0,18.0,31.5,28.5,27.6,269.1
2011-10-29,33.0,28.5,27.0,28.5,27.0,19.5,33.0,27.0,36.6,260.1
2011-11-01,36.0,25.5,25.5,22.5,22.5,19.5,25.5,22.5,27.6,227.1
2011-11-03,33.0,24.0,22.5,37.5,30.0,15.0,16.5,24.0,36.0,238.5
2011-11-04,31.5,24.0,22.5,40.5,37.5,21.0,24.0,28.5,25.8,255.3
2011-11-05,30.0,28.5,27.0,31.5,27.0,18.0,28.5,27.0,30.0,247.5
2011-11-06,33.0,27.0,25.5,33.0,24.0,16.5,22.5,22.5,32.4,236.4
2011-11-08,34.5,33.0,28.5,31.5,28.5,15.0,19.5,25.5,39.6,255.6
2011-11-10,39.0,27.0,24.0,31.5,22.5,22.5,28.5,24.0,25.8,244.8
2011-11-11,27.0,25.5,25.5,24.0,19.5,16.5,21.0,22.5,29.4,210.9
2011-11-12,27.0,24.0,22.5,30.0,27.0,18.0,21.0,24.0,33.6,227.1
2011-11-15,25.5,24.0,22.5,22.5,21.0,18.0,24.0,21.0,30.0,208.5
2011-11-17,27.0,27.0,27.0,27.0,25.5,21.0,36.0,25.5,31.2,247.2
2011-11-19,36.0,33.0,30.0,34.5,30.0,25.5,31.5,30.0,30.0,280.5
2011-11-21,28.5,28.5,28.5,42.0,28.5,12.0,19.5,28.5,34.8,250.8
2011-11-23,30.0,28.5,27.0,30.0,28.5,19.5,25.5,25.5,35.4,249.9
2011-11-25,36.0,28.5,27.0,45.0,28.5,16.5,21.0,27.0,29.4,258.9
2011-11-26,22.5,22.5,22.5,30.0,28.5,18.0,22.5,25.5,32.4,224.4
2011-11-29,28.5,27.0,25.5,24.0,21.0,13.5,24.0,21.0,34.2,218.7
2011-11-30,27.0,22.5,21.0,30.0,25.5,15.0,24.0,25.5,20.4,210.9
2011-12-01,22.5,21.0,21.0,24.0,24.0,18.0,28.5,22.5,34.8,216.3
2011-12-02,39.0,31.5,27.0,25.5,25.5,13.5,27.0,25.5,24.0,238.5
2011-12-03,46.5,34.5,33.0,28.5,25.5,16.5,21.0,25.5,24.6,255.6
2011-12-05,22.5,19.5,18.0,30.0,30.0,21.0,30.0,21.0,33.0,225.0
2011-12-06,36.0,34.5,27.0,36.0,34.5,15.0,16.5,34.5,35.4,269.4
2011-12-08,30.0,28.5,28.5,25.5,22.5,16.5,16.5,21.0,39.0,228.0
2011-12-10,27.0,25.5,22.5,33.0,22.5,16.5,25.5,22.5,29.4,224.4
2011-12-13,27.0,24.0,22.5,24.0,22.5,13.5,22.5,21.0,39.6,216.6
2011-12-15,30.0,22.5,22.5,30.0,25.5,19.5,22.5,24.0,30.6,227.1
2011-12-16,37.5,36.0,27.0,33.0,25.5,15.0,30.0,25.5,20.4,249.9
2011-12-17,27.0,24.0,22.5,45.0,28.5,21.0,25.5,24.0,33.6,251.1
2011-12-19,21.0,19.5,19.5,24.0,18.0,15.0,21.0,19.5,34.8,192.3
2011-12-20,28.5,28.5,27.0,27.0,22.5,15.0,19.5,25.5,26.4,219.9
2011-12-21,33.0,21.0,21.0,28.5,19.5,18.0,21.0,19.5,25.8,207.3
2011-12-22,30.0,27.0,24.0,33.0,33.0,18.0,21.0,24.0,31.2,241.2
2011-12-23,46.5,25.5,25.5,28.5,19.5,16.5,19.5,24.0,33.0,238.5
2011-12-26,28.5,25.5,22.5,22.5,22.5,15.0,16.5,21.0,31.8,205.8
2011-12-27,28.5,25.5,21.0,21.0,21.0,18.0,19.5,21.0,25.2,200.7
2011-12-28,24.0,22.5,16.5,15.0,15.0,15.0,18.0,15.0,37.8,178.8
2011-12-29,27.0,25.5,22.5,31.5,24.0,16.5,21.0,22.5,33.6,224.1
2011-12-30,24.0,16.5,15.0,18.0,18.0,12.0,27.0,16.5,27.0,174.0
2011-12-31,28.5,27.0,27.0,34.5,21.0,16.5,28.5,25.5,33.6,242.1
2012-01-02,22.5,21.0,18.0,21.0,19.5,13.5,21.0,18.0,24.6,179.1
2012-01-03,31.5,30.0,25.5,24.0,24.0,15.0,28.5,24.0,26.4,228.9
2012-01-05,30.0,27.0,25.5,30.0,27.0,16.5,24.0,24.0,30.0,234.0
2012-01-06,31.5,24.0,18.0,30.0,24.0,13.5,13.5,22.5,31.2,208.2
2012-01-07,37.5,34.5,28.5,24.0,22.5,21.0,27.0,28.5,33.6,257.1
2012-01-10,33.0,28.5,28.5,34.5,28.5,18.0,28.5,27.0,34.2,260.7
2012-01-12,22.5,21.0,19.5,31.5,27.0,19.5,25.5,27.0,35.4,228.9
2012-01-13,31.5,28.5,27.0,24.0,22.5,13.5,15.0,22.5,34.8,219.3
2012-01-14,27.0,25.5,22.5,21.0,19.5,15.0,19.5,21.0,27.0,198.0
2012-01-15,39.0,28.5,27.0,48.0,24.0,10.5,12.0,24.0,31.8,244.8
2012-01-16,27.0,24.0,16.5,30.0,27.0,13.5,18.0,19.5,31.2,206.7
2012-01-17,27.0,22.5,22.5,24.0,21.0,13.5,16.5,21.0,31.2,199.2
2012-01-19,25.5,21.0,19.5,25.5,21.0,13.5,18.0,19.5,37.8,201.3
2012-01-21,40.5,39.0,30.0,28.5,27.0,19.5,24.0,25.5,25.2,259.2
2012-01-23,19.5,16.5,16.5,25.5,24.0,16.5,19.5,18.0,32.4,188.4
2012-01-24,27.0,21.0,19.5,34.5,28.5,16.5,19.5,28.5,31.2,226.2
2012-01-31,31.5,25.5,21.0,36.0,34.5,16.5,21.0,33.0,33.0,252.0
2012-02-01,24.0,24.0,24.0,15.0,12.0,13.5,18.0,22.5,35.4,188.4
2012-02-02,37.5,34.5,33.0,69.0,24.0,16.5,19.5,31.5,43.2,308.7
2012-02-03,25.5,24.0,18.0,24.0,15.0,13.5,16.5,16.5,28.2,181.2
2012-02-04,33.0,30.0,30.0,34.5,30.0,31.5,31.5,31.5,44.4,296.4
2012-02-07,30.0,27.0,25.5,16.5,16.5,16.5,18.0,22.5,42.0,214.5
2012-02-09,42.0,25.5,22.5,31.5,25.5,18.0,22.5,21.0,24.0,232.5
2012-02-11,37.5,33.0,30.0,39.0,25.5,18.0,28.5,28.5,37.8,277.8
2012-02-12,43.5,27.0,24.0,27.0,24.0,18.0,33.0,22.5,30.0,249.0
2012-02-14,43.5,25.5,24.0,39.0,19.5,18.0,21.0,21.0,40.2,251.7
2012-02-15,24.0,21.0,19.5,21.0,18.0,15.0,19.5,19.5,28.2,185.7
2012-02-16,36.0,34.5,33.0,34.5,24.0,21.0,24.0,28.5,31.8,267.3
2012-02-17,27.0,25.5,24.0,24.0,22.5,15.0,16.5,22.5,24.6,201.6
2012-02-18,36.0,33.0,28.5,33.0,28.5,18.0,21.0,25.5,31.8,255.3
2012-02-19,28.5,28.5,25.5,33.0,24.0,19.5,19.5,22.5,43.8,244.8
2012-02-21,33.0,31.5,30.0,36.0,36.0,16.5,25.5,33.0,33.6,275.1
2012-02-23,31.5,30.0,27.0,30.0,22.5,18.0,18.0,27.0,36.0,240.0
2012-02-24,28.5,24.0,24.0,24.0,18.0,15.0,16.5,24.0,31.8,205.8
2012-02-25,43.5,30.0,30.0,40.5,39.0,22.5,25.5,36.0,26.4,293.4
2012-02-26,40.5,30.0,27.0,30.0,21.0,18.0,22.5,24.0,19.8,232.8
2012-02-27,21.0,19.5,19.5,25.5,22.5,16.5,19.5,18.0,24.0,186.0
2012-02-28,22.5,21.0,21.0,27.0,24.0,18.0,30.0,21.0,34.2,218.7
2012-03-01,43.5,36.0,25.5,37.5,28.5,22.5,30.0,24.0,38.4,285.9
2012-03-02,31.5,27.0,24.0,30.0,22.5,19.5,22.5,21.0,28.8,226.8
2012-03-03,33.0,28.5,24.0,30.0,25.5,19.5,19.5,25.5,29.4,234.9
2012-03-04,27.0,27.0,27.0,22.5,16.5,15.0,18.0,25.5,35.4,213.9
2012-03-06,42.0,30.0,27.0,28.5,24.0,22.5,27.0,27.0,27.6,255.6
2012-03-08,33.0,30.0,24.0,27.0,27.0,18.0,24.0,22.5,31.8,237.3
2012-03-10,27.0,22.5,22.5,25.5,19.5,18.0,30.0,21.0,40.2,226.2
2012-03-11,27.0,25.5,21.0,33.0,27.0,16.5,18.0,25.5,35.4,228.9
2012-03-13,31.5,28.5,28.5,30.0,30.0,22.5,27.0,28.5,30.0,256.5
2012-03-14,30.0,25.5,24.0,28.5,28.5,18.0,27.0,24.0,28.8,234.3
2012-03-15,25.5,24.0,24.0,21.0,19.5,16.5,19.5,24.0,39.0,213.0
2012-03-16,30.0,25.5,18.0,27.0,22.5,21.0,28.5,22.5,18.6,213.6
2012-03-17,28.5,27.0,24.0,27.0,27.0,25.5,27.0,25.5,30.6,242.1
2012-03-18,27.0,27.0,24.0,31.5,28.5,21.0,24.0,24.0,25.8,232.8
2012-03-19,33.0,31.5,31.5,24.0,24.0,15.0,19.5,28.5,34.8,241.8
2012-03-20,48.0,39.0,33.0,46.5,27.0,18.0,28.5,30.0,35.4,305.4
2012-03-21,24.0,21.0,16.5,31.5,30.0,15.0,22.5,30.0,35.4,225.9
2012-03-22,27.0,19.5,19.5,36.0,24.0,15.0,16.5,19.5,36.0,213.0
2012-03-23,37.5,37.5,33.0,24.0,19.5,19.5,19.5,28.5,29.4,248.4
2012-03-24,37.5,30.0,28.5,33.0,30.0,21.0,27.0,25.5,27.0,259.5
2012-03-25,28.5,27.0,25.5,22.5,21.0,22.5,27.0,24.0,31.8,229.8
2012-03-26,28.5,28.5,28.5,27.0,27.0,22.5,24.0,27.0,37.8,250.8
2012-03-27,36.0,25.5,24.0,28.5,27.0,16.5,27.0,22.5,33.0,240.0
2012-03-28,30.0,28.5,27.0,24.0,16.5,22.5,24.0,22.5,40.8,235.8
2012-03-29,37.5,28.5,28.5,42.0,22.5,16.5,19.5,24.0,37.8,256.8
2012-03-30,28.5,27.0,21.0,30.0,28.5,27.0,34.5,27.0,28.8,252.3
2012-03-31,28.5,27.0,25.5,27.0,24.0,24.0,25.5,25.5,41.4,248.4
2012-04-01,30.0,27.0,25.5,42.0,42.0,18.0,19.5,25.5,25.8,255.3
2012-04-03,30.0,28.5,28.5,30.0,28.5,24.0,31.5,27.0,47.4,275.4
2012-04-05,39.0,25.5,25.5,24.0,22.5,27.0,27.0,27.0,32.4,249.9
2012-04-07,33.0,28.5,28.5,25.5,24.0,25.5,28.5,25.5,27.0,246.0
2012-04-21,25.5,21.0,13.5,27.0,15.0,22.5,30.0,22.5,39.6,216.6
2013-01-19,37.5,36.0,36.0,28.5,24.0,21.0,30.0,33.0,30.6,276.6
2013-01-20,49.5,28.5,27.0,27.0,19.5,22.5,24.0,24.0,29.4,251.4
2013-01-21,30.0,27.0,25.5,28.5,24.0,18.0,19.5,25.5,33.6,231.6
2013-01-22,31.5,25.5,25.5,27.0,19.5,18.0,25.5,22.5,29.4,224.4
2013-01-24,31.5,31.5,31.5,37.5,33.0,21.0,22.5,31.5,34.8,274.8
2013-01-25,27.0,25.5,24.0,28.5,25.5,22.5,25.5,25.5,33.0,237.0
2013-01-26,39.0,39.0,34.5,24.0,22.5,21.0,22.5,33.0,29.4,264.9
2013-01-27,30.0,30.0,27.0,25.5,24.0,18.0,19.5,25.5,24.6,224.1
2013-01-28,22.5,19.5,18.0,22.5,22.5,16.5,27.0,21.0,28.2,197.7
2013-01-29,21.0,19.5,19.5,27.0,24.0,19.5,22.5,21.0,28.2,202.2
2013-01-31,45.0,30.0,30.0,36.0,28.5,15.0,18.0,27.0,31.8,261.3
2013-02-01,54.0,25.5,24.0,27.0,27.0,19.5,27.0,27.0,34.8,265.8
2013-02-02,27.0,27.0,27.0,39.0,28.5,19.5,19.5,28.5,30.0,246.0
2013-02-04,28.5,25.5,21.0,19.5,18.0,16.5,24.0,21.0,30.6,204.6
2013-02-05,28.5,25.5,25.5,24.0,22.5,22.5,27.0,25.5,24.6,225.6
2013-02-07,30.0,28.5,25.5,30.0,27.0,19.5,27.0,25.5,34.2,247.2
2013-02-09,36.0,31.5,31.5,25.5,22.5,18.0,25.5,24.0,37.2,251.7
2013-02-10,33.0,27.0,22.5,19.5,19.5,12.0,19.5,16.5,30.0,199.5
2013-02-11,31.5,28.5,25.5,37.5,24.0,16.5,18.0,24.0,27.6,233.1
2013-02-12,22.5,21.0,21.0,25.5,25.5,21.0,27.0,24.0,40.2,227.7
2013-02-14,25.5,22.5,22.5,19.5,19.5,15.0,21.0,21.0,30.6,197.1
2013-02-15,28.5,24.0,24.0,21.0,19.5,21.0,25.5,24.0,22.2,209.7
2013-02-16,36.0,31.5,30.0,42.0,31.5,19.5,33.0,31.5,35.4,290.4
2013-02-17,33.0,21.0,19.5,27.0,25.5,21.0,27.0,24.0,22.2,220.2
2013-02-18,31.5,30.0,28.5,25.5,22.5,18.0,24.0,28.5,37.2,245.7
2013-02-19,30.0,25.5,22.5,25.5,18.0,16.5,24.0,21.0,28.2,211.2
2013-02-21,28.5,28.5,27.0,36.0,30.0,19.5,22.5,28.5,24.6,245.1
2013-02-23,25.5,25.5,22.5,27.0,25.5,19.5,25.5,24.0,36.0,231.0
2013-02-24,37.5,25.5,24.0,37.5,33.0,18.0,31.5,28.5,31.8,267.3
2013-02-25,24.0,24.0,22.5,21.0,15.0,19.5,45.0,21.0,32.4,224.4
2013-02-26,40.5,37.5,25.5,25.5,24.0,21.0,33.0,24.0,34.8,265.8
2013-02-28,33.0,33.0,30.0,34.5,33.0,21.0,28.5,27.0,25.8,265.8
2013-03-02,33.0,33.0,31.5,36.0,31.5,19.5,31.5,31.5,36.0,283.5
2013-03-03,24.0,21.0,21.0,27.0,25.5,15.0,19.5,24.0,25.2,202.2
2013-03-05,36.0,25.5,25.5,31.5,30.0,19.5,24.0,24.0,27.6,243.6
2013-03-07,33.0,33.0,28.5,31.5,25.5,21.0,31.5,27.0,28.2,259.2
2013-03-08,19.5,19.5,15.0,36.0,34.5,18.0,21.0,28.5,32.4,224.4
2013-03-09,33.0,33.0,30.0,28.5,27.0,21.0,21.0,27.0,33.0,253.5
2013-03-10,46.5,34.5,31.5,34.5,25.5,19.5,19.5,27.0,24.6,263.1
2013-03-12,27.0,24.0,24.0,28.5,22.5,19.5,27.0,24.0,36.0,232.5
2013-03-14,28.5,28.5,27.0,33.0,27.0,22.5,22.5,25.5,31.8,246.3
2013-03-16,28.5,28.5,27.0,30.0,28.5,19.5,25.5,27.0,38.4,252.9
2013-03-18,27.0,21.0,18.0,27.0,22.5,18.0,25.5,22.5,31.2,212.7
2013-03-19,34.5,22.5,19.5,22.5,21.0,22.5,25.5,22.5,27.0,217.5
2013-03-20,25.5,25.5,24.0,30.0,27.0,15.0,18.0,22.5,24.6,212.1
2013-03-21,27.0,27.0,21.0,37.5,24.0,18.0,24.0,22.5,39.0,240.0
2013-03-23,34.5,25.5,24.0,22.5,22.5,18.0,19.5,24.0,34.8,225.3
2013-03-24,18.0,16.5,16.5,25.5,21.0,15.0,15.0,19.5,30.6,177.6
2013-03-25,33.0,31.5,28.5,27.0,24.0,19.5,21.0,24.0,22.2,230.7
2013-03-26,37.5,36.0,30.0,30.0,22.5,16.5,18.0,27.0,40.8,258.3
2013-03-28,39.0,34.5,28.5,27.0,27.0,21.0,33.0,27.0,31.2,268.2
2013-03-30,34.5,31.5,25.5,39.0,25.5,15.0,24.0,24.0,36.0,255.0
2013-03-31,36.0,30.0,24.0,25.5,21.0,16.5,30.0,19.5,30.6,233.1
2013-04-01,36.0,27.0,24.0,25.5,22.5,18.0,24.0,22.5,30.6,230.1
2013-04-02,28.5,22.5,19.5,31.5,27.0,21.0,24.0,27.0,30.0,231.0
2013-04-03,42.0,33.0,33.0,31.5,30.0,18.0,18.0,30.0,21.6,257.1
2013-04-04,31.5,27.0,27.0,19.5,19.5,21.0,24.0,22.5,42.0,234.0
2013-04-05,25.5,19.5,16.5,24.0,18.0,15.0,18.0,18.0,26.4,180.9
2013-04-06,27.0,25.5,24.0,25.5,24.0,18.0,21.0,22.5,34.8,222.3
2013-04-07,22.5,22.5,21.0,22.5,22.5,16.5,21.0,21.0,31.8,201.3
2013-04-08,31.5,28.5,27.0,21.0,18.0,21.0,27.0,24.0,29.4,227.4
2013-04-09,25.5,24.0,22.5,30.0,22.5,19.5,25.5,22.5,33.0,225.0
2013-04-10,27.0,21.0,19.5,30.0,24.0,15.0,19.5,24.0,30.0,210.0
2013-04-11,28.5,28.5,25.5,24.0,21.0,22.5,24.0,24.0,31.8,229.8
2013-04-12,24.0,18.0,18.0,18.0,18.0,15.0,18.0,18.0,34.8,181.8
2013-04-13,30.0,28.5,27.0,27.0,22.5,18.0,22.5,27.0,32.4,234.9
2013-04-15,33.0,28.5,27.0,22.5,21.0,16.5,22.5,27.0,36.0,234.0
2013-04-16,30.0,27.0,27.0,25.5,19.5,22.5,27.0,24.0,27.6,230.1
2013-04-18,28.5,27.0,27.0,39.0,33.0,19.5,22.5,25.5,28.8,250.8
2013-04-19,33.0,28.5,21.0,33.0,16.5,16.5,30.0,21.0,25.8,225.3
2013-04-20,40.5,27.0,27.0,22.5,21.0,21.0,28.5,25.5,35.4,248.4
2013-04-21,33.0,25.5,22.5,30.0,28.5,21.0,25.5,27.0,31.8,244.8
2013-04-22,27.0,22.5,21.0,18.0,18.0,15.0,18.0,18.0,35.4,192.9
2013-04-23,31.5,21.0,21.0,22.5,22.5,18.0,22.5,22.5,27.0,208.5
2013-04-25,33.0,27.0,25.5,25.5,24.0,19.5,25.5,22.5,35.4,237.9
2013-04-27,45.0,45.0,37.5,25.5,22.5,22.5,43.5,36.0,31.8,309.3
2014-09-21,25.5,19.5,19.5,18.0,15.0,18.0,18.0,18.0,19.8,171.3
2014-09-22,28.5,25.5,24.0,28.5,27.0,22.5,34.5,25.5,31.2,247.2
2014-09-23,25.5,22.5,21.0,31.5,22.5,15.0,19.5,21.0,36.0,214.5
2014-09-24,34.5,21.0,21.0,19.5,19.5,18.0,21.0,21.0,22.8,198.3
2014-09-25,24.0,19.5,19.5,27.0,25.5,18.0,33.0,24.0,27.0,217.5
2014-09-26,24.0,22.5,22.5,24.0,22.5,21.0,25.5,22.5,19.8,204.3
2014-09-27,24.0,21.0,16.5,18.0,16.5,15.0,19.5,15.0,19.8,165.3
2014-09-28,22.5,21.0,19.5,34.5,21.0,19.5,21.0,19.5,26.4,204.9
2014-09-29,36.0,22.5,22.5,40.5,33.0,19.5,21.0,25.5,36.6,257.1
2014-09-30,30.0,25.5,21.0,22.5,19.5,18.0,19.5,19.5,31.8,207.3
2014-10-01,31.5,22.5,22.5,28.5,27.0,18.0,19.5,22.5,30.0,222.0
2014-10-02,24.0,22.5,19.5,25.5,24.0,15.0,19.5,22.5,27.6,200.1
2014-10-03,27.0,25.5,25.5,34.5,30.0,21.0,30.0,24.0,25.2,242.7
2014-10-04,25.5,24.0,21.0,34.5,31.5,19.5,19.5,25.5,30.0,231.0
2014-10-09,36.0,36.0,34.5,31.5,28.5,21.0,22.5,34.5,25.8,270.3
2014-10-11,34.5,34.5,28.5,33.0,27.0,25.5,28.5,28.5,33.0,273.0
2014-10-14,39.0,33.0,27.0,37.5,24.0,21.0,24.0,25.5,24.6,255.6
2014-10-16,30.0,27.0,25.5,24.0,19.5,22.5,31.5,25.5,40.8,246.3
2014-10-17,31.5,22.5,19.5,22.5,19.5,16.5,18.0,19.5,33.6,203.1
2014-10-18,45.0,43.5,28.5,33.0,33.0,22.5,28.5,30.0,34.2,298.2
2014-10-21,33.0,22.5,22.5,30.0,24.0,25.5,30.0,25.5,34.2,247.2
2014-10-23,36.0,28.5,24.0,27.0,27.0,18.0,30.0,27.0,32.4,249.9
2014-10-24,31.5,30.0,24.0,30.0,22.5,22.5,22.5,22.5,27.0,232.5
2014-10-25,28.5,27.0,24.0,36.0,25.5,22.5,27.0,24.0,30.0,244.5
2014-10-26,22.5,22.5,19.5,30.0,28.5,15.0,16.5,24.0,25.8,204.3
2014-10-28,43.5,36.0,28.5,30.0,28.5,22.5,28.5,27.0,37.8,282.3
2014-10-30,30.0,27.0,24.0,34.5,24.0,22.5,28.5,24.0,39.0,253.5
2014-11-01,28.5,28.5,27.0,27.0,24.0,21.0,22.5,27.0,37.8,243.3
2014-11-02,37.5,30.0,25.5,37.5,30.0,22.5,28.5,30.0,34.8,276.3
2014-11-04,27.0,25.5,24.0,27.0,21.0,18.0,21.0,22.5,31.8,217.8
2014-11-06,25.5,24.0,24.0,30.0,27.0,21.0,27.0,24.0,36.0,238.5
2014-11-07,28.5,19.5,18.0,22.5,22.5,18.0,18.0,22.5,25.8,195.3
2014-11-08,31.5,30.0,30.0,36.0,36.0,30.0,37.5,33.0,28.2,292.2
2014-11-09,21.0,16.5,15.0,27.0,22.5,15.0,18.0,22.5,22.8,180.3
2014-11-11,33.0,31.5,24.0,37.5,30.0,18.0,22.5,27.0,34.8,258.3
2014-11-13,34.5,28.5,25.5,30.0,24.0,22.5,27.0,25.5,31.2,248.7
2014-11-14,30.0,28.5,22.5,33.0,28.5,27.0,28.5,27.0,36.0,261.0
2014-11-15,27.0,25.5,22.5,27.0,25.5,18.0,21.0,22.5,27.6,216.6
2014-11-16,31.5,30.0,25.5,39.0,21.0,19.5,24.0,25.5,42.0,258.0
2014-11-18,28.5,28.5,24.0,30.0,27.0,25.5,28.5,25.5,34.8,252.3
2014-11-20,25.5,25.5,22.5,31.5,25.5,18.0,19.5,24.0,25.2,217.2
2014-11-22,30.0,28.5,25.5,25.5,24.0,21.0,25.5,24.0,34.8,238.8
2014-11-25,27.0,27.0,27.0,27.0,21.0,22.5,28.5,22.5,30.0,232.5
2014-11-26,34.5,31.5,25.5,25.5,24.0,15.0,21.0,24.0,34.2,235.2
2014-11-28,33.0,33.0,30.0,28.5,25.5,21.0,30.0,28.5,33.6,263.1
2014-11-29,33.0,30.0,24.0,33.0,30.0,22.5,28.5,28.5,30.6,260.1
2014-12-01,36.0,24.0,21.0,31.5,16.5,19.5,22.5,21.0,22.2,214.2
2014-12-02,31.5,27.0,25.5,33.0,24.0,21.0,28.5,25.5,33.6,249.6
2014-12-04,34.5,27.0,25.5,37.5,30.0,22.5,27.0,27.0,31.2,262.2
2014-12-06,28.5,24.0,21.0,34.5,24.0,22.5,42.0,22.5,29.4,248.4
2014-12-09,28.5,24.0,22.5,24.0,24.0,21.0,25.5,24.0,35.4,228.9
2014-12-11,36.0,28.5,25.5,27.0,24.0,22.5,27.0,25.5,26.4,242.4
2014-12-13,24.0,22.5,22.5,33.0,25.5,22.5,28.5,22.5,32.4,233.4
2014-12-16,40.5,33.0,30.0,33.0,31.5,18.0,30.0,30.0,33.0,279.0
2014-12-18,34.5,27.0,21.0,40.5,36.0,19.5,22.5,22.5,32.4,255.9
2014-12-19,22.5,21.0,16.5,24.0,24.0,18.0,18.0,22.5,24.0,190.5
2014-12-20,33.0,28.5,27.0,36.0,33.0,22.5,24.0,28.5,33.0,265.5
2014-12-21,33.0,25.5,25.5,37.5,27.0,19.5,34.5,25.5,33.6,261.6
2014-12-22,27.0,25.5,24.0,30.0,21.0,18.0,25.5,21.0,28.8,220.8
2014-12-23,34.5,27.0,25.5,37.5,33.0,19.5,22.5,27.0,40.8,267.3
2014-12-27,31.5,22.5,22.5,34.5,28.5,19.5,27.0,27.0,33.6,246.6
2014-12-29,39.0,30.0,27.0,30.0,28.5,21.0,24.0,28.5,24.6,252.6
2014-12-31,31.5,31.5,25.5,33.0,28.5,18.0,22.5,27.0,34.2,251.7
2015-01-02,36.0,22.5,22.5,27.0,24.0,21.0,27.0,22.5,33.0,235.5
2015-01-03,40.5,34.5,34.5,34.5,30.0,25.5,37.5,33.0,24.0,294.0
2015-01-04,30.0,30.0,25.5,27.0,27.0,22.5,24.0,24.0,21.6,231.6
2015-01-06,36.0,27.0,24.0,45.0,27.0,16.5,21.0,25.5,47.4,269.4
2015-01-08,28.5,27.0,27.0,24.0,24.0,24.0,27.0,25.5,28.2,235.2
2015-01-09,37.5,25.5,24.0,31.5,25.5,16.5,25.5,25.5,21.0,232.5
2015-01-10,21.0,21.0,21.0,24.0,24.0,19.5,21.0,22.5,36.6,210.6
2015-01-13,30.0,30.0,28.5,48.0,34.5,25.5,31.5,25.5,31.2,284.7
2015-01-15,27.0,27.0,24.0,24.0,24.0,18.0,24.0,22.5,33.6,224.1
2015-01-16,48.0,34.5,30.0,33.0,19.5,21.0,21.0,24.0,31.8,262.8
2015-01-17,24.0,24.0,19.5,36.0,30.0,19.5,28.5,27.0,31.2,239.7
2015-01-19,19.5,18.0,16.5,27.0,27.0,22.5,25.5,22.5,26.4,204.9
2015-01-20,30.0,25.5,24.0,30.0,25.5,18.0,21.0,24.0,27.6,225.6
2015-01-21,19.5,18.0,18.0,31.5,18.0,21.0,30.0,21.0,32.4,209.4
2015-01-27,22.5,22.5,21.0,28.5,27.0,24.0,34.5,27.0,30.0,237.0
2015-01-29,30.0,25.5,24.0,37.5,31.5,21.0,31.5,30.0,33.0,264.0
2015-01-30,28.5,25.5,25.5,18.0,18.0,16.5,19.5,25.5,28.8,205.8
2015-01-31,30.0,24.0,24.0,31.5,21.0,22.5,34.5,22.5,36.6,246.6
2015-02-03,34.5,27.0,22.5,25.5,25.5,16.5,21.0,25.5,31.2,229.2
2015-02-05,31.5,22.5,18.0,27.0,21.0,19.5,21.0,19.5,31.8,211.8
2015-02-06,28.5,24.0,24.0,30.0,30.0,12.0,18.0,24.0,27.6,218.1
2015-02-07,24.0,24.0,22.5,30.0,28.5,22.5,24.0,25.5,33.6,234.6
2015-02-08,24.0,24.0,22.5,28.5,25.5,16.5,30.0,24.0,26.4,221.4
2015-02-09,24.0,19.5,18.0,22.5,22.5,18.0,22.5,21.0,25.8,193.8
2015-02-10,27.0,27.0,21.0,21.0,21.0,21.0,27.0,21.0,27.0,213.0
2015-02-12,30.0,27.0,24.0,42.0,33.0,21.0,33.0,28.5,27.0,265.5
2015-02-13,33.0,21.0,18.0,36.0,31.5,13.5,25.5,19.5,37.2,235.2
2015-02-14,33.0,31.5,28.5,43.5,34.5,18.0,22.5,30.0,26.4,267.9
2015-02-15,40.5,24.0,24.0,22.5,21.0,16.5,19.5,19.5,30.0,217.5
2015-02-16,27.0,24.0,22.5,39.0,25.5,24.0,30.0,24.0,30.0,246.0
2015-02-17,36.0,27.0,25.5,25.5,22.5,19.5,22.5,19.5,31.2,229.2
2015-02-18,27.0,25.5,24.0,27.0,24.0,18.0,22.5,22.5,31.2,221.7
2015-02-19,25.5,25.5,24.0,31.5,27.0,22.5,28.5,25.5,25.2,235.2
2015-02-20,27.0,25.5,24.0,27.0,21.0,19.5,31.5,24.0,24.0,223.5
2015-02-21,30.0,27.0,24.0,39.0,28.5,19.5,25.5,21.0,25.2,239.7
2015-02-22,28.5,25.5,21.0,36.0,33.0,18.0,18.0,28.5,26.4,234.9
2015-02-24,25.5,22.5,21.0,33.0,25.5,21.0,21.0,21.0,30.0,220.5
2015-02-26,28.5,27.0,25.5,24.0,24.0,22.5,28.5,25.5,36.0,241.5
2015-02-27,24.0,24.0,22.5,28.5,28.5,16.5,33.0,19.5,31.8,228.3
2015-02-28,30.0,24.0,22.5,31.5,28.5,22.5,24.0,24.0,34.8,241.8
2015-03-01,34.5,28.5,21.0,33.0,25.5,19.5,24.0,24.0,34.2,244.2
2015-03-03,33.0,31.5,30.0,30.0,24.0,18.0,28.5,24.0,31.8,250.8
2015-03-05,25.5,24.0,21.0,22.5,19.5,24.0,42.0,24.0,22.8,225.3
2015-03-06,27.0,24.0,21.0,22.5,21.0,21.0,24.0,21.0,33.6,215.1
2015-03-07,27.0,27.0,25.5,28.5,25.5,19.5,21.0,24.0,41.4,239.4
2015-03-08,25.5,24.0,24.0,45.0,42.0,16.5,28.5,28.5,32.4,266.4
2015-03-09,22.5,19.5,18.0,21.0,21.0,15.0,15.0,21.0,29.4,182.4
2015-03-10,30.0,25.5,22.5,24.0,19.5,18.0,28.5,22.5,29.4,219.9
2015-03-12,27.0,21.0,21.0,30.0,28.5,19.5,33.0,28.5,36.0,244.5
2015-03-13,25.5,22.5,21.0,34.5,25.5,15.0,16.5,21.0,26.4,207.9
2015-03-14,27.0,25.5,24.0,33.0,24.0,18.0,19.5,24.0,33.0,228.0
2015-03-15,24.0,24.0,21.0,21.0,18.0,22.5,27.0,22.5,34.2,214.2
2015-03-17,33.0,25.5,24.0,36.0,30.0,19.5,25.5,27.0,36.0,256.5
2015-03-19,28.5,27.0,25.5,30.0,28.5,24.0,33.0,28.5,33.6,258.6
2015-03-21,27.0,24.0,24.0,27.0,25.5,21.0,27.0,25.5,34.8,235.8
2015-03-23,39.0,33.0,27.0,24.0,22.5,15.0,16.5,22.5,31.8,231.3
2015-03-24,34.5,34.5,21.0,28.5,28.5,18.0,19.5,28.5,28.2,241.2
2015-03-26,31.5,30.0,25.5,31.5,27.0,19.5,21.0,24.0,26.4,236.4
2015-03-28,27.0,25.5,25.5,37.5,31.5,19.5,24.0,30.0,28.8,249.3
2015-03-29,25.5,24.0,24.0,25.5,24.0,24.0,27.0,24.0,24.0,222.0
2015-03-30,27.0,21.0,21.0,27.0,22.5,24.0,25.5,24.0,24.6,216.6
2015-03-31,25.5,21.0,21.0,24.0,21.0,18.0,18.0,21.0,30.0,199.5
2015-04-02,28.5,25.5,22.5,27.0,27.0,18.0,28.5,22.5,27.0,226.5
2015-04-03,36.0,30.0,28.5,39.0,27.0,19.5,24.0,22.5,24.0,250.5
2015-04-04,31.5,27.0,25.5,31.5,25.5,22.5,30.0,25.5,35.4,254.4
2015-04-05,24.0,21.0,21.0,24.0,22.5,19.5,19.5,19.5,33.6,204.6
2015-04-06,30.0,21.0,19.5,33.0,22.5,16.5,16.5,21.0,34.2,214.2
2015-04-07,25.5,25.5,24.0,31.5,24.0,18.0,22.5,22.5,33.0,226.5
2015-04-09,25.5,22.5,22.5,33.0,30.0,21.0,25.5,22.5,39.6,242.1
2015-04-11,40.5,27.0,25.5,25.5,24.0,25.5,27.0,25.5,36.0,256.5
2015-09-21,27.0,25.5,24.0,25.5,22.5,22.5,25.5,22.5,29.4,224.4
2015-09-22,27.0,27.0,27.0,25.5,21.0,28.5,30.0,28.5,33.0,247.5
2015-09-23,33.0,31.5,27.0,19.5,15.0,16.5,21.0,24.0,25.8,213.3
2015-09-24,34.5,31.5,30.0,30.0,24.0,16.5,22.5,30.0,36.0,255.0
2015-09-25,33.0,27.0,24.0,22.5,21.0,18.0,27.0,22.5,25.8,220.8
2015-09-26,25.5,24.0,19.5,40.5,36.0,22.5,27.0,30.0,25.2,250.2
2015-09-29,37.5,37.5,27.0,33.0,24.0,15.0,19.5,27.0,30.6,251.1
2015-10-01,28.5,27.0,25.5,28.5,27.0,18.0,25.5,22.5,27.0,229.5
2015-10-02,34.5,22.5,22.5,30.0,27.0,13.5,19.5,27.0,28.8,225.3
2015-10-03,37.5,31.5,31.5,28.5,28.5,19.5,24.0,28.5,24.0,253.5
2015-10-08,36.0,21.0,19.5,24.0,22.5,19.5,28.5,19.5,37.2,227.7
2015-10-09,33.0,25.5,25.5,25.5,25.5,15.0,18.0,24.0,30.0,222.0
2015-10-10,37.5,33.0,33.0,34.5,25.5,24.0,28.5,30.0,33.6,279.6
2015-10-12,25.5,22.5,19.5,30.0,30.0,19.5,22.5,27.0,33.6,230.1
2015-10-13,24.0,19.5,18.0,39.0,27.0,22.5,25.5,22.5,33.6,231.6
2015-10-15,28.5,28.5,24.0,30.0,30.0,16.5,19.5,25.5,30.0,232.5
2015-10-16,25.5,25.5,21.0,31.5,25.5,18.0,19.5,25.5,36.0,228.0
2015-10-17,31.5,31.5,30.0,39.0,39.0,19.5,27.0,37.5,24.6,279.6
2015-10-18,27.0,27.0,18.0,22.5,16.5,13.5,25.5,15.0,26.4,191.4
2015-10-20,36.0,36.0,25.5,34.5,28.5,21.0,21.0,22.5,37.8,262.8
2015-10-22,25.5,24.0,24.0,36.0,25.5,24.0,27.0,24.0,29.4,239.4
2015-10-23,22.5,22.5,22.5,51.0,51.0,36.0,40.5,36.0,39.0,321.0
2015-10-24,34.5,34.5,33.0,33.0,25.5,22.5,30.0,27.0,29.4,269.4
2015-10-27,27.0,25.5,25.5,31.5,25.5,19.5,30.0,25.5,30.6,240.6
2015-10-29,31.5,27.0,22.5,25.5,22.5,24.0,27.0,24.0,33.0,237.0
2015-10-30,40.5,40.5,34.5,25.5,25.5,18.0,24.0,24.0,24.6,257.1
2015-10-31,40.5,27.0,27.0,28.5,27.0,22.5,24.0,25.5,27.6,249.6
2015-11-01,31.5,31.5,27.0,25.5,21.0,18.0,37.5,24.0,27.0,243.0
2015-11-03,31.5,28.5,28.5,37.5,37.5,19.5,27.0,31.5,29.4,270.9
2015-11-05,21.0,18.0,18.0,19.5,19.5,22.5,22.5,22.5,25.8,189.3
2015-11-06,24.0,24.0,21.0,21.0,18.0,21.0,24.0,21.0,25.2,199.2
2015-11-07,28.5,28.5,27.0,22.5,21.0,22.5,25.5,22.5,42.0,240.0
2015-11-10,30.0,28.5,28.5,34.5,31.5,24.0,25.5,31.5,37.8,271.8
2015-11-12,28.5,25.5,25.5,24.0,24.0,21.0,25.5,25.5,25.2,224.7
2015-11-14,30.0,30.0,27.0,30.0,27.0,22.5,25.5,27.0,29.4,248.4
2015-11-16,25.5,25.5,24.0,30.0,30.0,15.0,18.0,30.0,38.4,236.4
2015-11-17,24.0,24.0,22.5,36.0,36.0,19.5,19.5,28.5,26.4,236.4
2015-11-19,36.0,34.5,19.5,25.5,25.5,21.0,36.0,24.0,35.4,257.4
2015-11-20,28.5,28.5,24.0,31.5,22.5,19.5,27.0,24.0,38.4,243.9
2015-11-21,42.0,39.0,39.0,36.0,31.5,24.0,31.5,31.5,36.6,311.1
2015-11-23,30.0,21.0,19.5,27.0,27.0,15.0,19.5,24.0,34.8,217.8
2015-11-25,31.5,24.0,24.0,34.5,31.5,24.0,33.0,25.5,28.2,256.2
2015-11-27,25.5,25.5,22.5,25.5,25.5,24.0,27.0,24.0,23.4,222.9
2015-11-28,39.0,39.0,33.0,34.5,34.5,24.0,27.0,30.0,29.4,290.4
2015-12-01,37.5,28.5,27.0,30.0,25.5,24.0,25.5,25.5,25.8,249.3
2015-12-03,34.5,28.5,27.0,22.5,22.5,24.0,27.0,27.0,31.8,244.8
2015-12-04,40.5,40.5,28.5,21.0,21.0,18.0,22.5,24.0,31.2,247.2
2015-12-05,34.5,27.0,25.5,27.0,25.5,30.0,37.5,30.0,28.2,265.2
2015-12-06,22.5,21.0,21.0,25.5,24.0,25.5,27.0,25.5,24.0,216.0
2015-12-08,28.5,28.5,25.5,28.5,28.5,30.0,31.5,30.0,27.6,258.6
2015-12-10,27.0,27.0,27.0,28.5,28.5,27.0,34.5,27.0,27.0,253.5
2015-12-11,37.5,33.0,33.0,28.5,25.5,16.5,25.5,33.0,30.0,262.5
2015-12-12,34.5,33.0,33.0,24.0,22.5,19.5,22.5,28.5,30.6,248.1
2015-12-14,31.5,28.5,25.5,22.5,22.5,19.5,31.5,24.0,32.4,237.9
2015-12-15,36.0,34.5,33.0,30.0,28.5,21.0,24.0,30.0,32.4,269.4
2015-12-17,28.5,28.5,28.5,30.0,30.0,25.5,34.5,25.5,42.0,273.0
2015-12-18,45.0,34.5,25.5,33.0,30.0,22.5,28.5,28.5,29.4,276.9
2015-12-19,36.0,31.5,31.5,28.5,28.5,24.0,28.5,27.0,30.6,266.1
2015-12-20,33.0,25.5,25.5,30.0,30.0,18.0,21.0,25.5,23.4,231.9
2015-12-21,30.0,30.0,25.5,34.5,31.5,25.5,28.5,31.5,32.4,269.4
2015-12-22,37.5,37.5,30.0,31.5,31.5,25.5,30.0,30.0,34.2,287.7
2015-12-26,25.5,24.0,21.0,34.5,28.5,21.0,28.5,28.5,25.2,236.7
2015-12-27,28.5,28.5,27.0,25.5,19.5,19.5,22.5,27.0,33.0,231.0
2015-12-28,24.0,24.0,24.0,37.5,33.0,21.0,25.5,28.5,33.6,251.1
2015-12-29,40.5,33.0,25.5,30.0,27.0,19.5,33.0,25.5,28.2,262.2
2015-12-30,33.0,25.5,24.0,24.0,24.0,19.5,21.0,22.5,36.6,230.1
2015-12-31,33.0,33.0,31.5,27.0,27.0,18.0,36.0,25.5,31.2,262.2
2016-01-02,25.5,25.5,24.0,28.5,22.5,25.5,40.5,25.5,39.0,256.5
2016-01-04,34.5,25.5,19.5,21.0,21.0,19.5,39.0,19.5,32.4,231.9
2016-01-05,34.5,22.5,22.5,31.5,25.5,22.5,27.0,25.5,31.8,243.3
2016-01-06,24.0,24.0,19.5,25.5,22.5,15.0,18.0,21.0,38.4,207.9
2016-01-07,22.5,21.0,19.5,21.0,19.5,21.0,25.5,21.0,27.0,198.0
2016-01-08,21.0,21.0,21.0,24.0,22.5,24.0,27.0,24.0,27.0,211.5
2016-01-09,37.5,31.5,28.5,31.5,21.0,28.5,28.5,28.5,31.8,267.3
2016-01-10,27.0,27.0,27.0,34.5,31.5,13.5,16.5,31.5,28.2,236.7
2016-01-12,40.5,34.5,30.0,28.5,28.5,24.0,36.0,27.0,27.6,276.6
2016-01-14,24.0,22.5,22.5,33.0,33.0,21.0,27.0,27.0,31.2,241.2
2016-01-15,39.0,39.0,33.0,36.0,25.5,19.5,21.0,25.5,29.4,267.9
2016-01-16,25.5,22.5,21.0,28.5,27.0,21.0,36.0,27.0,37.8,246.3
2016-01-17,34.5,25.5,25.5,24.0,22.5,15.0,18.0,24.0,34.2,223.2
2016-01-18,27.0,27.0,25.5,36.0,19.5,16.5,16.5,25.5,27.6,221.1
2016-01-19,24.0,22.5,21.0,28.5,28.5,21.0,22.5,25.5,28.8,222.3
2016-01-21,27.0,27.0,24.0,30.0,24.0,21.0,25.5,24.0,34.2,236.7
2016-01-22,25.5,18.0,16.5,24.0,24.0,22.5,25.5,22.5,31.2,209.7
2016-01-23,40.5,24.0,24.0,34.5,34.5,18.0,19.5,28.5,31.2,254.7
2016-01-25,37.5,31.5,25.5,46.5,25.5,19.5,21.0,25.5,26.4,258.9
2016-01-26,34.5,24.0,22.5,30.0,25.5,24.0,33.0,25.5,30.6,249.6
2016-02-02,33.0,31.5,27.0,45.0,27.0,24.0,25.5,27.0,27.6,267.6
2016-02-04,34.5,31.5,27.0,33.0,33.0,24.0,30.0,30.0,28.2,271.2
2016-02-06,33.0,27.0,27.0,34.5,31.5,27.0,34.5,31.5,28.8,274.8
2016-02-09,30.0,27.0,27.0,30.0,24.0,21.0,25.5,25.5,34.8,244.8
2016-02-11,46.5,45.0,37.5,43.5,42.0,25.5,30.0,36.0,30.6,336.6
2016-02-12,33.0,31.5,25.5,33.0,25.5,19.5,25.5,25.5,28.8,247.8
2016-02-13,24.0,24.0,24.0,28.5,24.0,27.0,33.0,27.0,28.2,239.7
2016-02-14,22.5,21.0,19.5,33.0,28.5,15.0,16.5,22.5,31.8,210.3
2016-02-15,36.0,36.0,31.5,31.5,28.5,24.0,30.0,28.5,24.6,270.6
2016-02-16,22.5,19.5,19.5,27.0,22.5,15.0,18.0,19.5,29.4,192.9
2016-02-18,34.5,33.0,30.0,27.0,27.0,21.0,22.5,30.0,32.4,257.4
2016-02-19,24.0,22.5,21.0,19.5,18.0,19.5,21.0,21.0,37.8,204.3
2016-02-20,33.0,24.0,24.0,21.0,21.0,33.0,36.0,33.0,25.8,250.8
2016-02-21,25.5,25.5,24.0,30.0,25.5,27.0,31.5,27.0,28.2,244.2
2016-02-23,39.0,27.0,27.0,30.0,22.5,16.5,22.5,22.5,27.6,234.6
2016-02-25,40.5,30.0,24.0,34.5,25.5,19.5,30.0,25.5,28.8,258.3
2016-02-26,24.0,21.0,18.0,25.5,25.5,18.0,21.0,21.0,29.4,203.4
2016-02-27,43.5,34.5,34.5,31.5,22.5,19.5,25.5,28.5,31.8,271.8
2016-02-28,39.0,39.0,36.0,27.0,27.0,19.5,28.5,27.0,27.6,270.6
2016-02-29,42.0,27.0,19.5,40.5,34.5,25.5,28.5,34.5,33.0,285.0
2016-03-01,30.0,25.5,24.0,30.0,27.0,19.5,27.0,25.5,24.6,233.1
2016-03-03,31.5,28.5,25.5,27.0,25.5,21.0,24.0,25.5,36.0,244.5
2016-03-05,30.0,30.0,24.0,33.0,30.0,24.0,42.0,28.5,27.6,269.1
2016-03-06,25.5,21.0,21.0,22.5,22.5,18.0,25.5,22.5,29.4,207.9
2016-03-07,27.0,22.5,22.5,34.5,27.0,22.5,24.0,27.0,34.2,241.2
2016-03-08,33.0,27.0,27.0,30.0,24.0,18.0,22.5,24.0,40.2,245.7
2016-03-09,28.5,28.5,22.5,24.0,22.5,19.5,30.0,22.5,37.2,235.2
2016-03-10,22.5,22.5,21.0,28.5,25.5,15.0,16.5,24.0,33.0,208.5
2016-03-11,31.5,31.5,24.0,27.0,27.0,13.5,22.5,22.5,20.4,219.9
2016-03-12,25.5,24.0,24.0,30.0,28.5,22.5,33.0,28.5,41.4,257.4
2016-03-14,45.0,43.5,34.5,31.5,30.0,24.0,25.5,34.5,34.2,302.7
2016-03-15,30.0,27.0,24.0,22.5,22.5,21.0,30.0,21.0,22.2,220.2
2016-03-16,24.0,22.5,22.5,30.0,24.0,24.0,30.0,24.0,27.6,228.6
2016-03-17,33.0,33.0,31.5,25.5,25.5,18.0,24.0,31.5,25.2,247.2
2016-03-18,24.0,24.0,22.5,25.5,22.5,19.5,25.5,19.5,39.0,222.0
2016-03-19,28.5,27.0,27.0,25.5,24.0,18.0,19.5,24.0,34.2,227.7
2016-03-20,22.5,22.5,19.5,31.5,21.0,24.0,31.5,24.0,30.0,226.5
2016-03-22,25.5,25.5,21.0,25.5,25.5,16.5,18.0,24.0,37.2,218.7
2016-03-24,45.0,28.5,28.5,34.5,33.0,21.0,27.0,33.0,38.4,288.9
2016-03-26,42.0,30.0,28.5,39.0,39.0,22.5,25.5,31.5,34.2,292.2
2016-03-28,24.0,22.5,22.5,24.0,22.5,25.5,25.5,25.5,35.4,227.4
2016-03-29,24.0,24.0,24.0,36.0,33.0,21.0,24.0,22.5,29.4,237.9
2016-03-31,25.5,25.5,25.5,28.5,27.0,22.5,28.5,27.0,30.6,240.6
2016-04-01,34.5,33.0,25.5,37.5,21.0,21.0,28.5,22.5,23.4,246.9
2016-04-02,36.0,36.0,34.5,39.0,31.5,19.5,24.0,27.0,33.6,281.1
2016-04-03,40.5,40.5,33.0,36.0,36.0,21.0,27.0,31.5,22.8,288.3
2016-04-04,27.0,22.5,21.0,27.0,25.5,16.5,18.0,22.5,27.0,207.0
2016-04-05,28.5,28.5,27.0,31.5,27.0,19.5,24.0,27.0,32.4,245.4
2016-04-07,27.0,27.0,25.5,37.5,28.5,27.0,31.5,27.0,27.6,258.6
2016-04-09,40.5,36.0,33.0,34.5,28.5,22.5,22.5,33.0,29.4,279.9
2016-09-26,25.5,22.5,21.0,33.0,24.0,18.0,19.5,21.0,23.4,207.9
2016-09-27,24.0,24.0,22.5,31.5,27.0,25.5,36.0,27.0,28.8,246.3
2016-09-28,25.5,24.0,21.0,28.5,27.0,24.0,27.0,27.0,33.0,237.0
2016-09-29,30.0,25.5,21.0,21.0,19.5,19.5,21.0,21.0,28.8,207.3
2016-09-30,19.5,19.5,19.5,31.5,28.5,22.5,24.0,28.5,29.4,222.9
2016-10-01,31.5,27.0,25.5,21.0,18.0,21.0,21.0,24.0,25.8,214.8
2016-10-02,30.0,22.5,22.5,18.0,18.0,16.5,22.5,21.0,33.6,204.6
2016-10-03,25.5,18.0,18.0,19.5,16.5,16.5,24.0,18.0,19.2,175.2
2016-10-04,25.5,21.0,19.5,19.5,19.5,16.5,16.5,19.5,33.0,190.5
2016-10-05,25.5,18.0,18.0,16.5,15.0,15.0,19.5,16.5,31.8,175.8
2016-10-06,24.0,21.0,21.0,25.5,25.5,19.5,24.0,24.0,36.0,220.5
2016-10-07,22.5,18.0,16.5,18.0,15.0,21.0,27.0,21.0,23.4,182.4
2016-10-08,30.0,25.5,22.5,25.5,25.5,18.0,21.0,24.0,31.2,223.2
2016-10-13,48.0,48.0,42.0,22.5,22.5,19.5,22.5,30.0,26.4,281.4
2016-10-15,33.0,25.5,22.5,34.5,30.0,25.5,27.0,28.5,30.0,256.5
2016-10-18,36.0,36.0,30.0,34.5,21.0,21.0,21.0,30.0,36.6,266.1
2016-10-20,24.0,21.0,19.5,33.0,25.5,27.0,27.0,27.0,31.2,235.2
2016-10-22,43.5,34.5,27.0,28.5,22.5,19.5,25.5,25.5,34.2,260.7
2016-10-25,31.5,31.5,31.5,34.5,25.5,27.0,27.0,31.5,31.2,271.2
2016-10-27,28.5,28.5,24.0,25.5,24.0,21.0,30.0,22.5,37.8,241.8
2016-10-28,27.0,25.5,24.0,25.5,15.0,18.0,33.0,22.5,37.2,227.7
2016-10-29,33.0,30.0,25.5,27.0,25.5,19.5,22.5,25.5,34.8,243.3
2016-10-30,36.0,27.0,24.0,48.0,21.0,19.5,22.5,22.5,37.2,257.7
2016-11-01,37.5,37.5,27.0,28.5,25.5,19.5,21.0,27.0,36.0,259.5
2016-11-03,36.0,36.0,24.0,30.0,30.0,22.5,25.5,30.0,37.8,271.8
2016-11-05,28.5,25.5,24.0,34.5,25.5,22.5,22.5,25.5,34.2,242.7
2016-11-06,33.0,21.0,19.5,31.5,31.5,19.5,21.0,31.5,25.8,234.3
2016-11-08,39.0,39.0,33.0,34.5,22.5,22.5,24.0,25.5,29.4,269.4
2016-11-10,36.0,27.0,27.0,30.0,28.5,15.0,25.5,28.5,27.6,245.1
2016-11-11,30.0,30.0,27.0,19.5,19.5,24.0,36.0,25.5,27.0,238.5
2016-11-12,34.5,34.5,33.0,33.0,28.5,19.5,21.0,28.5,31.2,263.7
2016-11-13,24.0,24.0,24.0,24.0,22.5,16.5,16.5,22.5,28.8,202.8
2016-11-15,39.0,28.5,28.5,27.0,27.0,19.5,25.5,24.0,31.2,250.2
2016-11-17,39.0,27.0,25.5,27.0,27.0,21.0,25.5,25.5,30.0,247.5
2016-11-18,16.5,15.0,15.0,25.5,19.5,18.0,25.5,19.5,30.0,184.5
2016-11-19,27.0,25.5,18.0,33.0,33.0,21.0,28.5,25.5,34.2,245.7
2016-11-20,18.0,18.0,18.0,36.0,36.0,19.5,25.5,19.5,22.8,213.3
2016-11-21,28.5,28.5,24.0,33.0,25.5,21.0,33.0,22.5,33.6,249.6
2016-11-22,28.5,27.0,27.0,22.5,22.5,25.5,27.0,25.5,28.8,234.3
2016-11-23,40.5,37.5,34.5,34.5,34.5,16.5,24.0,34.5,35.4,291.9
2016-11-25,24.0,24.0,22.5,36.0,36.0,22.5,22.5,28.5,27.0,243.0
2016-11-26,28.5,24.0,18.0,25.5,24.0,16.5,21.0,24.0,27.6,209.1
2016-11-27,25.5,24.0,24.0,21.0,16.5,19.5,21.0,21.0,40.2,212.7
2016-11-29,42.0,31.5,27.0,30.0,25.5,27.0,31.5,27.0,30.0,271.5
2016-12-01,40.5,40.5,28.5,36.0,36.0,27.0,33.0,31.5,37.8,310.8
2016-12-03,30.0,25.5,24.0,30.0,21.0,18.0,27.0,24.0,29.4,228.9
2016-12-04,28.5,25.5,24.0,24.0,24.0,24.0,24.0,24.0,33.0,231.0
2016-12-06,31.5,24.0,24.0,24.0,24.0,19.5,31.5,24.0,28.2,230.7
2016-12-08,34.5,25.5,24.0,30.0,27.0,22.5,24.0,25.5,28.8,241.8
2016-12-09,31.5,31.5,21.0,21.0,21.0,18.0,21.0,21.0,30.6,216.6
2016-12-10,54.0,30.0,22.5,33.0,30.0,21.0,36.0,28.5,32.4,287.4
2016-12-11,22.5,22.5,19.5,24.0,21.0,15.0,19.5,19.5,36.6,200.1
2016-12-13,34.5,33.0,27.0,31.5,30.0,28.5,34.5,30.0,28.2,277.2
2016-12-15,28.5,25.5,25.5,28.5,24.0,18.0,19.5,21.0,31.2,221.7
2016-12-16,22.5,19.5,19.5,18.0,18.0,24.0,24.0,24.0,38.4,207.9
2016-12-17,31.5,27.0,21.0,25.5,25.5,21.0,27.0,22.5,25.8,226.8
2016-12-18,30.0,28.5,25.5,31.5,15.0,18.0,21.0,25.5,25.8,220.8
2016-12-20,31.5,25.5,25.5,27.0,27.0,19.5,30.0,27.0,31.8,244.8
2016-12-22,33.0,31.5,28.5,21.0,21.0,18.0,22.5,25.5,37.8,238.8
2016-12-23,36.0,24.0,24.0,36.0,28.5,27.0,33.0,28.5,28.8,265.8
2016-12-27,33.0,33.0,30.0,28.5,27.0,24.0,27.0,30.0,26.4,258.9
2016-12-28,21.0,21.0,21.0,34.5,25.5,21.0,24.0,25.5,30.0,223.5
2016-12-29,34.5,34.5,28.5,31.5,31.5,19.5,21.0,25.5,31.8,258.3
2016-12-31,36.0,22.5,22.5,27.0,27.0,18.0,19.5,27.0,28.2,227.7
2017-01-03,34.5,34.5,28.5,30.0,27.0,19.5,21.0,27.0,23.4,245.4
2017-01-04,30.0,27.0,27.0,16.5,16.5,19.5,25.5,22.5,28.8,213.3
2017-01-05,36.0,31.5,31.5,34.5,30.0,21.0,22.5,28.5,35.4,270.9
2017-01-06,22.5,16.5,16.5,27.0,19.5,15.0,21.0,19.5,29.4,186.9
2017-01-07,40.5,28.5,28.5,30.0,24.0,21.0,25.5,27.0,33.0,258.0
2017-01-08,36.0,27.0,25.5,22.5,19.5,19.5,22.5,25.5,21.0,219.0
2017-01-10,33.0,33.0,31.5,27.0,27.0,25.5,25.5,28.5,35.4,266.4
2017-01-12,34.5,22.5,22.5,24.0,24.0,21.0,28.5,22.5,27.0,226.5
2017-01-13,33.0,33.0,27.0,37.5,37.5,18.0,28.5,25.5,29.4,269.4
2017-01-14,45.0,45.0,31.5,33.0,28.5,27.0,28.5,27.0,30.6,296.1
2017-01-16,31.5,31.5,21.0,34.5,34.5,18.0,27.0,33.0,34.2,265.2
2017-01-17,30.0,30.0,27.0,36.0,28.5,21.0,24.0,28.5,33.0,258.0
2017-01-18,24.0,18.0,16.5,33.0,33.0,19.5,21.0,27.0,18.0,210.0
2017-01-19,30.0,28.5,28.5,30.0,30.0,18.0,27.0,25.5,40.2,257.7
2017-01-20,22.5,21.0,19.5,25.5,24.0,19.5,19.5,22.5,33.0,207.0
2017-01-21,39.0,34.5,28.5,25.5,25.5,25.5,27.0,27.0,27.0,259.5
2017-01-22,30.0,27.0,27.0,31.5,31.5,19.5,22.5,30.0,32.4,251.4
2017-01-23,45.0,22.5,19.5,24.0,21.0,27.0,27.0,27.0,30.6,243.6
2017-01-24,27.0,27.0,25.5,25.5,25.5,22.5,22.5,24.0,35.4,234.9
2017-01-26,28.5,28.5,28.5,30.0,22.5,21.0,25.5,27.0,28.2,239.7
2017-01-31,42.0,33.0,30.0,28.5,27.0,30.0,31.5,30.0,27.6,279.6
2017-02-02,28.5,28.5,28.5,28.5,28.5,25.5,28.5,27.0,33.6,257.1
2017-02-03,31.5,21.0,19.5,22.5,22.5,18.0,27.0,21.0,20.4,203.4
2017-02-04,30.0,30.0,30.0,45.0,33.0,25.5,30.0,31.5,40.2,295.2
2017-02-07,34.5,31.5,28.5,24.0,22.5,18.0,22.5,28.5,33.0,243.0
2017-02-09,45.0,31.5,30.0,36.0,36.0,21.0,27.0,30.0,34.8,291.3
2017-02-11,42.0,34.5,28.5,33.0,30.0,24.0,27.0,30.0,34.8,283.8
2017-02-12,24.0,24.0,22.5,24.0,24.0,31.5,39.0,31.5,30.0,250.5
2017-02-14,39.0,39.0,28.5,28.5,28.5,13.5,31.5,28.5,37.2,274.2
2017-02-16,30.0,30.0,22.5,27.0,27.0,24.0,28.5,25.5,28.8,243.3
2017-02-18,42.0,39.0,31.5,30.0,27.0,28.5,39.0,28.5,28.8,294.3
2017-02-19,30.0,30.0,28.5,22.5,18.0,28.5,30.0,28.5,37.2,253.2
2017-02-21,39.0,39.0,33.0,45.0,45.0,21.0,22.5,28.5,23.4,296.4
2017-02-23,36.0,34.5,34.5,21.0,21.0,15.0,28.5,21.0,29.4,240.9
2017-02-25,27.0,27.0,27.0,28.5,28.5,27.0,28.5,27.0,29.4,249.9
2017-02-26,28.5,28.5,25.5,34.5,25.5,19.5,24.0,25.5,28.2,239.7
2017-02-28,30.0,30.0,30.0,27.0,24.0,19.5,24.0,30.0,34.8,249.3
2017-03-02,30.0,28.5,25.5,30.0,24.0,18.0,31.5,25.5,37.8,250.8
2017-03-03,39.0,25.5,19.5,30.0,30.0,24.0,24.0,28.5,32.4,252.9
2017-03-04,27.0,27.0,27.0,24.0,24.0,19.5,22.5,22.5,30.6,224.1
2017-03-05,22.5,21.0,21.0,25.5,24.0,16.5,22.5,21.0,31.8,205.8
2017-03-07,25.5,24.0,22.5,28.5,27.0,22.5,27.0,22.5,34.8,234.3
2017-03-09,36.0,33.0,31.5,27.0,24.0,27.0,36.0,31.5,40.8,286.8
2017-03-10,31.5,22.5,22.5,28.5,22.5,15.0,24.0,22.5,27.0,216.0
2017-03-11,30.0,30.0,27.0,27.0,27.0,22.5,28.5,27.0,33.6,252.6
2017-03-12,31.5,28.5,27.0,30.0,30.0,18.0,25.5,28.5,28.2,247.2
2017-03-13,39.0,39.0,28.5,24.0,24.0,24.0,42.0,25.5,28.8,274.8
2017-03-14,30.0,30.0,27.0,27.0,22.5,18.0,22.5,27.0,29.4,233.4
2017-03-16,31.5,31.5,25.5,25.5,25.5,19.5,25.5,25.5,34.8,244.8
2017-03-18,40.5,30.0,27.0,27.0,24.0,19.5,27.0,27.0,34.8,256.8
2017-03-19,25.5,25.5,22.5,36.0,36.0,18.0,24.0,31.5,27.6,246.6
2017-03-20,19.5,18.0,16.5,18.0,18.0,15.0,28.5,18.0,36.0,187.5
2017-03-21,31.5,31.5,25.5,27.0,25.5,21.0,27.0,24.0,27.0,240.0
2017-03-23,36.0,36.0,33.0,27.0,22.5,22.5,28.5,28.5,28.2,262.2
2017-03-25,34.5,25.5,24.0,33.0,30.0,22.5,31.5,24.0,36.6,261.6
