Date,Position,Points,Count,Position_Count
2014-08-16,F,24,3,75
2014-08-16,F,19,3,75
2014-08-16,F,16,4,75
2014-08-16,F,12,2,75
2014-08-16,F,10,2,75
2014-08-16,F,7,4,75
2014-08-16,F,6,3,75
2014-08-16,F,5,3,75
2014-08-16,F,4,5,75
2014-08-16,F,3,11,75
2014-08-16,F,2,16,75
2014-08-16,F,1,8,75
2014-08-16,D,10,11,29
2014-08-16,D,6,3,29
2014-08-16,D,3,2,29
2014-08-16,D,2,2,29
2014-08-16,D,1,6,29
2014-08-16,M,17,2,41
2014-08-16,M,10,3,41
2014-08-16,M,7,4,41
2014-08-16,M,6,2,41
2014-08-16,M,5,3,41
2014-08-16,M,3,6,41
2014-08-16,M,2,9,41
2014-08-16,M,1,5,41
2014-08-16,G,22,2,14
2014-08-16,G,10,8,14
2014-08-17,F,9,2,22
2014-08-17,F,3,2,22
2014-08-17,F,2,2,22
2014-08-17,F,1,4,22
2014-08-17,D,15,2,7
2014-08-17,D,10,2,7
2014-08-17,D,2,2,7
2014-08-17,M,3,2,11
2014-08-17,M,2,2,11
2014-08-17,M,1,2,11
2014-08-17,G,NT,NT,4
2014-08-18,F,8,2,12
2014-08-18,F,2,2,12
2014-08-18,F,1,2,12
2014-08-18,D,10,2,5
2014-08-18,D,1,3,5
2014-08-18,M,NT,NT,2
2014-08-18,G,10,2,2
2014-08-23,F,29,2,67
2014-08-23,F,18,2,67
2014-08-23,F,11,2,67
2014-08-23,F,8,3,67
2014-08-23,F,7,4,67
2014-08-23,F,6,5,67
2014-08-23,F,5,2,67
2014-08-23,F,4,11,67
2014-08-23,F,3,5,67
2014-08-23,F,2,12,67
2014-08-23,F,1,10,67
2014-08-23,D,10,6,25
2014-08-23,D,5,4,25
2014-08-23,D,2,4,25
2014-08-23,D,1,9,25
2014-08-23,M,30,2,39
2014-08-23,M,13,2,39
2014-08-23,M,11,2,39
2014-08-23,M,9,2,39
2014-08-23,M,8,4,39
2014-08-23,M,7,2,39
2014-08-23,M,4,4,39
2014-08-23,M,2,2,39
2014-08-23,M,1,13,39
2014-08-23,G,12,2,10
2014-08-23,G,10,2,10
2014-08-23,G,5,2,10
2014-08-24,F,12,2,40
2014-08-24,F,7,3,40
2014-08-24,F,6,5,40
2014-08-24,F,5,3,40
2014-08-24,F,4,2,40
2014-08-24,F,3,5,40
2014-08-24,F,2,7,40
2014-08-24,F,1,7,40
2014-08-24,D,10,3,10
2014-08-24,D,1,2,10
2014-08-24,M,7,2,14
2014-08-24,M,3,4,14
2014-08-24,M,2,3,14
2014-08-24,G,22,2,6
2014-08-24,G,10,2,6
2014-08-25,F,3,3,14
2014-08-25,F,2,3,14
2014-08-25,F,1,2,14
2014-08-25,D,15,2,4
2014-08-25,M,6,2,4
2014-08-25,G,NT,NT,2
2014-08-30,F,27,3,85
2014-08-30,F,22,3,85
2014-08-30,F,18,4,85
2014-08-30,F,15,2,85
2014-08-30,F,12,5,85
2014-08-30,F,11,3,85
2014-08-30,F,9,4,85
2014-08-30,F,8,2,85
2014-08-30,F,7,4,85
2014-08-30,F,6,11,85
2014-08-30,F,5,3,85
2014-08-30,F,4,4,85
2014-08-30,F,3,4,85
2014-08-30,F,2,12,85
2014-08-30,F,1,13,85
2014-08-30,D,10,10,31
2014-08-30,D,7,2,31
2014-08-30,D,5,4,31
2014-08-30,D,3,4,31
2014-08-30,D,2,3,31
2014-08-30,D,1,4,31
2014-08-30,M,26,2,32
2014-08-30,M,10,2,32
2014-08-30,M,8,3,32
2014-08-30,M,7,3,32
2014-08-30,M,6,3,32
2014-08-30,M,4,5,32
2014-08-30,M,2,4,32
2014-08-30,M,1,2,32
2014-08-30,G,10,4,13
2014-08-30,G,5,2,13
2014-08-31,F,29,2,36
2014-08-31,F,15,2,36
2014-08-31,F,9,3,36
2014-08-31,F,7,3,36
2014-08-31,F,6,2,36
2014-08-31,F,3,3,36
2014-08-31,F,2,4,36
2014-08-31,F,1,3,36
2014-08-31,D,10,2,8
2014-08-31,D,4,2,8
2014-08-31,D,2,2,8
2014-08-31,M,7,2,11
2014-08-31,M,6,3,11
2014-08-31,M,2,4,11
2014-08-31,G,40,2,6
2014-08-31,G,10,2,6
2014-09-13,F,24,3,94
2014-09-13,F,20,2,94
2014-09-13,F,19,2,94
2014-09-13,F,18,3,94
2014-09-13,F,16,2,94
2014-09-13,F,15,3,94
2014-09-13,F,10,3,94
2014-09-13,F,9,2,94
2014-09-13,F,8,9,94
2014-09-13,F,7,4,94
2014-09-13,F,6,7,94
2014-09-13,F,5,4,94
2014-09-13,F,4,6,94
2014-09-13,F,3,4,94
2014-09-13,F,2,13,94
2014-09-13,F,1,17,94
2014-09-13,D,15,2,32
2014-09-13,D,10,7,32
2014-09-13,D,5,2,32
2014-09-13,D,4,5,32
2014-09-13,D,3,3,32
2014-09-13,D,2,2,32
2014-09-13,D,1,7,32
2014-09-13,M,27,2,41
2014-09-13,M,17,2,41
2014-09-13,M,13,2,41
2014-09-13,M,9,2,41
2014-09-13,M,8,2,41
2014-09-13,M,5,3,41
2014-09-13,M,4,7,41
2014-09-13,M,3,4,41
2014-09-13,M,2,4,41
2014-09-13,M,1,4,41
2014-09-13,G,10,7,15
2014-09-14,F,4,2,14
2014-09-14,F,2,7,14
2014-09-14,D,NT,NT,2
2014-09-14,M,NT,NT,6
2014-09-14,G,NT,NT,2
2014-09-15,F,NT,NT,2
2014-09-15,D,NT,NT,2
2014-09-15,M,24,2,16
2014-09-15,M,4,3,16
2014-09-15,M,3,2,16
2014-09-15,M,1,3,16
2014-09-15,G,NT,NT,2
2014-09-20,F,26,4,64
2014-09-20,F,23,2,64
2014-09-20,F,18,3,64
2014-09-20,F,16,2,64
2014-09-20,F,13,2,64
2014-09-20,F,12,2,64
2014-09-20,F,10,3,64
2014-09-20,F,8,2,64
2014-09-20,F,6,4,64
2014-09-20,F,5,3,64
2014-09-20,F,4,2,64
2014-09-20,F,3,4,64
2014-09-20,F,2,11,64
2014-09-20,F,1,9,64
2014-09-20,D,10,8,29
2014-09-20,D,8,2,29
2014-09-20,D,4,2,29
2014-09-20,D,3,2,29
2014-09-20,D,2,5,29
2014-09-20,D,1,5,29
2014-09-20,M,12,2,26
2014-09-20,M,9,2,26
2014-09-20,M,6,2,26
2014-09-20,M,5,3,26
2014-09-20,M,3,3,26
2014-09-20,M,2,3,26
2014-09-20,M,1,4,26
2014-09-20,G,10,4,11
2014-09-21,F,23,2,40
2014-09-21,F,11,3,40
2014-09-21,F,9,2,40
2014-09-21,F,6,3,40
2014-09-21,F,4,3,40
2014-09-21,F,3,6,40
2014-09-21,F,2,3,40
2014-09-21,F,1,4,40
2014-09-21,D,10,6,18
2014-09-21,D,2,5,18
2014-09-21,M,10,2,27
2014-09-21,M,6,2,27
2014-09-21,M,5,2,27
2014-09-21,M,4,2,27
2014-09-21,M,2,9,27
2014-09-21,M,1,3,27
2014-09-21,G,10,4,8
2014-09-27,F,42,2,74
2014-09-27,F,30,2,74
2014-09-27,F,29,2,74
2014-09-27,F,24,3,74
2014-09-27,F,18,2,74
2014-09-27,F,17,2,74
2014-09-27,F,13,2,74
2014-09-27,F,11,2,74
2014-09-27,F,9,2,74
2014-09-27,F,8,4,74
2014-09-27,F,7,4,74
2014-09-27,F,6,3,74
2014-09-27,F,5,5,74
2014-09-27,F,4,2,74
2014-09-27,F,3,4,74
2014-09-27,F,2,16,74
2014-09-27,F,1,11,74
2014-09-27,D,15,3,33
2014-09-27,D,10,4,33
2014-09-27,D,8,2,33
2014-09-27,D,7,2,33
2014-09-27,D,5,4,33
2014-09-27,D,3,3,33
2014-09-27,D,2,6,33
2014-09-27,D,1,7,33
2014-09-27,M,29,3,55
2014-09-27,M,27,2,55
2014-09-27,M,24,2,55
2014-09-27,M,14,2,55
2014-09-27,M,9,2,55
2014-09-27,M,8,4,55
2014-09-27,M,7,3,55
2014-09-27,M,6,4,55
2014-09-27,M,5,5,55
2014-09-27,M,4,5,55
2014-09-27,M,3,4,55
2014-09-27,M,2,10,55
2014-09-27,M,1,3,55
2014-09-27,G,34,2,15
2014-09-27,G,15,2,15
2014-09-27,G,11,2,15
2014-09-27,G,10,3,15
2014-09-27,G,5,2,15
2014-09-28,F,3,2,12
2014-09-28,F,2,4,12
2014-09-28,D,NT,NT,4
2014-09-28,M,8,2,5
2014-09-28,G,NT,NT,2
2014-09-29,F,7,2,16
2014-09-29,F,4,2,16
2014-09-29,F,3,5,16
2014-09-29,D,5,2,5
2014-09-29,D,1,2,5
2014-09-29,M,NT,NT,5
2014-09-29,G,NT,NT,2
2014-10-04,F,30,2,63
2014-10-04,F,24,2,63
2014-10-04,F,18,3,63
2014-10-04,F,10,4,63
2014-10-04,F,9,2,63
2014-10-04,F,8,4,63
2014-10-04,F,7,3,63
2014-10-04,F,6,6,63
2014-10-04,F,4,4,63
2014-10-04,F,3,5,63
2014-10-04,F,2,12,63
2014-10-04,F,1,7,63
2014-10-04,D,15,2,24
2014-10-04,D,10,4,24
2014-10-04,D,4,2,24
2014-10-04,D,2,4,24
2014-10-04,D,1,8,24
2014-10-04,M,31,2,40
2014-10-04,M,29,2,40
2014-10-04,M,10,4,40
2014-10-04,M,6,3,40
2014-10-04,M,5,2,40
2014-10-04,M,4,2,40
2014-10-04,M,3,5,40
2014-10-04,M,2,8,40
2014-10-04,M,1,6,40
2014-10-04,G,22,2,12
2014-10-04,G,15,2,12
2014-10-04,G,10,3,12
2014-10-05,F,25,2,45
2014-10-05,F,13,2,45
2014-10-05,F,12,3,45
2014-10-05,F,11,2,45
2014-10-05,F,8,5,45
2014-10-05,F,7,2,45
2014-10-05,F,6,5,45
2014-10-05,F,4,2,45
2014-10-05,F,3,7,45
2014-10-05,F,2,2,45
2014-10-05,F,1,9,45
2014-10-05,D,15,2,19
2014-10-05,D,5,6,19
2014-10-05,D,3,3,19
2014-10-05,D,1,4,19
2014-10-05,M,31,2,14
2014-10-05,M,7,2,14
2014-10-05,M,4,3,14
2014-10-05,M,1,3,14
2014-10-05,G,23,2,8
2014-10-05,G,5,3,8
2014-10-18,F,35,2,74
2014-10-18,F,32,3,74
2014-10-18,F,30,2,74
2014-10-18,F,24,2,74
2014-10-18,F,18,4,74
2014-10-18,F,15,2,74
2014-10-18,F,9,4,74
2014-10-18,F,8,2,74
2014-10-18,F,7,4,74
2014-10-18,F,6,8,74
2014-10-18,F,5,5,74
2014-10-18,F,4,5,74
2014-10-18,F,3,6,74
2014-10-18,F,2,4,74
2014-10-18,F,1,12,74
2014-10-18,D,15,2,31
2014-10-18,D,10,3,31
2014-10-18,D,6,3,31
2014-10-18,D,5,4,31
2014-10-18,D,4,3,31
2014-10-18,D,3,2,31
2014-10-18,D,2,2,31
2014-10-18,D,1,8,31
2014-10-18,M,24,2,46
2014-10-18,M,17,3,46
2014-10-18,M,10,2,46
2014-10-18,M,8,4,46
2014-10-18,M,7,2,46
2014-10-18,M,6,2,46
2014-10-18,M,5,3,46
2014-10-18,M,4,3,46
2014-10-18,M,3,2,46
2014-10-18,M,2,10,46
2014-10-18,M,1,6,46
2014-10-18,G,22,2,14
2014-10-18,G,17,2,14
2014-10-18,G,10,3,14
2014-10-18,G,5,3,14
2014-10-19,F,24,2,30
2014-10-19,F,23,2,30
2014-10-19,F,9,2,30
2014-10-19,F,6,2,30
2014-10-19,F,4,2,30
2014-10-19,F,3,4,30
2014-10-19,F,2,7,30
2014-10-19,F,1,3,30
2014-10-19,D,15,2,6
2014-10-19,D,2,2,6
2014-10-19,M,3,2,9
2014-10-19,M,2,2,9
2014-10-19,G,NT,NT,4
2014-10-20,F,26,2,10
2014-10-20,F,3,2,10
2014-10-20,D,10,2,5
2014-10-20,M,1,2,5
2014-10-20,G,NT,NT,2
2014-10-25,F,20,2,74
2014-10-25,F,19,2,74
2014-10-25,F,18,4,74
2014-10-25,F,12,5,74
2014-10-25,F,8,2,74
2014-10-25,F,7,2,74
2014-10-25,F,6,10,74
2014-10-25,F,4,3,74
2014-10-25,F,3,3,74
2014-10-25,F,2,16,74
2014-10-25,F,1,12,74
2014-10-25,D,15,2,23
2014-10-25,D,10,3,23
2014-10-25,D,5,4,23
2014-10-25,D,3,2,23
2014-10-25,D,2,5,23
2014-10-25,D,1,4,23
2014-10-25,M,10,2,27
2014-10-25,M,7,2,27
2014-10-25,M,6,2,27
2014-10-25,M,2,9,27
2014-10-25,M,1,6,27
2014-10-25,G,10,2,11
2014-10-25,G,5,2,11
2014-10-26,F,25,2,39
2014-10-26,F,18,3,39
2014-10-26,F,12,2,39
2014-10-26,F,8,4,39
2014-10-26,F,6,3,39
2014-10-26,F,4,4,39
2014-10-26,F,2,6,39
2014-10-26,F,1,7,39
2014-10-26,D,10,4,13
2014-10-26,D,2,3,13
2014-10-26,D,1,3,13
2014-10-26,M,10,2,13
2014-10-26,M,6,2,13
2014-10-26,M,4,3,13
2014-10-26,M,1,2,13
2014-10-26,G,28,2,6
2014-10-26,G,10,4,6
2014-10-27,F,8,2,13
2014-10-27,F,1,2,13
2014-10-27,D,5,2,5
2014-10-27,M,3,2,4
2014-10-27,G,NT,NT,2
2014-11-01,F,30,2,76
2014-11-01,F,16,2,76
2014-11-01,F,10,2,76
2014-11-01,F,9,6,76
2014-11-01,F,8,3,76
2014-11-01,F,6,3,76
2014-11-01,F,5,2,76
2014-11-01,F,4,3,76
2014-11-01,F,3,11,76
2014-11-01,F,2,8,76
2014-11-01,F,1,24,76
2014-11-01,D,10,5,30
2014-11-01,D,5,3,30
2014-11-01,D,4,6,30
2014-11-01,D,2,6,30
2014-11-01,D,1,5,30
2014-11-01,M,10,2,39
2014-11-01,M,7,4,39
2014-11-01,M,6,2,39
2014-11-01,M,5,3,39
2014-11-01,M,4,4,39
2014-11-01,M,3,5,39
2014-11-01,M,2,7,39
2014-11-01,M,1,3,39
2014-11-01,G,15,2,12
2014-11-01,G,10,4,12
2014-11-01,G,5,2,12
2014-11-02,F,30,2,24
2014-11-02,F,12,4,24
2014-11-02,F,8,2,24
2014-11-02,F,7,2,24
2014-11-02,F,3,2,24
2014-11-02,F,2,2,24
2014-11-02,F,1,3,24
2014-11-02,D,5,3,7
2014-11-02,M,1,2,5
2014-11-02,G,NT,NT,4
2014-11-03,F,8,2,13
2014-11-03,F,6,3,13
2014-11-03,F,1,3,13
2014-11-03,D,10,2,4
2014-11-03,M,NT,NT,3
2014-11-03,G,NT,NT,2
2014-11-08,F,53,2,75
2014-11-08,F,27,2,75
2014-11-08,F,18,3,75
2014-11-08,F,17,2,75
2014-11-08,F,16,2,75
2014-11-08,F,15,2,75
2014-11-08,F,12,3,75
2014-11-08,F,10,2,75
2014-11-08,F,8,3,75
2014-11-08,F,6,6,75
2014-11-08,F,5,4,75
2014-11-08,F,4,4,75
2014-11-08,F,3,10,75
2014-11-08,F,2,13,75
2014-11-08,F,1,10,75
2014-11-08,D,10,3,29
2014-11-08,D,6,3,29
2014-11-08,D,5,7,29
2014-11-08,D,4,2,29
2014-11-08,D,3,3,29
2014-11-08,D,2,4,29
2014-11-08,D,1,5,29
2014-11-08,M,26,2,24
2014-11-08,M,11,2,24
2014-11-08,M,4,4,24
2014-11-08,M,3,2,24
2014-11-08,M,2,2,24
2014-11-08,M,1,5,24
2014-11-08,G,28,2,11
2014-11-08,G,11,2,11
2014-11-08,G,10,2,11
2014-11-08,G,5,4,11
2014-11-09,F,19,2,53
2014-11-09,F,18,2,53
2014-11-09,F,14,2,53
2014-11-09,F,12,3,53
2014-11-09,F,10,2,53
2014-11-09,F,9,2,53
2014-11-09,F,6,5,53
2014-11-09,F,4,4,53
2014-11-09,F,3,5,53
2014-11-09,F,2,5,53
2014-11-09,F,1,12,53
2014-11-09,D,15,2,17
2014-11-09,D,10,7,17
2014-11-09,D,4,2,17
2014-11-09,D,3,3,17
2014-11-09,D,1,3,17
2014-11-09,M,4,2,21
2014-11-09,M,3,4,21
2014-11-09,M,2,4,21
2014-11-09,M,1,3,21
2014-11-09,G,10,3,8
2014-11-22,F,36,2,68
2014-11-22,F,25,2,68
2014-11-22,F,17,4,68
2014-11-22,F,15,2,68
2014-11-22,F,13,2,68
2014-11-22,F,12,2,68
2014-11-22,F,10,2,68
2014-11-22,F,8,3,68
2014-11-22,F,7,3,68
2014-11-22,F,6,2,68
2014-11-22,F,5,2,68
2014-11-22,F,4,6,68
2014-11-22,F,3,6,68
2014-11-22,F,2,11,68
2014-11-22,F,1,10,68
2014-11-22,D,15,5,32
2014-11-22,D,6,2,32
2014-11-22,D,5,6,32
2014-11-22,D,4,3,32
2014-11-22,D,2,8,32
2014-11-22,D,1,6,32
2014-11-22,M,23,2,43
2014-11-22,M,15,2,43
2014-11-22,M,12,2,43
2014-11-22,M,10,4,43
2014-11-22,M,9,2,43
2014-11-22,M,8,4,43
2014-11-22,M,7,2,43
2014-11-22,M,6,3,43
2014-11-22,M,5,5,43
2014-11-22,M,4,2,43
2014-11-22,M,3,4,43
2014-11-22,M,2,3,43
2014-11-22,G,27,2,13
2014-11-22,G,15,2,13
2014-11-22,G,10,3,13
2014-11-22,G,5,2,13
2014-11-23,F,9,2,28
2014-11-23,F,6,2,28
2014-11-23,F,5,3,28
2014-11-23,F,3,3,28
2014-11-23,F,2,3,28
2014-11-23,F,1,6,28
2014-11-23,D,NT,NT,6
2014-11-23,M,2,2,9
2014-11-23,G,15,2,4
2014-11-24,F,11,2,13
2014-11-24,F,7,2,13
2014-11-24,F,4,2,13
2014-11-24,F,3,3,13
2014-11-24,D,3,2,4
2014-11-24,M,3,3,3
2014-11-24,G,NT,NT,2
2014-11-29,F,24,2,87
2014-11-29,F,23,2,87
2014-11-29,F,18,5,87
2014-11-29,F,14,2,87
2014-11-29,F,13,2,87
2014-11-29,F,12,5,87
2014-11-29,F,11,3,87
2014-11-29,F,10,5,87
2014-11-29,F,8,4,87
2014-11-29,F,7,3,87
2014-11-29,F,6,6,87
2014-11-29,F,5,2,87
2014-11-29,F,4,2,87
2014-11-29,F,3,7,87
2014-11-29,F,2,12,87
2014-11-29,F,1,17,87
2014-11-29,D,10,7,36
2014-11-29,D,5,7,36
2014-11-29,D,4,2,36
2014-11-29,D,3,3,36
2014-11-29,D,2,2,36
2014-11-29,D,1,9,36
2014-11-29,M,12,5,45
2014-11-29,M,8,3,45
2014-11-29,M,7,2,45
2014-11-29,M,5,4,45
2014-11-29,M,4,3,45
2014-11-29,M,3,3,45
2014-11-29,M,2,9,45
2014-11-29,M,1,9,45
2014-11-29,G,34,2,15
2014-11-29,G,10,3,15
2014-11-29,G,5,3,15
2014-11-30,F,25,2,27
2014-11-30,F,24,2,27
2014-11-30,F,7,3,27
2014-11-30,F,3,3,27
2014-11-30,F,2,4,27
2014-11-30,F,1,4,27
2014-11-30,D,15,2,9
2014-11-30,D,10,3,9
2014-11-30,D,1,3,9
2014-11-30,M,NT,NT,6
2014-11-30,G,NT,NT,4
2014-12-02,F,24,2,69
2014-12-02,F,20,2,69
2014-12-02,F,18,3,69
2014-12-02,F,15,2,69
2014-12-02,F,11,2,69
2014-12-02,F,10,2,69
2014-12-02,F,8,4,69
2014-12-02,F,7,2,69
2014-12-02,F,6,5,69
2014-12-02,F,5,3,69
2014-12-02,F,4,4,69
2014-12-02,F,3,7,69
2014-12-02,F,2,7,69
2014-12-02,F,1,16,69
2014-12-02,D,15,2,27
2014-12-02,D,10,6,27
2014-12-02,D,5,2,27
2014-12-02,D,3,3,27
2014-12-02,D,2,7,27
2014-12-02,D,1,3,27
2014-12-02,M,13,2,26
2014-12-02,M,10,2,26
2014-12-02,M,7,2,26
2014-12-02,M,6,2,26
2014-12-02,M,4,3,26
2014-12-02,M,3,3,26
2014-12-02,M,2,2,26
2014-12-02,M,1,2,26
2014-12-02,G,10,5,12
2014-12-03,F,24,2,45
2014-12-03,F,16,2,45
2014-12-03,F,12,2,45
2014-12-03,F,8,2,45
2014-12-03,F,6,5,45
2014-12-03,F,5,2,45
2014-12-03,F,4,3,45
2014-12-03,F,3,2,45
2014-12-03,F,2,7,45
2014-12-03,F,1,9,45
2014-12-03,D,10,3,14
2014-12-03,D,5,4,14
2014-12-03,D,3,2,14
2014-12-03,D,1,3,14
2014-12-03,M,8,3,18
2014-12-03,M,6,2,18
2014-12-03,M,1,3,18
2014-12-03,G,10,3,8
2014-12-03,G,5,2,8
2014-12-06,F,28,2,62
2014-12-06,F,18,3,62
2014-12-06,F,14,3,62
2014-12-06,F,13,2,62
2014-12-06,F,12,4,62
2014-12-06,F,9,2,62
2014-12-06,F,8,4,62
2014-12-06,F,7,3,62
2014-12-06,F,6,7,62
2014-12-06,F,4,6,62
2014-12-06,F,3,2,62
2014-12-06,F,2,9,62
2014-12-06,F,1,10,62
2014-12-06,D,15,4,27
2014-12-06,D,6,2,27
2014-12-06,D,5,5,27
2014-12-06,D,4,2,27
2014-12-06,D,3,3,27
2014-12-06,D,2,4,27
2014-12-06,D,1,6,27
2014-12-06,M,28,3,50
2014-12-06,M,12,4,50
2014-12-06,M,10,3,50
2014-12-06,M,8,3,50
2014-12-06,M,7,4,50
2014-12-06,M,6,6,50
2014-12-06,M,5,3,50
2014-12-06,M,4,7,50
2014-12-06,M,3,4,50
2014-12-06,M,2,8,50
2014-12-06,G,15,2,11
2014-12-06,G,5,2,11
2014-12-07,F,6,3,23
2014-12-07,F,5,2,23
2014-12-07,F,2,2,23
2014-12-07,F,1,4,23
2014-12-07,D,15,3,10
2014-12-07,D,4,2,10
2014-12-07,M,7,2,8
2014-12-07,M,4,2,8
2014-12-07,M,2,2,8
2014-12-07,G,15,2,4
2014-12-08,F,1,5,10
2014-12-08,D,10,2,4
2014-12-08,M,1,2,5
2014-12-08,G,10,2,2
2014-12-13,F,27,2,82
2014-12-13,F,18,4,82
2014-12-13,F,15,2,82
2014-12-13,F,13,2,82
2014-12-13,F,12,2,82
2014-12-13,F,8,4,82
2014-12-13,F,7,3,82
2014-12-13,F,6,9,82
2014-12-13,F,5,6,82
2014-12-13,F,4,6,82
2014-12-13,F,3,7,82
2014-12-13,F,2,13,82
2014-12-13,F,1,12,82
2014-12-13,D,10,4,34
2014-12-13,D,5,11,34
2014-12-13,D,4,2,34
2014-12-13,D,3,3,34
2014-12-13,D,2,4,34
2014-12-13,D,1,8,34
2014-12-13,M,6,2,27
2014-12-13,M,5,2,27
2014-12-13,M,4,5,27
2014-12-13,M,2,5,27
2014-12-13,M,1,4,27
2014-12-13,G,10,3,14
2014-12-13,G,5,4,14
2014-12-14,F,28,2,23
2014-12-14,F,5,3,23
2014-12-14,F,3,6,23
2014-12-14,F,2,3,23
2014-12-14,D,5,2,6
2014-12-14,D,2,2,6
2014-12-14,M,8,2,10
2014-12-14,M,4,2,10
2014-12-14,M,2,3,10
2014-12-14,G,NT,NT,4
2014-12-15,F,3,2,15
2014-12-15,F,2,5,15
2014-12-15,D,15,3,6
2014-12-15,D,1,2,6
2014-12-15,M,2,2,6
2014-12-15,G,NT,NT,2
2014-12-20,F,30,2,85
2014-12-20,F,24,2,85
2014-12-20,F,20,2,85
2014-12-20,F,19,4,85
2014-12-20,F,18,2,85
2014-12-20,F,16,3,85
2014-12-20,F,12,2,85
2014-12-20,F,10,2,85
2014-12-20,F,9,3,85
2014-12-20,F,8,3,85
2014-12-20,F,7,4,85
2014-12-20,F,6,5,85
2014-12-20,F,5,6,85
2014-12-20,F,4,2,85
2014-12-20,F,3,4,85
2014-12-20,F,2,17,85
2014-12-20,F,1,13,85
2014-12-20,D,15,2,36
2014-12-20,D,8,3,36
2014-12-20,D,5,9,36
2014-12-20,D,3,4,36
2014-12-20,D,2,5,36
2014-12-20,D,1,6,36
2014-12-20,M,11,2,24
2014-12-20,M,9,3,24
2014-12-20,M,6,2,24
2014-12-20,M,4,4,24
2014-12-20,M,2,3,24
2014-12-20,M,1,2,24
2014-12-20,G,39,2,14
2014-12-20,G,29,2,14
2014-12-20,G,15,2,14
2014-12-20,G,10,2,14
2014-12-20,G,5,3,14
2014-12-21,F,19,2,25
2014-12-21,F,15,2,25
2014-12-21,F,13,3,25
2014-12-21,F,6,2,25
2014-12-21,F,5,2,25
2014-12-21,F,2,2,25
2014-12-21,F,1,5,25
2014-12-21,D,10,5,10
2014-12-21,M,NT,NT,9
2014-12-21,G,10,2,4
2014-12-22,F,13,2,12
2014-12-22,F,6,2,12
2014-12-22,F,4,3,12
2014-12-22,D,1,2,3
2014-12-22,M,6,2,5
2014-12-22,M,4,2,5
2014-12-22,G,NT,NT,2
2014-12-26,F,42,3,111
2014-12-26,F,28,2,111
2014-12-26,F,23,3,111
2014-12-26,F,20,3,111
2014-12-26,F,19,3,111
2014-12-26,F,17,2,111
2014-12-26,F,16,2,111
2014-12-26,F,15,2,111
2014-12-26,F,14,2,111
2014-12-26,F,13,3,111
2014-12-26,F,11,3,111
2014-12-26,F,10,2,111
2014-12-26,F,9,5,111
2014-12-26,F,8,3,111
2014-12-26,F,7,4,111
2014-12-26,F,6,7,111
2014-12-26,F,5,4,111
2014-12-26,F,4,7,111
2014-12-26,F,3,12,111
2014-12-26,F,2,15,111
2014-12-26,F,1,15,111
2014-12-26,D,24,2,47
2014-12-26,D,15,6,47
2014-12-26,D,13,2,47
2014-12-26,D,10,10,47
2014-12-26,D,6,4,47
2014-12-26,D,5,3,47
2014-12-26,D,4,3,47
2014-12-26,D,3,4,47
2014-12-26,D,2,3,47
2014-12-26,D,1,7,47
2014-12-26,M,10,2,44
2014-12-26,M,9,3,44
2014-12-26,M,8,3,44
2014-12-26,M,7,3,44
2014-12-26,M,5,7,44
2014-12-26,M,4,4,44
2014-12-26,M,3,3,44
2014-12-26,M,2,4,44
2014-12-26,M,1,4,44
2014-12-26,G,23,2,20
2014-12-26,G,22,2,20
2014-12-26,G,16,2,20
2014-12-26,G,15,2,20
2014-12-26,G,10,6,20
2014-12-26,G,5,3,20
2014-12-28,F,24,3,106
2014-12-28,F,23,3,106
2014-12-28,F,22,2,106
2014-12-28,F,21,3,106
2014-12-28,F,18,4,106
2014-12-28,F,16,2,106
2014-12-28,F,13,2,106
2014-12-28,F,11,2,106
2014-12-28,F,9,5,106
2014-12-28,F,8,7,106
2014-12-28,F,7,2,106
2014-12-28,F,6,6,106
2014-12-28,F,5,5,106
2014-12-28,F,4,12,106
2014-12-28,F,3,9,106
2014-12-28,F,2,14,106
2014-12-28,F,1,18,106
2014-12-28,D,15,3,41
2014-12-28,D,10,9,41
2014-12-28,D,7,2,41
2014-12-28,D,6,2,41
2014-12-28,D,5,3,41
2014-12-28,D,4,3,41
2014-12-28,D,3,3,41
2014-12-28,D,2,10,41
2014-12-28,D,1,4,41
2014-12-28,M,26,2,41
2014-12-28,M,14,2,41
2014-12-28,M,9,2,41
2014-12-28,M,8,4,41
2014-12-28,M,7,2,41
2014-12-28,M,5,3,41
2014-12-28,M,4,8,41
2014-12-28,M,3,2,41
2014-12-28,M,2,8,41
2014-12-28,M,1,2,41
2014-12-28,G,18,2,15
2014-12-28,G,15,2,15
2014-12-28,G,10,5,15
2014-12-29,F,4,2,13
2014-12-29,F,1,2,13
2014-12-29,D,NT,NT,2
2014-12-29,M,NT,NT,2
2014-12-29,G,NT,NT,2
2015-01-01,F,28,3,111
2015-01-01,F,26,2,111
2015-01-01,F,24,4,111
2015-01-01,F,22,2,111
2015-01-01,F,18,5,111
2015-01-01,F,14,3,111
2015-01-01,F,11,2,111
2015-01-01,F,10,7,111
2015-01-01,F,9,4,111
2015-01-01,F,8,6,111
2015-01-01,F,7,2,111
2015-01-01,F,6,7,111
2015-01-01,F,5,7,111
2015-01-01,F,4,7,111
2015-01-01,F,3,9,111
2015-01-01,F,2,11,111
2015-01-01,F,1,18,111
2015-01-01,D,15,5,44
2015-01-01,D,10,10,44
2015-01-01,D,5,3,44
2015-01-01,D,4,2,44
2015-01-01,D,2,6,44
2015-01-01,D,1,8,44
2015-01-01,M,34,3,54
2015-01-01,M,27,2,54
2015-01-01,M,26,2,54
2015-01-01,M,16,2,54
2015-01-01,M,10,2,54
2015-01-01,M,9,2,54
2015-01-01,M,8,2,54
2015-01-01,M,7,2,54
2015-01-01,M,5,3,54
2015-01-01,M,4,2,54
2015-01-01,M,3,5,54
2015-01-01,M,2,11,54
2015-01-01,M,1,6,54
2015-01-01,G,22,2,18
2015-01-01,G,16,2,18
2015-01-01,G,15,2,18
2015-01-01,G,10,5,18
2015-01-01,G,5,2,18
2015-01-10,F,32,2,102
2015-01-10,F,15,2,102
2015-01-10,F,14,3,102
2015-01-10,F,13,2,102
2015-01-10,F,12,6,102
2015-01-10,F,11,3,102
2015-01-10,F,9,5,102
2015-01-10,F,8,5,102
2015-01-10,F,7,6,102
2015-01-10,F,6,8,102
2015-01-10,F,5,5,102
2015-01-10,F,4,8,102
2015-01-10,F,3,7,102
2015-01-10,F,2,17,102
2015-01-10,F,1,13,102
2015-01-10,D,15,3,35
2015-01-10,D,10,6,35
2015-01-10,D,7,3,35
2015-01-10,D,5,6,35
2015-01-10,D,3,4,35
2015-01-10,D,2,5,35
2015-01-10,D,1,5,35
2015-01-10,M,33,2,33
2015-01-10,M,7,3,33
2015-01-10,M,5,4,33
2015-01-10,M,4,3,33
2015-01-10,M,3,6,33
2015-01-10,M,2,3,33
2015-01-10,M,1,6,33
2015-01-10,G,28,2,16
2015-01-10,G,15,2,16
2015-01-10,G,10,3,16
2015-01-10,G,5,3,16
2015-01-11,F,2,4,12
2015-01-11,F,1,3,12
2015-01-11,D,10,3,9
2015-01-11,M,7,2,23
2015-01-11,M,3,2,23
2015-01-11,M,2,6,23
2015-01-11,M,1,7,23
2015-01-11,G,10,2,4
2015-01-17,F,22,3,88
2015-01-17,F,20,2,88
2015-01-17,F,16,4,88
2015-01-17,F,15,2,88
2015-01-17,F,14,2,88
2015-01-17,F,12,2,88
2015-01-17,F,10,3,88
2015-01-17,F,9,2,88
2015-01-17,F,8,5,88
2015-01-17,F,7,3,88
2015-01-17,F,6,8,88
2015-01-17,F,4,8,88
2015-01-17,F,3,8,88
2015-01-17,F,2,13,88
2015-01-17,F,1,11,88
2015-01-17,D,10,11,30
2015-01-17,D,5,2,30
2015-01-17,D,4,3,30
2015-01-17,D,2,4,30
2015-01-17,D,1,5,30
2015-01-17,M,8,4,27
2015-01-17,M,7,3,27
2015-01-17,M,3,5,27
2015-01-17,M,2,4,27
2015-01-17,M,1,3,27
2015-01-17,G,16,2,14
2015-01-17,G,10,6,14
2015-01-18,F,4,2,19
2015-01-18,F,3,2,19
2015-01-18,F,1,4,19
2015-01-18,D,10,3,9
2015-01-18,D,1,2,9
2015-01-18,M,1,2,10
2015-01-18,G,NT,NT,4
2015-01-19,F,4,3,7
2015-01-19,D,NT,NT,3
2015-01-19,M,3,2,5
2015-01-31,F,30,3,98
2015-01-31,F,25,2,98
2015-01-31,F,21,2,98
2015-01-31,F,19,2,98
2015-01-31,F,18,3,98
2015-01-31,F,17,3,98
2015-01-31,F,14,2,98
2015-01-31,F,10,3,98
2015-01-31,F,9,4,98
2015-01-31,F,8,5,98
2015-01-31,F,7,3,98
2015-01-31,F,6,4,98
2015-01-31,F,5,6,98
2015-01-31,F,4,7,98
2015-01-31,F,3,10,98
2015-01-31,F,2,16,98
2015-01-31,F,1,13,98
2015-01-31,D,15,3,32
2015-01-31,D,10,8,32
2015-01-31,D,6,4,32
2015-01-31,D,5,3,32
2015-01-31,D,3,4,32
2015-01-31,D,2,4,32
2015-01-31,D,1,6,32
2015-01-31,M,12,2,40
2015-01-31,M,9,2,40
2015-01-31,M,8,3,40
2015-01-31,M,7,2,40
2015-01-31,M,6,3,40
2015-01-31,M,5,2,40
2015-01-31,M,4,4,40
2015-01-31,M,3,5,40
2015-01-31,M,2,6,40
2015-01-31,M,1,7,40
2015-01-31,G,16,2,16
2015-01-31,G,15,3,16
2015-01-31,G,10,4,16
2015-01-31,G,5,2,16
2015-02-01,F,9,2,19
2015-02-01,F,6,3,19
2015-02-01,F,4,2,19
2015-02-01,F,2,3,19
2015-02-01,F,1,3,19
2015-02-01,D,10,2,9
2015-02-01,D,5,3,9
2015-02-01,D,2,2,9
2015-02-01,M,12,2,10
2015-02-01,G,10,2,4
2015-02-07,F,17,4,83
2015-02-07,F,12,3,83
2015-02-07,F,11,2,83
2015-02-07,F,10,4,83
2015-02-07,F,9,3,83
2015-02-07,F,8,5,83
2015-02-07,F,7,3,83
2015-02-07,F,6,9,83
2015-02-07,F,5,4,83
2015-02-07,F,4,4,83
2015-02-07,F,3,8,83
2015-02-07,F,2,10,83
2015-02-07,F,1,13,83
2015-02-07,D,15,2,27
2015-02-07,D,10,6,27
2015-02-07,D,4,3,27
2015-02-07,D,2,9,27
2015-02-07,D,1,2,27
2015-02-07,M,12,2,30
2015-02-07,M,9,2,30
2015-02-07,M,6,3,30
2015-02-07,M,5,2,30
2015-02-07,M,4,3,30
2015-02-07,M,3,3,30
2015-02-07,M,2,5,30
2015-02-07,M,1,4,30
2015-02-07,G,10,6,13
2015-02-08,F,12,5,35
2015-02-08,F,9,2,35
2015-02-08,F,8,4,35
2015-02-08,F,2,4,35
2015-02-08,F,1,6,35
2015-02-08,D,10,4,15
2015-02-08,D,4,3,15
2015-02-08,D,2,4,15
2015-02-08,D,1,2,15
2015-02-08,M,6,3,15
2015-02-08,M,5,2,15
2015-02-08,M,3,2,15
2015-02-08,M,2,2,15
2015-02-08,M,1,2,15
2015-02-08,G,22,2,6
2015-02-08,G,10,3,6
2015-02-10,F,36,2,49
2015-02-10,F,28,2,49
2015-02-10,F,24,2,49
2015-02-10,F,14,2,49
2015-02-10,F,12,2,49
2015-02-10,F,8,3,49
2015-02-10,F,6,3,49
2015-02-10,F,3,7,49
2015-02-10,F,2,6,49
2015-02-10,F,1,5,49
2015-02-10,D,15,4,16
2015-02-10,D,5,2,16
2015-02-10,D,3,2,16
2015-02-10,D,1,2,16
2015-02-10,M,8,2,16
2015-02-10,M,7,2,16
2015-02-10,M,4,2,16
2015-02-10,M,2,4,16
2015-02-10,G,15,2,8
2015-02-11,F,20,2,39
2015-02-11,F,8,4,39
2015-02-11,F,6,2,39
2015-02-11,F,3,2,39
2015-02-11,F,2,8,39
2015-02-11,F,1,9,39
2015-02-11,D,10,3,27
2015-02-11,D,6,2,27
2015-02-11,D,5,6,27
2015-02-11,D,4,5,27
2015-02-11,D,3,2,27
2015-02-11,D,2,3,27
2015-02-11,D,1,4,27
2015-02-11,M,33,2,61
2015-02-11,M,16,4,61
2015-02-11,M,12,2,61
2015-02-11,M,10,2,61
2015-02-11,M,7,3,61
2015-02-11,M,6,6,61
2015-02-11,M,4,4,61
2015-02-11,M,3,6,61
2015-02-11,M,2,12,61
2015-02-11,M,1,13,61
2015-02-11,G,10,3,11
2015-02-11,G,5,2,11
2015-02-21,F,35,2,80
2015-02-21,F,33,2,80
2015-02-21,F,26,3,80
2015-02-21,F,24,3,80
2015-02-21,F,19,3,80
2015-02-21,F,18,2,80
2015-02-21,F,12,2,80
2015-02-21,F,8,3,80
2015-02-21,F,7,8,80
2015-02-21,F,6,5,80
2015-02-21,F,5,4,80
2015-02-21,F,4,5,80
2015-02-21,F,3,9,80
2015-02-21,F,2,13,80
2015-02-21,F,1,9,80
2015-02-21,D,15,4,33
2015-02-21,D,10,7,33
2015-02-21,D,5,2,33
2015-02-21,D,2,12,33
2015-02-21,D,1,4,33
2015-02-21,M,13,2,35
2015-02-21,M,9,3,35
2015-02-21,M,7,3,35
2015-02-21,M,5,4,35
2015-02-21,M,4,4,35
2015-02-21,M,3,2,35
2015-02-21,M,2,4,35
2015-02-21,M,1,7,35
2015-02-21,G,34,2,13
2015-02-21,G,15,2,13
2015-02-21,G,10,3,13
2015-02-22,F,17,4,36
2015-02-22,F,7,4,36
2015-02-22,F,5,2,36
2015-02-22,F,4,2,36
2015-02-22,F,3,2,36
2015-02-22,F,2,3,36
2015-02-22,F,1,6,36
2015-02-22,D,10,5,13
2015-02-22,D,1,3,13
2015-02-22,M,8,2,16
2015-02-22,M,6,2,16
2015-02-22,M,5,2,16
2015-02-22,M,4,2,16
2015-02-22,M,3,2,16
2015-02-22,M,1,2,16
2015-02-22,G,22,2,6
2015-02-22,G,10,3,6
2015-02-28,F,26,2,56
2015-02-28,F,24,2,56
2015-02-28,F,13,2,56
2015-02-28,F,12,3,56
2015-02-28,F,8,2,56
2015-02-28,F,7,3,56
2015-02-28,F,5,2,56
2015-02-28,F,4,6,56
2015-02-28,F,3,6,56
2015-02-28,F,2,8,56
2015-02-28,F,1,12,56
2015-02-28,D,10,4,28
2015-02-28,D,8,2,28
2015-02-28,D,6,2,28
2015-02-28,D,5,8,28
2015-02-28,D,4,5,28
2015-02-28,D,2,2,28
2015-02-28,D,1,2,28
2015-02-28,M,7,3,40
2015-02-28,M,6,9,40
2015-02-28,M,4,5,40
2015-02-28,M,3,5,40
2015-02-28,M,2,4,40
2015-02-28,M,1,5,40
2015-02-28,G,23,2,12
2015-02-28,G,10,2,12
2015-02-28,G,5,5,12
2015-03-01,F,18,3,23
2015-03-01,F,7,2,23
2015-03-01,F,4,2,23
2015-03-01,F,3,2,23
2015-03-01,F,2,5,23
2015-03-01,F,1,3,23
2015-03-01,D,5,2,8
2015-03-01,D,2,2,8
2015-03-01,M,3,2,9
2015-03-01,M,1,3,9
2015-03-01,G,15,2,4
2015-03-03,F,34,2,35
2015-03-03,F,30,2,35
2015-03-03,F,12,2,35
2015-03-03,F,8,2,35
2015-03-03,F,6,4,35
2015-03-03,F,4,3,35
2015-03-03,F,3,7,35
2015-03-03,F,2,5,35
2015-03-03,F,1,4,35
2015-03-03,D,10,2,11
2015-03-03,D,5,2,11
2015-03-03,D,2,3,11
2015-03-03,M,8,3,17
2015-03-03,M,7,4,17
2015-03-03,M,5,2,17
2015-03-03,M,2,4,17
2015-03-03,G,NT,NT,6
2015-03-04,F,24,2,81
2015-03-04,F,20,2,81
2015-03-04,F,14,2,81
2015-03-04,F,13,3,81
2015-03-04,F,12,5,81
2015-03-04,F,10,2,81
2015-03-04,F,9,2,81
2015-03-04,F,8,2,81
2015-03-04,F,7,2,81
2015-03-04,F,6,6,81
2015-03-04,F,4,3,81
2015-03-04,F,3,14,81
2015-03-04,F,2,12,81
2015-03-04,F,1,13,81
2015-03-04,D,10,5,25
2015-03-04,D,8,2,25
2015-03-04,D,5,8,25
2015-03-04,D,3,3,25
2015-03-04,D,1,2,25
2015-03-04,M,24,2,42
2015-03-04,M,13,2,42
2015-03-04,M,7,2,42
2015-03-04,M,6,2,42
2015-03-04,M,4,5,42
2015-03-04,M,3,6,42
2015-03-04,M,2,5,42
2015-03-04,M,1,6,42
2015-03-04,G,34,2,14
2015-03-04,G,10,3,14
2015-03-04,G,5,3,14
2015-03-07,F,3,2,15
2015-03-07,F,2,2,15
2015-03-07,F,1,4,15
2015-03-07,D,1,3,4
2015-03-07,M,NT,NT,3
2015-03-07,G,NT,NT,2
2015-03-14,F,34,2,66
2015-03-14,F,31,2,66
2015-03-14,F,21,2,66
2015-03-14,F,18,2,66
2015-03-14,F,16,4,66
2015-03-14,F,12,4,66
2015-03-14,F,7,2,66
2015-03-14,F,6,9,66
2015-03-14,F,5,2,66
2015-03-14,F,4,6,66
2015-03-14,F,3,6,66
2015-03-14,F,2,9,66
2015-03-14,F,1,9,66
2015-03-14,D,15,3,30
2015-03-14,D,10,2,30
2015-03-14,D,5,8,30
2015-03-14,D,4,3,30
2015-03-14,D,3,2,30
2015-03-14,D,2,5,30
2015-03-14,D,1,5,30
2015-03-14,M,24,2,35
2015-03-14,M,9,3,35
2015-03-14,M,8,3,35
2015-03-14,M,7,4,35
2015-03-14,M,6,3,35
2015-03-14,M,4,5,35
2015-03-14,M,3,3,35
2015-03-14,M,2,3,35
2015-03-14,M,1,4,35
2015-03-14,G,5,3,11
2015-03-15,F,36,2,33
2015-03-15,F,9,2,33
2015-03-15,F,7,2,33
2015-03-15,F,6,3,33
2015-03-15,F,5,2,33
2015-03-15,F,4,2,33
2015-03-15,F,3,4,33
2015-03-15,F,2,6,33
2015-03-15,F,1,5,33
2015-03-15,D,10,2,16
2015-03-15,D,7,2,16
2015-03-15,D,5,5,16
2015-03-15,D,1,3,16
2015-03-15,M,26,2,16
2015-03-15,M,8,2,16
2015-03-15,M,5,2,16
2015-03-15,M,2,5,16
2015-03-15,G,5,2,6
2015-03-16,F,17,2,13
2015-03-16,F,6,2,13
2015-03-16,F,2,3,13
2015-03-16,F,1,2,13
2015-03-16,D,1,2,4
2015-03-16,M,NT,NT,3
2015-03-16,G,NT,NT,2
2015-03-21,F,33,2,65
2015-03-21,F,26,2,65
2015-03-21,F,20,2,65
2015-03-21,F,18,4,65
2015-03-21,F,14,2,65
2015-03-21,F,10,2,65
2015-03-21,F,8,2,65
2015-03-21,F,7,3,65
2015-03-21,F,6,2,65
2015-03-21,F,5,3,65
2015-03-21,F,4,2,65
2015-03-21,F,3,8,65
2015-03-21,F,2,8,65
2015-03-21,F,1,12,65
2015-03-21,D,10,5,32
2015-03-21,D,5,7,32
2015-03-21,D,4,2,32
2015-03-21,D,3,2,32
2015-03-21,D,2,11,32
2015-03-21,D,1,2,32
2015-03-21,M,12,2,42
2015-03-21,M,11,2,42
2015-03-21,M,8,4,42
2015-03-21,M,7,3,42
2015-03-21,M,6,6,42
2015-03-21,M,5,3,42
2015-03-21,M,4,3,42
2015-03-21,M,3,4,42
2015-03-21,M,2,2,42
2015-03-21,M,1,5,42
2015-03-21,G,15,3,14
2015-03-21,G,10,3,14
2015-03-21,G,5,5,14
2015-03-22,F,34,2,40
2015-03-22,F,27,2,40
2015-03-22,F,16,3,40
2015-03-22,F,14,2,40
2015-03-22,F,7,2,40
2015-03-22,F,6,2,40
2015-03-22,F,4,3,40
2015-03-22,F,2,4,40
2015-03-22,F,1,11,40
2015-03-22,D,10,5,10
2015-03-22,D,2,3,10
2015-03-22,M,4,2,14
2015-03-22,M,2,2,14
2015-03-22,M,1,4,14
2015-03-22,G,10,3,6
2015-04-04,F,30,2,81
2015-04-04,F,24,2,81
2015-04-04,F,17,2,81
2015-04-04,F,16,3,81
2015-04-04,F,11,3,81
2015-04-04,F,10,3,81
2015-04-04,F,9,2,81
2015-04-04,F,8,4,81
2015-04-04,F,6,5,81
2015-04-04,F,5,3,81
2015-04-04,F,4,6,81
2015-04-04,F,3,6,81
2015-04-04,F,2,12,81
2015-04-04,F,1,13,81
2015-04-04,D,15,10,34
2015-04-04,D,10,2,34
2015-04-04,D,5,4,34
2015-04-04,D,4,4,34
2015-04-04,D,2,3,34
2015-04-04,D,1,5,34
2015-04-04,M,24,2,35
2015-04-04,M,10,3,35
2015-04-04,M,8,2,35
2015-04-04,M,7,5,35
2015-04-04,M,5,3,35
2015-04-04,M,3,2,35
2015-04-04,M,2,6,35
2015-04-04,M,1,2,35
2015-04-04,G,21,3,14
2015-04-04,G,15,5,14
2015-04-05,F,24,2,28
2015-04-05,F,10,3,28
2015-04-05,F,5,5,28
2015-04-05,F,4,3,28
2015-04-05,F,3,2,28
2015-04-05,F,2,3,28
2015-04-05,F,1,6,28
2015-04-05,D,5,2,6
2015-04-05,D,3,2,6
2015-04-05,M,1,2,7
2015-04-05,G,NT,NT,3
2015-04-06,F,2,2,10
2015-04-06,D,15,2,4
2015-04-06,M,NT,NT,3
2015-04-06,G,NT,NT,2
2015-04-07,F,16,2,13
2015-04-07,F,3,2,13
2015-04-07,D,10,3,7
2015-04-07,D,2,2,7
2015-04-07,M,1,2,5
2015-04-07,G,NT,NT,2
2015-04-11,F,21,2,84
2015-04-11,F,19,2,84
2015-04-11,F,18,2,84
2015-04-11,F,16,3,84
2015-04-11,F,12,2,84
2015-04-11,F,11,3,84
2015-04-11,F,9,4,84
2015-04-11,F,8,4,84
2015-04-11,F,7,7,84
2015-04-11,F,6,6,84
2015-04-11,F,5,6,84
2015-04-11,F,4,8,84
2015-04-11,F,3,6,84
2015-04-11,F,2,11,84
2015-04-11,F,1,7,84
2015-04-11,D,10,9,31
2015-04-11,D,6,3,31
2015-04-11,D,5,4,31
2015-04-11,D,3,2,31
2015-04-11,D,2,2,31
2015-04-11,D,1,7,31
2015-04-11,M,25,2,38
2015-04-11,M,13,2,38
2015-04-11,M,12,2,38
2015-04-11,M,8,2,38
2015-04-11,M,6,2,38
2015-04-11,M,4,2,38
2015-04-11,M,3,6,38
2015-04-11,M,2,9,38
2015-04-11,M,1,6,38
2015-04-11,G,17,2,14
2015-04-11,G,10,6,14
2015-04-12,F,18,2,23
2015-04-12,F,10,2,23
2015-04-12,F,7,2,23
2015-04-12,F,4,2,23
2015-04-12,F,3,5,23
2015-04-12,F,2,4,23
2015-04-12,F,1,2,23
2015-04-12,D,15,3,10
2015-04-12,D,10,2,10
2015-04-12,D,4,2,10
2015-04-12,D,1,2,10
2015-04-12,M,6,2,10
2015-04-12,M,4,2,10
2015-04-12,M,2,2,10
2015-04-12,G,10,2,4
2015-04-13,F,6,3,13
2015-04-13,F,1,3,13
2015-04-13,D,5,3,5
2015-04-13,M,NT,NT,3
2015-04-13,G,NT,NT,2
2015-04-18,F,24,3,52
2015-04-18,F,17,2,52
2015-04-18,F,16,2,52
2015-04-18,F,15,2,52
2015-04-18,F,12,2,52
2015-04-18,F,5,3,52
2015-04-18,F,4,2,52
2015-04-18,F,2,13,52
2015-04-18,F,1,11,52
2015-04-18,D,15,2,25
2015-04-18,D,10,2,25
2015-04-18,D,5,7,25
2015-04-18,D,4,2,25
2015-04-18,D,2,3,25
2015-04-18,D,1,3,25
2015-04-18,M,25,2,33
2015-04-18,M,8,2,33
2015-04-18,M,7,3,33
2015-04-18,M,6,3,33
2015-04-18,M,5,4,33
2015-04-18,M,4,5,33
2015-04-18,M,2,4,33
2015-04-18,M,1,4,33
2015-04-18,G,5,3,10
2015-04-19,F,13,2,23
2015-04-19,F,8,2,23
2015-04-19,F,5,2,23
2015-04-19,F,4,2,23
2015-04-19,F,3,2,23
2015-04-19,F,2,2,23
2015-04-19,F,1,3,23
2015-04-19,D,5,2,8
2015-04-19,D,2,2,8
2015-04-19,M,1,4,8
2015-04-19,G,NT,NT,4
2015-04-25,F,31,2,100
2015-04-25,F,20,2,100
2015-04-25,F,14,2,100
2015-04-25,F,12,6,100
2015-04-25,F,10,2,100
2015-04-25,F,9,4,100
2015-04-25,F,8,3,100
2015-04-25,F,7,2,100
2015-04-25,F,6,9,100
2015-04-25,F,5,6,100
2015-04-25,F,4,6,100
2015-04-25,F,3,9,100
2015-04-25,F,2,16,100
2015-04-25,F,1,16,100
2015-04-25,D,15,2,28
2015-04-25,D,10,4,28
2015-04-25,D,4,3,28
2015-04-25,D,3,4,28
2015-04-25,D,2,4,28
2015-04-25,D,1,8,28
2015-04-25,M,19,2,44
2015-04-25,M,8,5,44
2015-04-25,M,7,3,44
2015-04-25,M,6,2,44
2015-04-25,M,5,4,44
2015-04-25,M,4,4,44
2015-04-25,M,3,11,44
2015-04-25,M,2,6,44
2015-04-25,M,1,2,44
2015-04-25,G,28,2,14
2015-04-25,G,10,6,14
2015-04-26,F,8,3,23
2015-04-26,F,7,2,23
2015-04-26,F,6,4,23
2015-04-26,F,5,2,23
2015-04-26,F,2,4,23
2015-04-26,F,1,3,23
2015-04-26,D,5,3,8
2015-04-26,D,2,3,8
2015-04-26,M,1,2,9
2015-04-26,G,NT,NT,3
2015-04-28,F,18,3,11
2015-04-28,F,3,3,11
2015-04-28,D,5,3,4
2015-04-28,M,3,2,5
2015-04-28,G,NT,NT,2
2015-04-29,F,6,3,12
2015-04-29,F,1,3,12
2015-04-29,D,NT,NT,4
2015-04-29,M,2,3,3
2015-04-29,G,NT,NT,2
2015-05-02,F,18,2,66
2015-05-02,F,16,2,66
2015-05-02,F,10,2,66
2015-05-02,F,8,4,66
2015-05-02,F,7,5,66
2015-05-02,F,6,10,66
2015-05-02,F,5,2,66
2015-05-02,F,4,4,66
2015-05-02,F,3,5,66
2015-05-02,F,2,10,66
2015-05-02,F,1,9,66
2015-05-02,D,15,5,31
2015-05-02,D,10,2,31
2015-05-02,D,8,2,31
2015-05-02,D,6,2,31
2015-05-02,D,5,5,31
2015-05-02,D,4,4,31
2015-05-02,D,2,2,31
2015-05-02,D,1,5,31
2015-05-02,M,24,3,55
2015-05-02,M,12,2,55
2015-05-02,M,10,2,55
2015-05-02,M,9,3,55
2015-05-02,M,7,2,55
2015-05-02,M,6,5,55
2015-05-02,M,5,2,55
2015-05-02,M,4,6,55
2015-05-02,M,3,4,55
2015-05-02,M,2,9,55
2015-05-02,M,1,6,55
2015-05-02,G,21,2,14
2015-05-02,G,15,3,14
2015-05-02,G,5,3,14
2015-05-03,F,5,2,23
2015-05-03,F,3,3,23
2015-05-03,F,2,3,23
2015-05-03,F,1,5,23
2015-05-03,D,10,3,12
2015-05-03,D,5,2,12
2015-05-03,D,3,3,12
2015-05-03,M,7,2,12
2015-05-03,M,4,4,12
2015-05-03,G,NT,NT,4
2015-05-04,F,5,3,12
2015-05-04,F,2,2,12
2015-05-04,D,2,2,4
2015-05-04,M,1,2,5
2015-05-04,G,NT,NT,2
2015-05-09,F,24,2,84
2015-05-09,F,19,3,84
2015-05-09,F,18,6,84
2015-05-09,F,14,2,84
2015-05-09,F,13,2,84
2015-05-09,F,12,3,84
2015-05-09,F,10,4,84
2015-05-09,F,9,2,84
2015-05-09,F,8,4,84
2015-05-09,F,7,2,84
2015-05-09,F,6,2,84
2015-05-09,F,5,4,84
2015-05-09,F,4,4,84
2015-05-09,F,3,8,84
2015-05-09,F,2,15,84
2015-05-09,F,1,19,84
2015-05-09,D,10,5,32
2015-05-09,D,6,2,32
2015-05-09,D,5,6,32
2015-05-09,D,3,7,32
2015-05-09,D,2,3,32
2015-05-09,D,1,5,32
2015-05-09,M,31,2,34
2015-05-09,M,17,2,34
2015-05-09,M,11,2,34
2015-05-09,M,9,2,34
2015-05-09,M,8,2,34
2015-05-09,M,6,4,34
2015-05-09,M,5,2,34
2015-05-09,M,4,3,34
2015-05-09,M,3,3,34
2015-05-09,M,2,5,34
2015-05-09,M,1,2,34
2015-05-09,G,22,2,14
2015-05-09,G,10,4,14
2015-05-09,G,5,3,14
2015-05-10,F,12,2,25
2015-05-10,F,8,2,25
2015-05-10,F,5,2,25
2015-05-10,F,3,2,25
2015-05-10,F,2,4,25
2015-05-10,F,1,5,25
2015-05-10,D,10,2,8
2015-05-10,D,5,2,8
2015-05-10,M,31,2,10
2015-05-10,M,2,2,10
2015-05-10,M,1,2,10
2015-05-10,G,NT,NT,4
2015-05-11,F,NT,NT,1
2015-05-11,D,10,2,4
2015-05-11,M,9,2,15
2015-05-11,M,2,2,15
2015-05-11,M,1,3,15
2015-05-11,G,NT,NT,2
2015-05-16,F,18,2,58
2015-05-16,F,12,2,58
2015-05-16,F,11,3,58
2015-05-16,F,10,4,58
2015-05-16,F,9,2,58
2015-05-16,F,8,2,58
2015-05-16,F,7,2,58
2015-05-16,F,6,5,58
2015-05-16,F,5,2,58
2015-05-16,F,4,2,58
2015-05-16,F,3,4,58
2015-05-16,F,2,8,58
2015-05-16,F,1,11,58
2015-05-16,D,15,3,24
2015-05-16,D,10,5,24
2015-05-16,D,6,2,24
2015-05-16,D,5,2,24
2015-05-16,D,3,2,24
2015-05-16,D,2,5,24
2015-05-16,D,1,2,24
2015-05-16,M,25,2,60
2015-05-16,M,18,2,60
2015-05-16,M,13,2,60
2015-05-16,M,12,2,60
2015-05-16,M,10,3,60
2015-05-16,M,8,7,60
2015-05-16,M,7,3,60
2015-05-16,M,6,2,60
2015-05-16,M,5,5,60
2015-05-16,M,4,2,60
2015-05-16,M,3,6,60
2015-05-16,M,2,5,60
2015-05-16,M,1,11,60
2015-05-16,G,28,2,12
2015-05-16,G,15,2,12
2015-05-16,G,10,2,12
2015-05-17,F,14,2,26
2015-05-17,F,9,2,26
2015-05-17,F,4,2,26
2015-05-17,F,2,4,26
2015-05-17,F,1,4,26
2015-05-17,D,10,4,10
2015-05-17,D,6,3,10
2015-05-17,D,4,3,10
2015-05-17,M,6,2,9
2015-05-17,M,5,2,9
2015-05-17,G,10,2,4
2015-05-18,F,7,2,14
2015-05-18,F,1,3,14
2015-05-18,D,5,2,5
2015-05-18,M,2,2,3
2015-05-18,G,NT,NT,2
2015-05-20,F,NT,NT,1
2015-05-20,D,NT,NT,2
2015-05-20,M,16,2,16
2015-05-20,M,3,2,16
2015-05-20,M,2,2,16
2015-05-20,M,1,3,16
2015-05-20,G,NT,NT,1
2015-05-24,F,36,2,124
2015-05-24,F,30,4,124
2015-05-24,F,29,2,124
2015-05-24,F,24,2,124
2015-05-24,F,21,2,124
2015-05-24,F,12,4,124
2015-05-24,F,11,2,124
2015-05-24,F,10,3,124
2015-05-24,F,9,8,124
2015-05-24,F,8,4,124
2015-05-24,F,7,8,124
2015-05-24,F,6,6,124
2015-05-24,F,5,6,124
2015-05-24,F,4,6,124
2015-05-24,F,3,8,124
2015-05-24,F,2,21,124
2015-05-24,F,1,21,124
2015-05-24,D,15,7,41
2015-05-24,D,12,2,41
2015-05-24,D,10,3,41
2015-05-24,D,7,2,41
2015-05-24,D,6,3,41
2015-05-24,D,5,6,41
2015-05-24,D,4,2,41
2015-05-24,D,3,3,41
2015-05-24,D,2,5,41
2015-05-24,D,1,6,41
2015-05-24,M,29,2,44
2015-05-24,M,19,2,44
2015-05-24,M,14,2,44
2015-05-24,M,11,4,44
2015-05-24,M,10,2,44
2015-05-24,M,8,3,44
2015-05-24,M,7,5,44
2015-05-24,M,6,2,44
2015-05-24,M,3,4,44
2015-05-24,M,2,5,44
2015-05-24,M,1,4,44
2015-05-24,G,15,4,19
2015-05-24,G,10,2,19
2015-05-24,G,5,3,19
2015-08-08,F,31,2,75
2015-08-08,F,24,2,75
2015-08-08,F,19,3,75
2015-08-08,F,16,3,75
2015-08-08,F,12,2,75
2015-08-08,F,11,4,75
2015-08-08,F,9,3,75
2015-08-08,F,8,4,75
2015-08-08,F,7,5,75
2015-08-08,F,6,5,75
2015-08-08,F,5,5,75
2015-08-08,F,4,3,75
2015-08-08,F,3,2,75
2015-08-08,F,2,9,75
2015-08-08,F,1,13,75
2015-08-08,D,11,2,26
2015-08-08,D,10,6,26
2015-08-08,D,2,2,26
2015-08-08,D,1,11,26
2015-08-08,M,7,3,29
2015-08-08,M,5,3,29
2015-08-08,M,4,5,29
2015-08-08,M,2,7,29
2015-08-08,G,10,4,12
2015-08-09,F,15,2,24
2015-08-09,F,7,2,24
2015-08-09,F,5,3,24
2015-08-09,F,4,2,24
2015-08-09,F,2,2,24
2015-08-09,F,1,5,24
2015-08-09,D,10,4,13
2015-08-09,D,4,2,13
2015-08-09,D,3,3,13
2015-08-09,D,1,2,13
2015-08-09,M,10,2,28
2015-08-09,M,7,2,28
2015-08-09,M,5,2,28
2015-08-09,M,4,4,28
2015-08-09,M,2,4,28
2015-08-09,M,1,6,28
2015-08-09,G,22,2,6
2015-08-09,G,10,3,6
2015-08-10,F,16,2,15
2015-08-10,F,12,2,15
2015-08-10,F,1,3,15
2015-08-10,D,2,2,3
2015-08-10,M,NT,NT,3
2015-08-10,G,NT,NT,2
2015-08-14,F,6,2,14
2015-08-14,F,2,4,14
2015-08-14,F,1,4,14
2015-08-14,D,10,2,6
2015-08-14,D,1,2,6
2015-08-14,M,NT,NT,2
2015-08-14,G,NT,NT,2
2015-08-15,F,30,3,70
2015-08-15,F,24,4,70
2015-08-15,F,17,2,70
2015-08-15,F,12,3,70
2015-08-15,F,11,2,70
2015-08-15,F,10,2,70
2015-08-15,F,8,2,70
2015-08-15,F,6,4,70
2015-08-15,F,5,4,70
2015-08-15,F,4,4,70
2015-08-15,F,3,8,70
2015-08-15,F,2,10,70
2015-08-15,F,1,12,70
2015-08-15,D,10,4,19
2015-08-15,D,5,3,19
2015-08-15,D,3,4,19
2015-08-15,D,1,6,19
2015-08-15,M,12,2,26
2015-08-15,M,8,2,26
2015-08-15,M,6,3,26
2015-08-15,M,4,3,26
2015-08-15,M,3,2,26
2015-08-15,M,2,3,26
2015-08-15,G,10,4,10
2015-08-16,F,18,2,25
2015-08-16,F,9,3,25
2015-08-16,F,8,3,25
2015-08-16,F,4,5,25
2015-08-16,F,3,2,25
2015-08-16,F,1,4,25
2015-08-16,D,5,3,8
2015-08-16,D,1,2,8
2015-08-16,M,3,2,13
2015-08-16,M,2,3,13
2015-08-16,G,NT,NT,4
2015-08-17,F,6,2,13
2015-08-17,F,2,2,13
2015-08-17,F,1,5,13
2015-08-17,D,NT,NT,4
2015-08-17,M,4,2,6
2015-08-17,G,NT,NT,2
2015-08-22,F,24,2,76
2015-08-22,F,12,4,76
2015-08-22,F,11,2,76
2015-08-22,F,10,2,76
2015-08-22,F,8,2,76
2015-08-22,F,7,5,76
2015-08-22,F,6,3,76
2015-08-22,F,5,5,76
2015-08-22,F,4,8,76
2015-08-22,F,3,3,76
2015-08-22,F,2,10,76
2015-08-22,F,1,17,76
2015-08-22,D,10,5,26
2015-08-22,D,4,3,26
2015-08-22,D,3,4,26
2015-08-22,D,1,7,26
2015-08-22,M,14,2,29
2015-08-22,M,6,4,29
2015-08-22,M,3,4,29
2015-08-22,M,2,4,29
2015-08-22,M,1,5,29
2015-08-22,G,10,5,10
2015-08-23,F,18,2,32
2015-08-23,F,13,3,32
2015-08-23,F,12,2,32
2015-08-23,F,9,3,32
2015-08-23,F,6,4,32
2015-08-23,F,4,3,32
2015-08-23,F,2,5,32
2015-08-23,D,10,3,11
2015-08-23,D,4,4,11
2015-08-23,D,3,2,11
2015-08-23,M,2,4,12
2015-08-23,M,1,2,12
2015-08-23,G,10,2,5
2015-08-24,F,NT,NT,1
2015-08-24,D,1,3,4
2015-08-24,M,4,2,13
2015-08-24,M,3,2,13
2015-08-24,G,NT,NT,1
2015-08-29,F,20,2,94
2015-08-29,F,17,3,94
2015-08-29,F,16,2,94
2015-08-29,F,15,3,94
2015-08-29,F,13,3,94
2015-08-29,F,11,3,94
2015-08-29,F,10,3,94
2015-08-29,F,9,2,94
2015-08-29,F,8,2,94
2015-08-29,F,7,3,94
2015-08-29,F,6,6,94
2015-08-29,F,5,4,94
2015-08-29,F,4,11,94
2015-08-29,F,3,4,94
2015-08-29,F,2,10,94
2015-08-29,F,1,19,94
2015-08-29,D,12,2,31
2015-08-29,D,10,9,31
2015-08-29,D,6,2,31
2015-08-29,D,5,3,31
2015-08-29,D,4,3,31
2015-08-29,D,3,3,31
2015-08-29,D,2,4,31
2015-08-29,D,1,3,31
2015-08-29,M,12,2,33
2015-08-29,M,8,4,33
2015-08-29,M,5,5,33
2015-08-29,M,4,3,33
2015-08-29,M,3,2,33
2015-08-29,M,2,5,33
2015-08-29,M,1,6,33
2015-08-29,G,34,2,15
2015-08-29,G,16,2,15
2015-08-29,G,10,6,15
2015-08-29,G,5,2,15
2015-08-30,F,12,2,22
2015-08-30,F,10,2,22
2015-08-30,F,6,2,22
2015-08-30,F,2,6,22
2015-08-30,F,1,5,22
2015-08-30,D,15,2,10
2015-08-30,D,2,4,10
2015-08-30,D,1,3,10
2015-08-30,M,NT,NT,9
2015-08-30,G,NT,NT,4
2015-09-12,F,16,2,73
2015-09-12,F,14,5,73
2015-09-12,F,11,2,73
2015-09-12,F,9,2,73
2015-09-12,F,8,2,73
2015-09-12,F,7,2,73
2015-09-12,F,6,9,73
2015-09-12,F,5,7,73
2015-09-12,F,4,5,73
2015-09-12,F,3,6,73
2015-09-12,F,2,11,73
2015-09-12,F,1,8,73
2015-09-12,D,16,2,23
2015-09-12,D,15,2,23
2015-09-12,D,7,2,23
2015-09-12,D,5,4,23
2015-09-12,D,3,2,23
2015-09-12,D,2,3,23
2015-09-12,D,1,3,23
2015-09-12,M,14,2,42
2015-09-12,M,10,2,42
2015-09-12,M,8,4,42
2015-09-12,M,6,6,42
2015-09-12,M,4,3,42
2015-09-12,M,3,4,42
2015-09-12,M,2,4,42
2015-09-12,M,1,8,42
2015-09-12,G,24,2,13
2015-09-12,G,21,2,13
2015-09-12,G,15,3,13
2015-09-12,G,5,2,13
2015-09-13,F,25,2,25
2015-09-13,F,12,2,25
2015-09-13,F,4,2,25
2015-09-13,F,3,2,25
2015-09-13,F,2,5,25
2015-09-13,F,1,2,25
2015-09-13,D,2,3,8
2015-09-13,D,1,2,8
2015-09-13,M,2,2,9
2015-09-13,G,NT,NT,4
2015-09-14,F,4,2,14
2015-09-14,F,2,5,14
2015-09-14,F,1,3,14
2015-09-14,D,5,3,4
2015-09-14,M,3,2,6
2015-09-14,G,NT,NT,2
2015-09-19,F,29,2,68
2015-09-19,F,20,2,68
2015-09-19,F,18,4,68
2015-09-19,F,13,2,68
2015-09-19,F,12,3,68
2015-09-19,F,8,3,68
2015-09-19,F,7,3,68
2015-09-19,F,6,4,68
2015-09-19,F,5,5,68
2015-09-19,F,4,2,68
2015-09-19,F,3,4,68
2015-09-19,F,2,10,68
2015-09-19,F,1,14,68
2015-09-19,D,10,8,28
2015-09-19,D,5,3,28
2015-09-19,D,3,3,28
2015-09-19,D,2,7,28
2015-09-19,D,1,2,28
2015-09-19,M,15,2,44
2015-09-19,M,14,2,44
2015-09-19,M,8,4,44
2015-09-19,M,7,2,44
2015-09-19,M,6,6,44
2015-09-19,M,5,4,44
2015-09-19,M,4,3,44
2015-09-19,M,3,2,44
2015-09-19,M,2,6,44
2015-09-19,M,1,4,44
2015-09-19,G,17,2,13
2015-09-19,G,10,4,13
2015-09-19,G,5,2,13
2015-09-20,F,36,3,33
2015-09-20,F,10,2,33
2015-09-20,F,6,2,33
2015-09-20,F,3,2,33
2015-09-20,F,2,4,33
2015-09-20,F,1,10,33
2015-09-20,D,5,2,9
2015-09-20,D,1,2,9
2015-09-20,M,12,3,16
2015-09-20,M,5,2,16
2015-09-20,M,4,4,16
2015-09-20,G,10,4,7
2015-09-26,F,30,2,94
2015-09-26,F,24,2,94
2015-09-26,F,23,2,94
2015-09-26,F,20,2,94
2015-09-26,F,18,2,94
2015-09-26,F,17,4,94
2015-09-26,F,16,4,94
2015-09-26,F,13,2,94
2015-09-26,F,12,2,94
2015-09-26,F,11,4,94
2015-09-26,F,10,2,94
2015-09-26,F,9,3,94
2015-09-26,F,8,2,94
2015-09-26,F,7,4,94
2015-09-26,F,6,3,94
2015-09-26,F,4,6,94
2015-09-26,F,2,17,94
2015-09-26,F,1,12,94
2015-09-26,D,15,4,29
2015-09-26,D,10,5,29
2015-09-26,D,6,3,29
2015-09-26,D,3,4,29
2015-09-26,D,2,2,29
2015-09-26,D,1,6,29
2015-09-26,M,37,2,48
2015-09-26,M,33,2,48
2015-09-26,M,24,3,48
2015-09-26,M,12,2,48
2015-09-26,M,9,2,48
2015-09-26,M,8,3,48
2015-09-26,M,6,4,48
2015-09-26,M,3,4,48
2015-09-26,M,2,10,48
2015-09-26,M,1,8,48
2015-09-26,G,46,2,17
2015-09-26,G,15,5,17
2015-09-26,G,10,3,17
2015-09-27,F,11,2,11
2015-09-27,F,10,2,11
2015-09-27,F,1,2,11
2015-09-27,D,3,2,3
2015-09-27,M,8,2,6
2015-09-27,M,1,2,6
2015-09-27,G,NT,NT,2
2015-09-28,F,12,2,17
2015-09-28,F,6,2,17
2015-09-28,F,2,6,17
2015-09-28,F,1,2,17
2015-09-28,D,NT,NT,3
2015-09-28,M,NT,NT,3
2015-09-28,G,NT,NT,2
2015-10-03,F,29,3,83
2015-10-03,F,24,2,83
2015-10-03,F,21,2,83
2015-10-03,F,12,3,83
2015-10-03,F,10,3,83
2015-10-03,F,9,2,83
2015-10-03,F,8,4,83
2015-10-03,F,7,4,83
2015-10-03,F,6,11,83
2015-10-03,F,4,5,83
2015-10-03,F,3,5,83
2015-10-03,F,2,10,83
2015-10-03,F,1,16,83
2015-10-03,D,15,2,24
2015-10-03,D,10,7,24
2015-10-03,D,4,4,24
2015-10-03,D,1,8,24
2015-10-03,M,28,2,32
2015-10-03,M,12,2,32
2015-10-03,M,8,4,32
2015-10-03,M,6,2,32
2015-10-03,M,4,4,32
2015-10-03,M,3,3,32
2015-10-03,M,2,2,32
2015-10-03,M,1,3,32
2015-10-03,G,34,2,14
2015-10-03,G,10,5,14
2015-10-04,F,18,2,34
2015-10-04,F,17,2,34
2015-10-04,F,12,3,34
2015-10-04,F,7,2,34
2015-10-04,F,6,3,34
2015-10-04,F,4,2,34
2015-10-04,F,2,5,34
2015-10-04,F,1,7,34
2015-10-04,D,10,2,12
2015-10-04,D,5,3,12
2015-10-04,D,3,2,12
2015-10-04,D,2,2,12
2015-10-04,D,1,3,12
2015-10-04,M,5,2,15
2015-10-04,M,4,2,15
2015-10-04,M,2,4,15
2015-10-04,G,10,2,6
2015-10-17,F,30,3,100
2015-10-17,F,26,2,100
2015-10-17,F,24,2,100
2015-10-17,F,19,2,100
2015-10-17,F,18,2,100
2015-10-17,F,13,3,100
2015-10-17,F,12,3,100
2015-10-17,F,10,2,100
2015-10-17,F,9,2,100
2015-10-17,F,8,9,100
2015-10-17,F,7,3,100
2015-10-17,F,6,8,100
2015-10-17,F,5,7,100
2015-10-17,F,4,6,100
2015-10-17,F,3,9,100
2015-10-17,F,2,12,100
2015-10-17,F,1,15,100
2015-10-17,D,15,2,33
2015-10-17,D,10,7,33
2015-10-17,D,5,3,33
2015-10-17,D,3,5,33
2015-10-17,D,2,8,33
2015-10-17,D,1,4,33
2015-10-17,M,10,2,32
2015-10-17,M,6,3,32
2015-10-17,M,3,6,32
2015-10-17,M,2,3,32
2015-10-17,M,1,10,32
2015-10-17,G,28,2,15
2015-10-17,G,15,2,15
2015-10-17,G,10,4,15
2015-10-17,G,5,2,15
2015-10-18,F,26,2,12
2015-10-18,D,15,2,5
2015-10-18,M,NT,NT,3
2015-10-18,G,NT,NT,2
2015-10-19,F,12,2,11
2015-10-19,F,6,2,11
2015-10-19,F,2,3,11
2015-10-19,D,10,2,4
2015-10-19,D,3,2,4
2015-10-19,M,2,3,7
2015-10-19,M,1,2,7
2015-10-19,G,NT,NT,2
2015-10-24,F,19,3,59
2015-10-24,F,18,2,59
2015-10-24,F,17,2,59
2015-10-24,F,12,3,59
2015-10-24,F,8,2,59
2015-10-24,F,7,2,59
2015-10-24,F,6,2,59
2015-10-24,F,5,4,59
2015-10-24,F,4,4,59
2015-10-24,F,3,3,59
2015-10-24,F,2,12,59
2015-10-24,F,1,9,59
2015-10-24,D,15,2,24
2015-10-24,D,10,4,24
2015-10-24,D,4,4,24
2015-10-24,D,2,6,24
2015-10-24,D,1,4,24
2015-10-24,M,12,2,38
2015-10-24,M,8,4,38
2015-10-24,M,7,4,38
2015-10-24,M,6,3,38
2015-10-24,M,5,2,38
2015-10-24,M,4,5,38
2015-10-24,M,3,2,38
2015-10-24,M,2,4,38
2015-10-24,M,1,5,38
2015-10-24,G,15,2,12
2015-10-24,G,10,3,12
2015-10-25,F,16,2,50
2015-10-25,F,8,3,50
2015-10-25,F,7,3,50
2015-10-25,F,6,8,50
2015-10-25,F,4,4,50
2015-10-25,F,3,5,50
2015-10-25,F,2,7,50
2015-10-25,F,1,7,50
2015-10-25,D,10,4,17
2015-10-25,D,7,2,17
2015-10-25,D,6,3,17
2015-10-25,D,1,3,17
2015-10-25,M,4,2,17
2015-10-25,M,2,7,17
2015-10-25,M,1,2,17
2015-10-25,G,10,2,7
2015-10-31,F,36,2,56
2015-10-31,F,26,2,56
2015-10-31,F,22,2,56
2015-10-31,F,18,3,56
2015-10-31,F,16,2,56
2015-10-31,F,12,3,56
2015-10-31,F,11,2,56
2015-10-31,F,8,3,56
2015-10-31,F,7,2,56
2015-10-31,F,6,4,56
2015-10-31,F,5,2,56
2015-10-31,F,4,5,56
2015-10-31,F,3,5,56
2015-10-31,F,2,5,56
2015-10-31,F,1,6,56
2015-10-31,D,15,2,25
2015-10-31,D,10,5,25
2015-10-31,D,6,2,25
2015-10-31,D,4,4,25
2015-10-31,D,2,4,25
2015-10-31,D,1,4,25
2015-10-31,M,30,2,48
2015-10-31,M,10,4,48
2015-10-31,M,9,4,48
2015-10-31,M,8,2,48
2015-10-31,M,6,2,48
2015-10-31,M,3,8,48
2015-10-31,M,2,6,48
2015-10-31,M,1,13,48
2015-10-31,G,23,2,12
2015-10-31,G,10,3,12
2015-11-01,F,8,3,23
2015-11-01,F,6,3,23
2015-11-01,F,4,2,23
2015-11-01,F,3,4,23
2015-11-01,F,2,3,23
2015-11-01,D,6,2,7
2015-11-01,D,5,2,7
2015-11-01,M,NT,NT,9
2015-11-01,G,NT,NT,4
2015-11-02,F,18,2,10
2015-11-02,F,1,2,10
2015-11-02,D,15,2,6
2015-11-02,M,28,2,6
2015-11-02,M,4,2,6
2015-11-02,G,NT,NT,2
2015-11-07,F,24,3,79
2015-11-07,F,23,3,79
2015-11-07,F,18,2,79
2015-11-07,F,14,3,79
2015-11-07,F,10,2,79
2015-11-07,F,9,3,79
2015-11-07,F,8,6,79
2015-11-07,F,7,6,79
2015-11-07,F,6,5,79
2015-11-07,F,5,4,79
2015-11-07,F,4,5,79
2015-11-07,F,3,5,79
2015-11-07,F,2,10,79
2015-11-07,F,1,17,79
2015-11-07,D,10,4,24
2015-11-07,D,5,5,24
2015-11-07,D,4,3,24
2015-11-07,D,3,3,24
2015-11-07,D,2,4,24
2015-11-07,D,1,5,24
2015-11-07,M,12,2,30
2015-11-07,M,3,6,30
2015-11-07,M,2,6,30
2015-11-07,M,1,4,30
2015-11-07,G,28,2,14
2015-11-07,G,10,4,14
2015-11-07,G,5,5,14
2015-11-08,F,12,2,25
2015-11-08,F,6,2,25
2015-11-08,F,2,7,25
2015-11-08,F,1,6,25
2015-11-08,D,2,2,10
2015-11-08,D,1,3,10
2015-11-08,M,6,2,22
2015-11-08,M,3,3,22
2015-11-08,M,2,4,22
2015-11-08,M,1,3,22
2015-11-08,G,10,2,5
2015-11-21,F,30,2,87
2015-11-21,F,29,2,87
2015-11-21,F,24,2,87
2015-11-21,F,16,3,87
2015-11-21,F,12,6,87
2015-11-21,F,11,2,87
2015-11-21,F,10,2,87
2015-11-21,F,8,4,87
2015-11-21,F,7,6,87
2015-11-21,F,6,8,87
2015-11-21,F,4,5,87
2015-11-21,F,3,4,87
2015-11-21,F,2,15,87
2015-11-21,F,1,14,87
2015-11-21,D,10,9,33
2015-11-21,D,5,5,33
2015-11-21,D,4,2,33
2015-11-21,D,3,3,33
2015-11-21,D,2,4,33
2015-11-21,D,1,7,33
2015-11-21,M,33,2,39
2015-11-21,M,9,2,39
2015-11-21,M,7,3,39
2015-11-21,M,6,5,39
2015-11-21,M,5,4,39
2015-11-21,M,4,2,39
2015-11-21,M,3,2,39
2015-11-21,M,2,4,39
2015-11-21,M,1,9,39
2015-11-21,G,22,2,16
2015-11-21,G,10,5,16
2015-11-21,G,5,2,16
2015-11-22,F,3,2,13
2015-11-22,F,1,3,13
2015-11-22,D,24,2,6
2015-11-22,M,NT,NT,5
2015-11-22,G,NT,NT,2
2015-11-23,F,10,2,13
2015-11-23,F,8,2,13
2015-11-23,F,3,2,13
2015-11-23,F,2,3,13
2015-11-23,D,3,2,3
2015-11-23,M,10,2,6
2015-11-23,G,NT,NT,2
2015-11-28,F,26,3,69
2015-11-28,F,25,2,69
2015-11-28,F,24,4,69
2015-11-28,F,18,2,69
2015-11-28,F,12,3,69
2015-11-28,F,9,4,69
2015-11-28,F,7,2,69
2015-11-28,F,6,8,69
2015-11-28,F,4,2,69
2015-11-28,F,3,3,69
2015-11-28,F,2,14,69
2015-11-28,F,1,10,69
2015-11-28,D,15,2,25
2015-11-28,D,10,6,25
2015-11-28,D,7,3,25
2015-11-28,D,4,2,25
2015-11-28,D,3,2,25
2015-11-28,D,1,3,25
2015-11-28,M,26,2,28
2015-11-28,M,13,2,28
2015-11-28,M,11,2,28
2015-11-28,M,8,2,28
2015-11-28,M,6,3,28
2015-11-28,M,2,6,28
2015-11-28,M,1,3,28
2015-11-28,G,15,2,12
2015-11-28,G,10,3,12
2015-11-29,F,24,2,47
2015-11-29,F,9,3,47
2015-11-29,F,8,2,47
2015-11-29,F,7,2,47
2015-11-29,F,6,3,47
2015-11-29,F,4,3,47
2015-11-29,F,3,9,47
2015-11-29,F,2,8,47
2015-11-29,F,1,8,47
2015-11-29,D,5,3,11
2015-11-29,D,2,3,11
2015-11-29,D,1,3,11
2015-11-29,M,10,2,14
2015-11-29,M,3,4,14
2015-11-29,M,2,2,14
2015-11-29,G,10,2,7
2015-12-05,F,17,2,81
2015-12-05,F,16,2,81
2015-12-05,F,12,4,81
2015-12-05,F,10,3,81
2015-12-05,F,9,3,81
2015-12-05,F,8,4,81
2015-12-05,F,7,4,81
2015-12-05,F,6,7,81
2015-12-05,F,5,7,81
2015-12-05,F,4,2,81
2015-12-05,F,3,4,81
2015-12-05,F,2,18,81
2015-12-05,F,1,10,81
2015-12-05,D,15,3,34
2015-12-05,D,10,5,34
2015-12-05,D,5,2,34
2015-12-05,D,4,3,34
2015-12-05,D,3,7,34
2015-12-05,D,2,3,34
2015-12-05,D,1,9,34
2015-12-05,M,18,2,52
2015-12-05,M,13,2,52
2015-12-05,M,11,2,52
2015-12-05,M,8,2,52
2015-12-05,M,7,4,52
2015-12-05,M,6,3,52
2015-12-05,M,5,2,52
2015-12-05,M,4,4,52
2015-12-05,M,3,5,52
2015-12-05,M,2,9,52
2015-12-05,M,1,9,52
2015-12-05,G,10,4,15
2015-12-05,G,5,2,15
2015-12-06,F,4,2,10
2015-12-06,F,3,2,10
2015-12-06,F,2,4,10
2015-12-06,D,5,2,4
2015-12-06,M,NT,NT,3
2015-12-06,G,NT,NT,2
2015-12-07,F,12,2,13
2015-12-07,F,2,3,13
2015-12-07,F,1,3,13
2015-12-07,D,NT,NT,4
2015-12-07,M,11,2,5
2015-12-07,G,NT,NT,2
2015-12-12,F,24,2,60
2015-12-12,F,18,4,60
2015-12-12,F,9,2,60
2015-12-12,F,8,6,60
2015-12-12,F,7,5,60
2015-12-12,F,6,6,60
2015-12-12,F,5,3,60
2015-12-12,F,3,9,60
2015-12-12,F,2,8,60
2015-12-12,F,1,4,60
2015-12-12,D,15,4,23
2015-12-12,D,5,3,23
2015-12-12,D,4,2,23
2015-12-12,D,3,2,23
2015-12-12,D,2,3,23
2015-12-12,D,1,7,23
2015-12-12,M,14,3,41
2015-12-12,M,9,2,41
2015-12-12,M,4,4,41
2015-12-12,M,3,3,41
2015-12-12,M,2,13,41
2015-12-12,M,1,5,41
2015-12-12,G,15,2,11
2015-12-12,G,10,2,11
2015-12-13,F,15,2,41
2015-12-13,F,12,2,41
2015-12-13,F,10,2,41
2015-12-13,F,6,5,41
2015-12-13,F,5,2,41
2015-12-13,F,4,2,41
2015-12-13,F,3,5,41
2015-12-13,F,2,5,41
2015-12-13,F,1,5,41
2015-12-13,D,10,4,14
2015-12-13,D,4,2,14
2015-12-13,D,2,4,14
2015-12-13,D,1,3,14
2015-12-13,M,27,2,11
2015-12-13,G,22,2,6
2015-12-13,G,10,3,6
2015-12-14,F,10,2,13
2015-12-14,F,5,2,13
2015-12-14,F,3,2,13
2015-12-14,F,1,2,13
2015-12-14,D,NT,NT,2
2015-12-14,M,NT,NT,3
2015-12-14,G,NT,NT,2
2015-12-19,F,24,3,76
2015-12-19,F,23,2,76
2015-12-19,F,18,2,76
2015-12-19,F,14,2,76
2015-12-19,F,12,3,76
2015-12-19,F,11,2,76
2015-12-19,F,9,5,76
2015-12-19,F,7,2,76
2015-12-19,F,6,12,76
2015-12-19,F,5,2,76
2015-12-19,F,4,6,76
2015-12-19,F,3,5,76
2015-12-19,F,2,5,76
2015-12-19,F,1,12,76
2015-12-19,D,15,2,33
2015-12-19,D,10,10,33
2015-12-19,D,6,2,33
2015-12-19,D,4,2,33
2015-12-19,D,2,4,33
2015-12-19,D,1,7,33
2015-12-19,M,18,2,40
2015-12-19,M,7,4,40
2015-12-19,M,6,4,40
2015-12-19,M,5,2,40
2015-12-19,M,4,3,40
2015-12-19,M,3,3,40
2015-12-19,M,2,6,40
2015-12-19,M,1,9,40
2015-12-19,G,10,6,14
2015-12-20,F,12,2,24
2015-12-20,F,8,3,24
2015-12-20,F,7,2,24
2015-12-20,F,4,4,24
2015-12-20,F,3,3,24
2015-12-20,F,2,3,24
2015-12-20,F,1,3,24
2015-12-20,D,5,2,7
2015-12-20,D,2,3,7
2015-12-20,M,4,2,9
2015-12-20,M,2,2,9
2015-12-20,G,NT,NT,3
2015-12-21,F,6,3,11
2015-12-21,F,4,2,11
2015-12-21,D,15,2,4
2015-12-21,D,1,2,4
2015-12-21,M,1,2,6
2015-12-21,G,NT,NT,2
2015-12-26,F,36,2,111
2015-12-26,F,30,2,111
2015-12-26,F,25,2,111
2015-12-26,F,18,5,111
2015-12-26,F,12,2,111
2015-12-26,F,10,2,111
2015-12-26,F,9,6,111
2015-12-26,F,8,7,111
2015-12-26,F,7,10,111
2015-12-26,F,6,10,111
2015-12-26,F,4,9,111
2015-12-26,F,3,6,111
2015-12-26,F,2,19,111
2015-12-26,F,1,18,111
2015-12-26,D,15,3,43
2015-12-26,D,10,4,43
2015-12-26,D,7,4,43
2015-12-26,D,6,3,43
2015-12-26,D,5,8,43
2015-12-26,D,4,3,43
2015-12-26,D,3,7,43
2015-12-26,D,2,5,43
2015-12-26,D,1,3,43
2015-12-26,M,25,2,49
2015-12-26,M,13,2,49
2015-12-26,M,12,2,49
2015-12-26,M,11,2,49
2015-12-26,M,6,2,49
2015-12-26,M,5,3,49
2015-12-26,M,4,6,49
2015-12-26,M,3,7,49
2015-12-26,M,2,2,49
2015-12-26,M,1,11,49
2015-12-26,G,23,3,18
2015-12-26,G,10,3,18
2015-12-26,G,5,5,18
2015-12-28,F,30,2,91
2015-12-28,F,27,2,91
2015-12-28,F,16,2,91
2015-12-28,F,13,2,91
2015-12-28,F,12,7,91
2015-12-28,F,10,2,91
2015-12-28,F,9,4,91
2015-12-28,F,8,3,91
2015-12-28,F,7,6,91
2015-12-28,F,6,6,91
2015-12-28,F,5,2,91
2015-12-28,F,4,6,91
2015-12-28,F,3,5,91
2015-12-28,F,2,13,91
2015-12-28,F,1,19,91
2015-12-28,D,10,4,30
2015-12-28,D,5,12,30
2015-12-28,D,4,3,30
2015-12-28,D,3,2,30
2015-12-28,D,2,3,30
2015-12-28,D,1,3,30
2015-12-28,M,32,2,34
2015-12-28,M,9,2,34
2015-12-28,M,7,5,34
2015-12-28,M,5,3,34
2015-12-28,M,4,4,34
2015-12-28,M,3,3,34
2015-12-28,M,2,7,34
2015-12-28,M,1,2,34
2015-12-28,G,23,2,14
2015-12-28,G,18,2,14
2015-12-28,G,17,2,14
2015-12-28,G,10,2,14
2015-12-28,G,5,3,14
2015-12-29,F,4,2,13
2015-12-29,F,2,2,13
2015-12-29,D,NT,NT,2
2015-12-29,M,2,3,5
2015-12-29,G,NT,NT,1
2015-12-30,F,6,4,16
2015-12-30,F,2,2,16
2015-12-30,F,1,2,16
2015-12-30,D,10,2,4
2015-12-30,M,NT,NT,2
2015-12-30,G,NT,NT,2
2016-01-02,F,23,2,96
2016-01-02,F,18,2,96
2016-01-02,F,17,3,96
2016-01-02,F,14,3,96
2016-01-02,F,13,2,96
2016-01-02,F,12,3,96
2016-01-02,F,11,2,96
2016-01-02,F,10,2,96
2016-01-02,F,9,2,96
2016-01-02,F,7,2,96
2016-01-02,F,6,12,96
2016-01-02,F,5,5,96
2016-01-02,F,4,9,96
2016-01-02,F,3,7,96
2016-01-02,F,2,13,96
2016-01-02,F,1,16,96
2016-01-02,D,28,2,28
2016-01-02,D,15,6,28
2016-01-02,D,5,5,28
2016-01-02,D,3,3,28
2016-01-02,D,2,4,28
2016-01-02,M,12,3,35
2016-01-02,M,6,4,35
2016-01-02,M,4,5,35
2016-01-02,M,3,2,35
2016-01-02,M,2,5,35
2016-01-02,M,1,6,35
2016-01-02,G,28,2,14
2016-01-02,G,27,2,14
2016-01-02,G,15,3,14
2016-01-02,G,5,3,14
2016-01-03,F,24,2,28
2016-01-03,F,12,2,28
2016-01-03,F,6,4,28
2016-01-03,F,4,2,28
2016-01-03,F,3,2,28
2016-01-03,F,2,6,28
2016-01-03,F,1,4,28
2016-01-03,D,10,3,11
2016-01-03,D,2,2,11
2016-01-03,D,1,3,11
2016-01-03,M,10,2,6
2016-01-03,G,10,2,4
2016-01-12,F,18,2,34
2016-01-12,F,10,3,34
2016-01-12,F,4,5,34
2016-01-12,F,3,3,34
2016-01-12,F,2,7,34
2016-01-12,F,1,5,34
2016-01-12,D,25,2,15
2016-01-12,D,10,4,15
2016-01-12,D,5,2,15
2016-01-12,D,4,2,15
2016-01-12,D,2,4,15
2016-01-12,M,7,3,11
2016-01-12,M,5,3,11
2016-01-12,G,10,2,6
2016-01-13,F,31,2,76
2016-01-13,F,30,2,76
2016-01-13,F,21,2,76
2016-01-13,F,20,2,76
2016-01-13,F,16,2,76
2016-01-13,F,12,4,76
2016-01-13,F,11,2,76
2016-01-13,F,8,2,76
2016-01-13,F,7,4,76
2016-01-13,F,6,5,76
2016-01-13,F,4,3,76
2016-01-13,F,3,7,76
2016-01-13,F,2,13,76
2016-01-13,F,1,13,76
2016-01-13,D,10,9,30
2016-01-13,D,5,2,30
2016-01-13,D,4,4,30
2016-01-13,D,3,2,30
2016-01-13,D,2,4,30
2016-01-13,D,1,7,30
2016-01-13,M,12,2,27
2016-01-13,M,10,2,27
2016-01-13,M,8,3,27
2016-01-13,M,7,3,27
2016-01-13,M,6,3,27
2016-01-13,M,3,3,27
2016-01-13,M,2,3,27
2016-01-13,G,16,2,13
2016-01-13,G,10,4,13
2016-01-16,F,25,2,71
2016-01-16,F,24,2,71
2016-01-16,F,15,2,71
2016-01-16,F,11,3,71
2016-01-16,F,10,4,71
2016-01-16,F,8,3,71
2016-01-16,F,6,5,71
2016-01-16,F,5,4,71
2016-01-16,F,4,6,71
2016-01-16,F,3,2,71
2016-01-16,F,2,13,71
2016-01-16,F,1,12,71
2016-01-16,D,15,2,32
2016-01-16,D,10,4,32
2016-01-16,D,8,2,32
2016-01-16,D,6,2,32
2016-01-16,D,5,7,32
2016-01-16,D,3,2,32
2016-01-16,D,2,4,32
2016-01-16,D,1,6,32
2016-01-16,M,27,2,42
2016-01-16,M,10,3,42
2016-01-16,M,9,2,42
2016-01-16,M,8,4,42
2016-01-16,M,7,3,42
2016-01-16,M,6,3,42
2016-01-16,M,4,2,42
2016-01-16,M,3,5,42
2016-01-16,M,2,6,42
2016-01-16,M,1,3,42
2016-01-16,G,23,2,14
2016-01-16,G,15,2,14
2016-01-16,G,10,2,14
2016-01-16,G,5,4,14
2016-01-17,F,6,4,22
2016-01-17,F,3,2,22
2016-01-17,F,2,2,22
2016-01-17,F,1,5,22
2016-01-17,D,10,2,8
2016-01-17,D,3,2,8
2016-01-17,D,1,3,8
2016-01-17,M,10,2,10
2016-01-17,M,3,3,10
2016-01-17,M,2,3,10
2016-01-17,G,10,2,3
2016-01-18,F,6,2,11
2016-01-18,F,3,2,11
2016-01-18,F,2,3,11
2016-01-18,D,5,2,5
2016-01-18,M,NT,NT,3
2016-01-18,G,NT,NT,2
2016-01-23,F,47,2,94
2016-01-23,F,22,4,94
2016-01-23,F,19,2,94
2016-01-23,F,18,3,94
2016-01-23,F,17,2,94
2016-01-23,F,12,3,94
2016-01-23,F,11,2,94
2016-01-23,F,9,3,94
2016-01-23,F,8,2,94
2016-01-23,F,7,2,94
2016-01-23,F,6,9,94
2016-01-23,F,5,5,94
2016-01-23,F,4,8,94
2016-01-23,F,3,7,94
2016-01-23,F,2,14,94
2016-01-23,F,1,17,94
2016-01-23,D,15,2,33
2016-01-23,D,10,10,33
2016-01-23,D,5,3,33
2016-01-23,D,4,2,33
2016-01-23,D,3,3,33
2016-01-23,D,2,5,33
2016-01-23,D,1,5,33
2016-01-23,M,30,2,43
2016-01-23,M,8,2,43
2016-01-23,M,6,3,43
2016-01-23,M,5,3,43
2016-01-23,M,4,5,43
2016-01-23,M,3,8,43
2016-01-23,M,2,9,43
2016-01-23,M,1,6,43
2016-01-23,G,16,2,15
2016-01-23,G,10,5,15
2016-01-24,F,8,3,12
2016-01-24,F,1,2,12
2016-01-24,D,1,3,7
2016-01-24,M,12,2,20
2016-01-24,M,7,2,20
2016-01-24,M,6,2,20
2016-01-24,M,3,2,20
2016-01-24,M,2,3,20
2016-01-24,M,1,4,20
2016-01-24,G,10,2,4
2016-02-02,F,19,3,72
2016-02-02,F,12,5,72
2016-02-02,F,10,3,72
2016-02-02,F,9,2,72
2016-02-02,F,8,2,72
2016-02-02,F,7,2,72
2016-02-02,F,6,5,72
2016-02-02,F,5,3,72
2016-02-02,F,4,8,72
2016-02-02,F,3,6,72
2016-02-02,F,2,6,72
2016-02-02,F,1,12,72
2016-02-02,D,10,6,33
2016-02-02,D,6,2,33
2016-02-02,D,5,7,33
2016-02-02,D,4,2,33
2016-02-02,D,3,5,33
2016-02-02,D,2,5,33
2016-02-02,D,1,5,33
2016-02-02,M,13,2,56
2016-02-02,M,12,2,56
2016-02-02,M,11,2,56
2016-02-02,M,9,2,56
2016-02-02,M,8,3,56
2016-02-02,M,5,4,56
2016-02-02,M,4,4,56
2016-02-02,M,3,6,56
2016-02-02,M,2,11,56
2016-02-02,M,1,10,56
2016-02-02,G,28,2,15
2016-02-02,G,17,2,15
2016-02-02,G,10,4,15
2016-02-02,G,5,4,15
2016-02-03,F,8,2,23
2016-02-03,F,7,3,23
2016-02-03,F,5,2,23
2016-02-03,F,2,6,23
2016-02-03,F,1,4,23
2016-02-03,D,4,2,8
2016-02-03,D,1,4,8
2016-02-03,M,14,2,10
2016-02-03,M,1,4,10
2016-02-03,G,NT,NT,3
2016-02-06,F,31,2,90
2016-02-06,F,18,6,90
2016-02-06,F,16,2,90
2016-02-06,F,12,2,90
2016-02-06,F,11,2,90
2016-02-06,F,7,6,90
2016-02-06,F,6,8,90
2016-02-06,F,5,8,90
2016-02-06,F,4,3,90
2016-02-06,F,3,8,90
2016-02-06,F,2,15,90
2016-02-06,F,1,15,90
2016-02-06,D,10,8,35
2016-02-06,D,5,5,35
2016-02-06,D,4,3,35
2016-02-06,D,3,3,35
2016-02-06,D,2,8,35
2016-02-06,D,1,3,35
2016-02-06,M,16,2,51
2016-02-06,M,10,2,51
2016-02-06,M,8,3,51
2016-02-06,M,7,3,51
2016-02-06,M,6,5,51
2016-02-06,M,5,2,51
2016-02-06,M,4,9,51
2016-02-06,M,3,4,51
2016-02-06,M,2,8,51
2016-02-06,M,1,8,51
2016-02-06,G,17,2,17
2016-02-06,G,10,5,17
2016-02-06,G,5,7,17
2016-02-07,F,24,3,22
2016-02-07,F,6,2,22
2016-02-07,F,3,2,22
2016-02-07,F,2,3,22
2016-02-07,F,1,3,22
2016-02-07,D,10,3,9
2016-02-07,D,4,3,9
2016-02-07,M,5,3,12
2016-02-07,M,2,3,12
2016-02-07,M,1,2,12
2016-02-07,G,10,2,4
2016-02-13,F,29,2,86
2016-02-13,F,20,2,86
2016-02-13,F,18,3,86
2016-02-13,F,16,3,86
2016-02-13,F,10,2,86
2016-02-13,F,9,3,86
2016-02-13,F,8,2,86
2016-02-13,F,7,4,86
2016-02-13,F,6,9,86
2016-02-13,F,5,2,86
2016-02-13,F,4,3,86
2016-02-13,F,3,6,86
2016-02-13,F,2,14,86
2016-02-13,F,1,19,86
2016-02-13,D,15,2,39
2016-02-13,D,10,8,39
2016-02-13,D,8,2,39
2016-02-13,D,7,2,39
2016-02-13,D,5,3,39
2016-02-13,D,4,4,39
2016-02-13,D,3,2,39
2016-02-13,D,2,5,39
2016-02-13,D,1,4,39
2016-02-13,M,10,2,32
2016-02-13,M,6,2,32
2016-02-13,M,5,4,32
2016-02-13,M,4,3,32
2016-02-13,M,3,2,32
2016-02-13,M,2,6,32
2016-02-13,M,1,4,32
2016-02-13,G,15,2,14
2016-02-13,G,10,6,14
2016-02-14,F,27,2,22
2016-02-14,F,24,2,22
2016-02-14,F,2,2,22
2016-02-14,F,1,6,22
2016-02-14,D,10,3,11
2016-02-14,D,2,2,11
2016-02-14,M,16,5,26
2016-02-14,M,7,3,26
2016-02-14,M,6,2,26
2016-02-14,M,5,2,26
2016-02-14,M,3,2,26
2016-02-14,M,2,3,26
2016-02-14,M,1,2,26
2016-02-14,G,10,2,6
2016-02-27,F,18,2,76
2016-02-27,F,17,2,76
2016-02-27,F,15,2,76
2016-02-27,F,14,2,76
2016-02-27,F,12,5,76
2016-02-27,F,10,2,76
2016-02-27,F,9,3,76
2016-02-27,F,7,2,76
2016-02-27,F,6,6,76
2016-02-27,F,5,3,76
2016-02-27,F,4,8,76
2016-02-27,F,3,7,76
2016-02-27,F,2,15,76
2016-02-27,F,1,9,76
2016-02-27,D,5,3,22
2016-02-27,D,3,3,22
2016-02-27,D,2,2,22
2016-02-27,D,1,8,22
2016-02-27,M,6,2,21
2016-02-27,M,2,5,21
2016-02-27,M,1,5,21
2016-02-27,G,15,4,11
2016-02-27,G,5,2,11
2016-02-28,F,11,2,22
2016-02-28,F,3,2,22
2016-02-28,F,2,2,22
2016-02-28,F,1,4,22
2016-02-28,D,15,4,10
2016-02-28,D,2,2,10
2016-02-28,M,12,2,11
2016-02-28,M,10,2,11
2016-02-28,G,33,2,4
2016-02-28,G,15,2,4
2016-03-01,F,24,5,59
2016-03-01,F,22,2,59
2016-03-01,F,20,2,59
2016-03-01,F,16,2,59
2016-03-01,F,12,3,59
2016-03-01,F,10,3,59
2016-03-01,F,7,5,59
2016-03-01,F,6,3,59
2016-03-01,F,4,5,59
2016-03-01,F,3,3,59
2016-03-01,F,2,10,59
2016-03-01,F,1,8,59
2016-03-01,D,14,2,22
2016-03-01,D,10,3,22
2016-03-01,D,5,3,22
2016-03-01,D,4,3,22
2016-03-01,D,2,5,22
2016-03-01,D,1,4,22
2016-03-01,M,29,2,20
2016-03-01,M,6,3,20
2016-03-01,M,4,2,20
2016-03-01,M,2,4,20
2016-03-01,G,10,5,10
2016-03-02,F,24,2,60
2016-03-02,F,15,2,60
2016-03-02,F,12,3,60
2016-03-02,F,8,3,60
2016-03-02,F,7,5,60
2016-03-02,F,6,4,60
2016-03-02,F,5,2,60
2016-03-02,F,4,3,60
2016-03-02,F,3,11,60
2016-03-02,F,2,10,60
2016-03-02,F,1,10,60
2016-03-02,D,5,6,16
2016-03-02,D,4,2,16
2016-03-02,D,3,2,16
2016-03-02,D,2,2,16
2016-03-02,D,1,2,16
2016-03-02,M,29,2,23
2016-03-02,M,9,2,23
2016-03-02,M,5,3,23
2016-03-02,M,3,3,23
2016-03-02,M,2,7,23
2016-03-02,G,23,2,10
2016-03-02,G,10,2,10
2016-03-02,G,5,4,10
2016-03-05,F,36,2,103
2016-03-05,F,30,2,103
2016-03-05,F,24,4,103
2016-03-05,F,23,2,103
2016-03-05,F,21,2,103
2016-03-05,F,12,5,103
2016-03-05,F,10,5,103
2016-03-05,F,9,2,103
2016-03-05,F,8,7,103
2016-03-05,F,7,5,103
2016-03-05,F,6,6,103
2016-03-05,F,4,5,103
2016-03-05,F,3,10,103
2016-03-05,F,2,17,103
2016-03-05,F,1,16,103
2016-03-05,D,13,2,33
2016-03-05,D,10,5,33
2016-03-05,D,6,3,33
2016-03-05,D,5,5,33
2016-03-05,D,4,3,33
2016-03-05,D,3,4,33
2016-03-05,D,2,4,33
2016-03-05,D,1,3,33
2016-03-05,M,13,2,37
2016-03-05,M,10,2,37
2016-03-05,M,8,2,37
2016-03-05,M,7,3,37
2016-03-05,M,6,4,37
2016-03-05,M,5,3,37
2016-03-05,M,4,4,37
2016-03-05,M,3,4,37
2016-03-05,M,2,2,37
2016-03-05,G,22,3,16
2016-03-05,G,10,6,16
2016-03-05,G,5,2,16
2016-03-06,F,7,3,25
2016-03-06,F,4,2,25
2016-03-06,F,3,3,25
2016-03-06,F,2,4,25
2016-03-06,F,1,6,25
2016-03-06,D,5,2,7
2016-03-06,D,2,2,7
2016-03-06,M,5,2,8
2016-03-06,G,NT,NT,4
2016-03-12,F,12,2,39
2016-03-12,F,8,2,39
2016-03-12,F,6,3,39
2016-03-12,F,5,2,39
2016-03-12,F,4,4,39
2016-03-12,F,3,4,39
2016-03-12,F,2,10,39
2016-03-12,F,1,5,39
2016-03-12,D,15,2,13
2016-03-12,D,3,3,13
2016-03-12,D,2,2,13
2016-03-12,D,1,4,13
2016-03-12,M,2,2,10
2016-03-12,M,1,2,10
2016-03-12,G,NT,NT,5
2016-03-13,F,12,2,11
2016-03-13,F,8,2,11
2016-03-13,F,1,2,11
2016-03-13,D,10,2,4
2016-03-13,D,2,2,4
2016-03-13,M,NT,NT,3
2016-03-13,G,NT,NT,2
2016-03-14,F,10,2,9
2016-03-14,F,2,2,9
2016-03-14,D,2,2,6
2016-03-14,M,NT,NT,2
2016-03-14,G,NT,NT,2
2016-03-19,F,30,2,70
2016-03-19,F,24,2,70
2016-03-19,F,21,2,70
2016-03-19,F,18,3,70
2016-03-19,F,13,3,70
2016-03-19,F,8,2,70
2016-03-19,F,7,4,70
2016-03-19,F,6,5,70
2016-03-19,F,5,6,70
2016-03-19,F,4,5,70
2016-03-19,F,3,2,70
2016-03-19,F,2,13,70
2016-03-19,F,1,14,70
2016-03-19,D,10,5,25
2016-03-19,D,5,2,25
2016-03-19,D,3,3,25
2016-03-19,D,2,5,25
2016-03-19,D,1,6,25
2016-03-19,M,8,2,31
2016-03-19,M,6,2,31
2016-03-19,M,5,3,31
2016-03-19,M,4,6,31
2016-03-19,M,3,6,31
2016-03-19,M,2,7,31
2016-03-19,M,1,3,31
2016-03-19,G,10,6,12
2016-03-20,F,16,2,44
2016-03-20,F,13,2,44
2016-03-20,F,12,2,44
2016-03-20,F,8,2,44
2016-03-20,F,7,2,44
2016-03-20,F,6,3,44
2016-03-20,F,2,5,44
2016-03-20,F,1,11,44
2016-03-20,D,10,5,17
2016-03-20,D,5,3,17
2016-03-20,D,4,3,17
2016-03-20,D,2,3,17
2016-03-20,M,11,2,22
2016-03-20,M,7,2,22
2016-03-20,M,6,2,22
2016-03-20,M,4,3,22
2016-03-20,M,2,3,22
2016-03-20,M,1,5,22
2016-03-20,G,10,2,8
2016-03-20,G,5,2,8
2016-04-02,F,42,2,99
2016-04-02,F,35,2,99
2016-04-02,F,24,2,99
2016-04-02,F,23,4,99
2016-04-02,F,18,4,99
2016-04-02,F,16,2,99
2016-04-02,F,14,2,99
2016-04-02,F,12,4,99
2016-04-02,F,9,7,99
2016-04-02,F,8,3,99
2016-04-02,F,6,7,99
2016-04-02,F,5,2,99
2016-04-02,F,4,9,99
2016-04-02,F,3,5,99
2016-04-02,F,2,10,99
2016-04-02,F,1,22,99
2016-04-02,D,24,2,37
2016-04-02,D,10,7,37
2016-04-02,D,5,2,37
2016-04-02,D,4,3,37
2016-04-02,D,3,5,37
2016-04-02,D,2,9,37
2016-04-02,D,1,5,37
2016-04-02,M,33,2,38
2016-04-02,M,24,2,38
2016-04-02,M,10,2,38
2016-04-02,M,9,4,38
2016-04-02,M,8,2,38
2016-04-02,M,5,2,38
2016-04-02,M,4,2,38
2016-04-02,M,3,6,38
2016-04-02,M,2,3,38
2016-04-02,M,1,5,38
2016-04-02,G,34,2,14
2016-04-02,G,10,5,14
2016-04-03,F,6,4,24
2016-04-03,F,5,2,24
2016-04-03,F,4,5,24
2016-04-03,F,3,4,24
2016-04-03,F,2,4,24
2016-04-03,F,1,2,24
2016-04-03,D,2,2,9
2016-04-03,D,1,2,9
2016-04-03,M,2,4,9
2016-04-03,M,1,3,9
2016-04-03,G,5,2,4
2016-04-09,F,24,4,83
2016-04-09,F,18,2,83
2016-04-09,F,17,2,83
2016-04-09,F,15,2,83
2016-04-09,F,14,3,83
2016-04-09,F,12,2,83
2016-04-09,F,11,2,83
2016-04-09,F,10,2,83
2016-04-09,F,8,3,83
2016-04-09,F,7,4,83
2016-04-09,F,6,6,83
2016-04-09,F,5,4,83
2016-04-09,F,4,4,83
2016-04-09,F,3,8,83
2016-04-09,F,2,14,83
2016-04-09,F,1,11,83
2016-04-09,D,15,3,26
2016-04-09,D,10,5,26
2016-04-09,D,7,3,26
2016-04-09,D,5,4,26
2016-04-09,D,4,2,26
2016-04-09,D,3,2,26
2016-04-09,D,2,2,26
2016-04-09,D,1,4,26
2016-04-09,M,29,2,32
2016-04-09,M,9,2,32
2016-04-09,M,8,2,32
2016-04-09,M,6,6,32
2016-04-09,M,4,2,32
2016-04-09,M,2,5,32
2016-04-09,M,1,7,32
2016-04-09,G,15,2,14
2016-04-09,G,10,3,14
2016-04-09,G,5,2,14
2016-04-10,F,11,3,38
2016-04-10,F,8,3,38
2016-04-10,F,6,6,38
2016-04-10,F,5,3,38
2016-04-10,F,4,5,38
2016-04-10,F,1,9,38
2016-04-10,D,15,2,15
2016-04-10,D,5,3,15
2016-04-10,D,2,4,15
2016-04-10,M,14,2,15
2016-04-10,M,3,2,15
2016-04-10,M,2,3,15
2016-04-10,G,NT,NT,6
2016-04-13,F,7,3,14
2016-04-13,F,5,2,14
2016-04-13,F,2,3,14
2016-04-13,D,NT,NT,1
2016-04-13,M,NT,NT,3
2016-04-13,G,NT,NT,1
2016-04-16,F,18,2,66
2016-04-16,F,17,2,66
2016-04-16,F,16,2,66
2016-04-16,F,11,2,66
2016-04-16,F,10,2,66
2016-04-16,F,8,4,66
2016-04-16,F,6,4,66
2016-04-16,F,5,3,66
2016-04-16,F,4,4,66
2016-04-16,F,3,6,66
2016-04-16,F,2,12,66
2016-04-16,F,1,12,66
2016-04-16,D,10,5,22
2016-04-16,D,5,3,22
2016-04-16,D,4,5,22
2016-04-16,D,2,2,22
2016-04-16,D,1,3,22
2016-04-16,M,9,2,33
2016-04-16,M,8,3,33
2016-04-16,M,7,3,33
2016-04-16,M,6,4,33
2016-04-16,M,4,4,33
2016-04-16,M,3,6,33
2016-04-16,M,2,3,33
2016-04-16,M,1,2,33
2016-04-16,G,28,2,12
2016-04-16,G,11,2,12
2016-04-16,G,10,5,12
2016-04-16,G,5,2,12
2016-04-17,F,22,2,38
2016-04-17,F,19,3,38
2016-04-17,F,8,2,38
2016-04-17,F,5,2,38
2016-04-17,F,4,3,38
2016-04-17,F,3,6,38
2016-04-17,F,2,5,38
2016-04-17,F,1,5,38
2016-04-17,D,10,3,12
2016-04-17,D,7,2,12
2016-04-17,M,6,4,13
2016-04-17,M,3,3,13
2016-04-17,M,2,3,13
2016-04-17,G,10,3,6
2016-04-18,F,14,2,15
2016-04-18,F,4,3,15
2016-04-18,F,2,4,15
2016-04-18,D,NT,NT,3
2016-04-18,M,10,2,6
2016-04-18,M,1,3,6
2016-04-18,G,NT,NT,2
2016-04-19,F,1,2,10
2016-04-19,D,NT,NT,2
2016-04-19,M,1,2,4
2016-04-19,G,NT,NT,2
2016-04-20,F,54,2,33
2016-04-20,F,8,3,33
2016-04-20,F,7,4,33
2016-04-20,F,4,2,33
2016-04-20,F,3,2,33
2016-04-20,F,2,3,33
2016-04-20,F,1,9,33
2016-04-20,D,15,3,18
2016-04-20,D,5,4,18
2016-04-20,D,2,4,18
2016-04-20,M,12,3,14
2016-04-20,M,11,2,14
2016-04-20,M,9,2,14
2016-04-20,M,5,2,14
2016-04-20,G,5,4,6
2016-04-21,F,2,6,13
2016-04-21,D,5,2,4
2016-04-21,M,NT,NT,6
2016-04-21,G,NT,NT,2
2016-04-23,F,24,3,42
2016-04-23,F,10,2,42
2016-04-23,F,7,5,42
2016-04-23,F,6,3,42
2016-04-23,F,5,3,42
2016-04-23,F,4,2,42
2016-04-23,F,3,3,42
2016-04-23,F,2,5,42
2016-04-23,F,1,4,42
2016-04-23,D,10,3,20
2016-04-23,D,5,3,20
2016-04-23,D,4,2,20
2016-04-23,D,1,3,20
2016-04-23,M,7,2,26
2016-04-23,M,6,2,26
2016-04-23,M,5,4,26
2016-04-23,M,3,3,26
2016-04-23,M,2,3,26
2016-04-23,M,1,4,26
2016-04-23,G,10,4,8
2016-04-24,F,18,2,26
2016-04-24,F,6,3,26
2016-04-24,F,5,3,26
2016-04-24,F,4,2,26
2016-04-24,F,2,4,26
2016-04-24,F,1,4,26
2016-04-24,D,5,2,6
2016-04-24,M,8,2,9
2016-04-24,G,NT,NT,3
2016-04-25,F,17,2,10
2016-04-25,F,7,2,10
2016-04-25,F,2,2,10
2016-04-25,D,10,2,5
2016-04-25,M,3,2,5
2016-04-25,G,NT,NT,2
2016-04-30,F,40,2,71
2016-04-30,F,18,4,71
2016-04-30,F,17,2,71
2016-04-30,F,16,2,71
2016-04-30,F,12,4,71
2016-04-30,F,11,2,71
2016-04-30,F,10,4,71
2016-04-30,F,8,2,71
2016-04-30,F,5,4,71
2016-04-30,F,4,6,71
2016-04-30,F,3,6,71
2016-04-30,F,2,10,71
2016-04-30,F,1,16,71
2016-04-30,D,15,3,25
2016-04-30,D,10,3,25
2016-04-30,D,5,4,25
2016-04-30,D,3,4,25
2016-04-30,D,2,4,25
2016-04-30,D,1,5,25
2016-04-30,M,16,2,27
2016-04-30,M,8,2,27
2016-04-30,M,6,2,27
2016-04-30,M,4,3,27
2016-04-30,M,3,2,27
2016-04-30,M,2,5,27
2016-04-30,M,1,4,27
2016-04-30,G,24,2,12
2016-04-30,G,15,3,12
2016-04-30,G,10,2,12
2016-04-30,G,5,2,12
2016-05-01,F,9,2,33
2016-05-01,F,7,2,33
2016-05-01,F,6,3,33
2016-05-01,F,4,4,33
2016-05-01,F,2,2,33
2016-05-01,F,1,8,33
2016-05-01,D,15,2,14
2016-05-01,D,10,4,14
2016-05-01,D,3,2,14
2016-05-01,D,2,3,14
2016-05-01,M,3,2,16
2016-05-01,M,1,4,16
2016-05-01,G,15,2,6
2016-05-02,F,NT,NT,8
2016-05-02,D,NT,NT,3
2016-05-02,M,NT,NT,4
2016-05-02,G,NT,NT,2
2016-05-07,F,59,2,90
2016-05-07,F,20,2,90
2016-05-07,F,16,3,90
2016-05-07,F,14,2,90
2016-05-07,F,12,5,90
2016-05-07,F,10,2,90
2016-05-07,F,9,2,90
2016-05-07,F,8,6,90
2016-05-07,F,7,7,90
2016-05-07,F,6,7,90
2016-05-07,F,5,2,90
2016-05-07,F,4,6,90
2016-05-07,F,3,3,90
2016-05-07,F,2,17,90
2016-05-07,F,1,13,90
2016-05-07,D,15,4,28
2016-05-07,D,10,3,28
2016-05-07,D,7,2,28
2016-05-07,D,4,2,28
2016-05-07,D,3,2,28
2016-05-07,D,2,2,28
2016-05-07,D,1,9,28
2016-05-07,M,9,2,28
2016-05-07,M,6,2,28
2016-05-07,M,5,2,28
2016-05-07,M,4,5,28
2016-05-07,M,2,4,28
2016-05-07,M,1,6,28
2016-05-07,G,15,3,13
2016-05-07,G,10,3,13
2016-05-08,F,18,3,36
2016-05-08,F,6,3,36
2016-05-08,F,4,4,36
2016-05-08,F,3,2,36
2016-05-08,F,2,6,36
2016-05-08,F,1,9,36
2016-05-08,D,10,3,13
2016-05-08,D,5,4,13
2016-05-08,D,2,3,13
2016-05-08,M,6,2,15
2016-05-08,M,4,2,15
2016-05-08,M,3,2,15
2016-05-08,G,10,3,6
2016-05-10,F,7,2,8
2016-05-10,D,15,2,6
2016-05-10,D,2,2,6
2016-05-10,M,NT,NT,4
2016-05-10,G,15,2,2
2016-05-11,F,24,2,33
2016-05-11,F,16,2,33
2016-05-11,F,14,2,33
2016-05-11,F,8,4,33
2016-05-11,F,7,3,33
2016-05-11,F,4,2,33
2016-05-11,F,3,4,33
2016-05-11,F,2,2,33
2016-05-11,F,1,2,33
2016-05-11,D,10,2,14
2016-05-11,D,5,2,14
2016-05-11,D,2,2,14
2016-05-11,M,13,2,15
2016-05-11,M,4,2,15
2016-05-11,M,2,3,15
2016-05-11,M,1,2,15
2016-05-11,G,NT,NT,6
2016-05-15,F,30,2,86
2016-05-15,F,29,2,86
2016-05-15,F,26,2,86
2016-05-15,F,24,2,86
2016-05-15,F,20,2,86
2016-05-15,F,19,2,86
2016-05-15,F,17,2,86
2016-05-15,F,14,2,86
2016-05-15,F,12,2,86
2016-05-15,F,10,4,86
2016-05-15,F,9,2,86
2016-05-15,F,8,4,86
2016-05-15,F,7,8,86
2016-05-15,F,6,5,86
2016-05-15,F,5,2,86
2016-05-15,F,4,4,86
2016-05-15,F,3,4,86
2016-05-15,F,2,11,86
2016-05-15,F,1,15,86
2016-05-15,D,15,4,33
2016-05-15,D,10,3,33
2016-05-15,D,8,2,33
2016-05-15,D,7,2,33
2016-05-15,D,5,2,33
2016-05-15,D,4,2,33
2016-05-15,D,3,4,33
2016-05-15,D,2,3,33
2016-05-15,D,1,5,33
2016-05-15,M,34,2,70
2016-05-15,M,30,2,70
2016-05-15,M,13,2,70
2016-05-15,M,10,2,70
2016-05-15,M,9,2,70
2016-05-15,M,7,3,70
2016-05-15,M,6,6,70
2016-05-15,M,5,3,70
2016-05-15,M,4,10,70
2016-05-15,M,3,6,70
2016-05-15,M,2,11,70
2016-05-15,M,1,13,70
2016-05-15,G,34,2,18
2016-05-15,G,22,2,18
2016-05-15,G,15,3,18
2016-05-15,G,10,4,18
2016-05-15,G,5,2,18
2016-05-17,F,4,2,10
2016-05-17,F,3,2,10
2016-05-17,F,2,3,10
2016-05-17,D,15,2,5
2016-05-17,M,NT,NT,6
2016-05-17,G,15,2,2
2016-08-13,F,8,2,13
2016-08-13,D,6,3,23
2016-08-13,D,4,3,23
2016-08-13,D,3,2,23
2016-08-13,D,2,4,23
2016-08-13,D,1,10,23
2016-08-13,M,13,2,26
2016-08-13,M,6,2,26
2016-08-13,M,4,4,26
2016-08-13,M,3,4,26
2016-08-13,M,2,6,26
2016-08-13,M,1,3,26
2016-08-13,G,4,2,7
2016-08-14,F,2,2,4
2016-08-14,D,2,2,5
2016-08-14,M,2,2,7
2016-08-14,G,NT,NT,2
2016-08-15,F,NT,NT,1
2016-08-15,D,2,3,4
2016-08-15,M,1,2,5
2016-08-15,G,NT,NT,1
2016-08-19,F,NT,NT,1
2016-08-19,D,NT,NT,2
2016-08-19,M,NT,NT,4
2016-08-19,G,NT,NT,1
2016-08-20,F,4,2,11
2016-08-20,D,5,3,13
2016-08-20,D,2,4,13
2016-08-20,D,1,2,13
2016-08-20,M,8,2,25
2016-08-20,M,6,3,25
2016-08-20,M,5,3,25
2016-08-20,M,3,3,25
2016-08-20,M,2,5,25
2016-08-20,M,1,2,25
2016-08-20,G,10,2,6
2016-08-21,F,NT,NT,2
2016-08-21,D,1,2,6
2016-08-21,M,4,2,9
2016-08-21,G,NT,NT,2
2016-08-27,F,10,2,14
2016-08-27,F,9,2,14
2016-08-27,F,4,2,14
2016-08-27,F,2,2,14
2016-08-27,D,7,2,20
2016-08-27,D,6,3,20
2016-08-27,D,4,3,20
2016-08-27,D,3,2,20
2016-08-27,D,2,5,20
2016-08-27,M,11,2,29
2016-08-27,M,10,4,29
2016-08-27,M,8,2,29
2016-08-27,M,7,2,29
2016-08-27,M,6,2,29
2016-08-27,M,5,3,29
2016-08-27,M,3,3,29
2016-08-27,M,2,6,29
2016-08-27,M,1,2,29
2016-08-27,G,16,3,8
2016-08-28,F,NT,NT,4
2016-08-28,D,1,2,5
2016-08-28,M,2,2,8
2016-08-28,G,NT,NT,2
2016-09-10,F,2,4,12
2016-09-10,D,6,2,21
2016-09-10,D,3,4,21
2016-09-10,D,2,7,21
2016-09-10,D,1,3,21
2016-09-10,M,25,2,32
2016-09-10,M,14,3,32
2016-09-10,M,6,4,32
2016-09-10,M,5,3,32
2016-09-10,M,4,2,32
2016-09-10,M,3,2,32
2016-09-10,M,2,7,32
2016-09-10,M,1,4,32
2016-09-10,G,22,2,8
2016-09-10,G,10,2,8
2016-09-11,F,NT,NT,1
2016-09-12,F,NT,NT,2
2016-09-12,D,NT,NT,2
2016-09-12,M,2,3,4
2016-09-12,G,NT,NT,1
2016-09-16,F,NT,NT,1
2016-09-16,D,NT,NT,3
2016-09-16,M,NT,NT,5
2016-09-16,G,NT,NT,1
2016-09-17,F,NT,NT,7
2016-09-17,D,2,3,11
2016-09-17,D,1,5,11
2016-09-17,M,9,2,20
2016-09-17,M,6,3,20
2016-09-17,M,4,2,20
2016-09-17,M,3,2,20
2016-09-17,M,1,2,20
2016-09-17,G,22,2,5
2016-09-17,G,17,2,5
2016-09-18,F,NT,NT,5
2016-09-18,D,4,2,13
2016-09-18,D,2,4,13
2016-09-18,D,1,3,13
2016-09-18,M,10,2,18
2016-09-18,M,8,2,18
2016-09-18,M,7,2,18
2016-09-18,M,2,3,18
2016-09-18,G,NT,NT,4
2016-09-24,F,1,2,14
2016-09-24,D,24,2,24
2016-09-24,D,5,2,24
2016-09-24,D,3,4,24
2016-09-24,D,2,8,24
2016-09-24,D,1,3,24
2016-09-24,M,30,2,27
2016-09-24,M,4,4,27
2016-09-24,M,2,5,27
2016-09-24,M,1,2,27
2016-09-24,G,17,2,6
2016-09-24,G,16,2,6
2016-09-25,F,NT,NT,1
2016-09-25,D,NT,NT,1
2016-09-25,M,6,2,5
2016-09-25,M,1,2,5
2016-09-25,G,NT,NT,1
2016-09-26,F,NT,NT,1
2016-09-26,D,2,2,3
2016-09-26,M,NT,NT,5
2016-09-26,G,NT,NT,1
2016-09-30,F,NT,NT,3
2016-09-30,D,NT,NT,3
2016-09-30,M,3,2,2
2016-09-30,G,NT,NT,1
2016-10-01,F,5,2,10
2016-10-01,D,4,3,11
2016-10-01,D,3,2,11
2016-10-01,D,1,3,11
2016-10-01,M,8,2,16
2016-10-01,M,4,2,16
2016-10-01,M,2,3,16
2016-10-01,M,1,4,16
2016-10-01,G,NT,NT,4
2016-10-02,F,NT,NT,5
2016-10-02,D,2,2,6
2016-10-02,M,6,3,16
2016-10-02,M,4,3,16
2016-10-02,M,1,3,16
2016-10-02,G,NT,NT,4
2016-10-15,F,10,2,11
2016-10-15,D,9,2,18
2016-10-15,D,3,2,18
2016-10-15,D,2,6,18
2016-10-15,D,1,5,18
2016-10-15,M,9,3,29
2016-10-15,M,8,3,29
2016-10-15,M,5,2,29
2016-10-15,M,4,3,29
2016-10-15,M,3,3,29
2016-10-15,M,2,3,29
2016-10-15,M,1,3,29
2016-10-15,G,27,2,7
2016-10-16,F,NT,NT,3
2016-10-16,D,3,2,6
2016-10-16,D,2,2,6
2016-10-16,M,7,2,9
2016-10-16,M,2,2,9
2016-10-16,G,NT,NT,2
2016-10-17,F,NT,NT,3
2016-10-17,D,2,2,4
2016-10-17,M,NT,NT,3
2016-10-17,G,NT,NT,1
2016-10-22,F,7,2,14
2016-10-22,D,6,2,22
2016-10-22,D,5,3,22
2016-10-22,D,4,4,22
2016-10-22,D,2,5,22
2016-10-22,D,1,6,22
2016-10-22,M,7,2,30
2016-10-22,M,4,3,30
2016-10-22,M,3,8,30
2016-10-22,M,2,6,30
2016-10-22,M,1,5,30
2016-10-22,G,24,2,8
2016-10-23,F,6,2,6
2016-10-23,D,NT,NT,3
2016-10-23,M,7,2,8
2016-10-23,G,NT,NT,2
2016-10-29,F,33,2,8
2016-10-29,F,12,2,8
2016-10-29,F,6,2,8
2016-10-29,D,6,3,16
2016-10-29,D,4,3,16
2016-10-29,D,3,7,16
2016-10-29,M,14,2,26
2016-10-29,M,5,2,26
2016-10-29,M,4,3,26
2016-10-29,M,3,2,26
2016-10-29,M,2,5,26
2016-10-29,M,1,2,26
2016-10-29,G,17,2,7
2016-10-29,G,4,3,7
2016-10-30,F,NT,NT,3
2016-10-30,D,5,2,5
2016-10-30,D,3,2,5
2016-10-30,M,2,2,7
2016-10-30,G,NT,NT,2
2016-10-31,F,NT,NT,1
2016-10-31,D,NT,NT,4
2016-10-31,M,NT,NT,4
2016-10-31,G,NT,NT,1
2016-11-05,F,44,2,9
2016-11-05,F,3,2,9
2016-11-05,D,6,2,15
2016-11-05,D,4,2,15
2016-11-05,D,2,3,15
2016-11-05,D,1,5,15
2016-11-05,M,34,2,21
2016-11-05,M,13,2,21
2016-11-05,M,11,2,21
2016-11-05,M,6,4,21
2016-11-05,M,3,2,21
2016-11-05,M,2,3,21
2016-11-05,M,1,2,21
2016-11-05,G,NT,NT,5
2016-11-06,F,NT,NT,6
2016-11-06,D,25,2,12
2016-11-06,D,5,3,12
2016-11-06,D,2,3,12
2016-11-06,D,1,2,12
2016-11-06,M,5,3,18
2016-11-06,M,4,2,18
2016-11-06,M,2,3,18
2016-11-06,M,1,3,18
2016-11-06,G,16,2,4
2016-11-19,F,7,2,13
2016-11-19,F,3,2,13
2016-11-19,D,6,2,22
2016-11-19,D,4,5,22
2016-11-19,D,2,6,22
2016-11-19,D,1,6,22
2016-11-19,M,27,2,28
2016-11-19,M,11,2,28
2016-11-19,M,6,3,28
2016-11-19,M,5,2,28
2016-11-19,M,4,2,28
2016-11-19,M,2,8,28
2016-11-19,M,1,2,28
2016-11-19,G,16,2,8
2016-11-19,G,4,2,8
2016-11-20,F,NT,NT,1
2016-11-20,D,1,2,2
2016-11-20,M,NT,NT,4
2016-11-20,G,NT,NT,1
2016-11-21,F,NT,NT,1
2016-11-21,D,NT,NT,3
2016-11-21,M,NT,NT,5
2016-11-21,G,NT,NT,1
2016-11-26,F,12,2,14
2016-11-26,F,10,2,14
2016-11-26,F,8,2,14
2016-11-26,F,5,2,14
2016-11-26,D,4,4,19
2016-11-26,D,3,3,19
2016-11-26,D,2,3,19
2016-11-26,D,1,5,19
2016-11-26,M,11,2,19
2016-11-26,M,10,2,19
2016-11-26,M,4,2,19
2016-11-26,M,3,4,19
2016-11-26,M,1,2,19
2016-11-26,G,NT,NT,4
2016-11-27,F,NT,NT,7
2016-11-27,D,3,3,9
2016-11-27,D,2,2,9
2016-11-27,D,1,3,9
2016-11-27,M,6,2,16
2016-11-27,M,5,2,16
2016-11-27,M,4,2,16
2016-11-27,M,2,2,16
2016-11-27,G,10,2,4
2016-12-03,F,7,2,13
2016-12-03,F,4,2,13
2016-12-03,D,24,2,19
2016-12-03,D,2,6,19
2016-12-03,D,1,5,19
2016-12-03,M,9,2,24
2016-12-03,M,8,2,24
2016-12-03,M,5,2,24
2016-12-03,M,3,2,24
2016-12-03,M,2,2,24
2016-12-03,M,1,6,24
2016-12-03,G,NT,NT,6
2016-12-04,F,NT,NT,3
2016-12-04,D,28,3,6
2016-12-04,M,3,2,9
2016-12-04,M,2,4,9
2016-12-04,M,1,2,9
2016-12-04,G,NT,NT,1
2016-12-05,F,NT,NT,3
2016-12-10,F,NT,NT,10
2016-12-10,D,7,3,16
2016-12-10,D,3,2,16
2016-12-10,D,2,3,16
2016-12-10,M,24,2,21
2016-12-10,M,4,3,21
2016-12-10,M,3,5,21
2016-12-10,M,2,3,21
2016-12-10,G,15,3,6
2016-12-11,F,28,3,12
2016-12-11,F,5,3,12
2016-12-11,D,2,3,9
2016-12-11,D,1,3,9
2016-12-11,M,8,2,13
2016-12-11,M,2,2,13
2016-12-11,M,1,3,13
2016-12-11,G,11,2,4
2016-12-13,F,4,3,4
2016-12-13,D,24,2,7
2016-12-13,D,1,2,7
2016-12-13,M,3,2,8
2016-12-13,M,1,2,8
2016-12-13,G,NT,NT,2
2016-12-14,F,6,2,17
2016-12-14,F,4,2,17
2016-12-14,F,3,4,17
2016-12-14,D,4,3,21
2016-12-14,D,1,11,21
2016-12-14,M,29,2,27
2016-12-14,M,12,2,27
2016-12-14,M,7,2,27
2016-12-14,M,5,2,27
2016-12-14,M,4,4,27
2016-12-14,M,3,2,27
2016-12-14,M,2,2,27
2016-12-14,M,1,5,27
2016-12-14,G,NT,NT,7
2016-12-17,F,6,2,9
2016-12-17,D,3,3,16
2016-12-17,D,2,5,16
2016-12-17,D,1,4,16
2016-12-17,M,6,2,24
2016-12-17,M,5,3,24
2016-12-17,M,4,5,24
2016-12-17,M,2,5,24
2016-12-17,G,34,2,6
2016-12-17,G,29,2,6
2016-12-18,F,NT,NT,3
2016-12-18,D,1,2,8
2016-12-18,M,7,2,14
2016-12-18,M,4,2,14
2016-12-18,G,NT,NT,3
2016-12-19,F,NT,NT,1
2016-12-19,D,NT,NT,2
2016-12-19,M,3,3,3
2016-12-19,G,NT,NT,1
2016-12-26,F,7,2,19
2016-12-26,F,4,3,19
2016-12-26,F,2,2,19
2016-12-26,D,6,2,21
2016-12-26,D,4,3,21
2016-12-26,D,3,6,21
2016-12-26,D,2,3,21
2016-12-26,D,1,5,21
2016-12-26,M,9,4,24
2016-12-26,M,6,3,24
2016-12-26,M,5,2,24
2016-12-26,M,4,4,24
2016-12-26,M,2,2,24
2016-12-26,M,1,3,24
2016-12-26,G,4,2,8
2016-12-27,F,NT,NT,3
2016-12-27,D,NT,NT,1
2016-12-27,M,NT,NT,3
2016-12-27,G,NT,NT,1
2016-12-28,F,NT,NT,3
2016-12-28,D,NT,NT,4
2016-12-28,M,NT,NT,1
2016-12-30,F,NT,NT,2
2016-12-30,D,NT,NT,3
2016-12-30,M,NT,NT,3
2016-12-30,G,NT,NT,1
2016-12-31,F,37,2,16
2016-12-31,F,29,2,16
2016-12-31,D,3,4,14
2016-12-31,D,2,3,14
2016-12-31,D,1,3,14
2016-12-31,M,13,2,20
2016-12-31,M,5,3,20
2016-12-31,M,2,3,20
2016-12-31,M,1,2,20
2016-12-31,G,NT,NT,7
2017-01-01,F,NT,NT,4
2017-01-01,D,NT,NT,2
2017-01-01,M,6,3,6
2017-01-01,G,NT,NT,1
2017-01-02,F,5,2,10
2017-01-02,F,1,2,10
2017-01-02,D,25,2,14
2017-01-02,D,24,2,14
2017-01-02,D,3,3,14
2017-01-02,D,1,6,14
2017-01-02,M,7,3,19
2017-01-02,M,3,2,19
2017-01-02,M,2,2,19
2017-01-02,M,1,4,19
2017-01-02,G,NT,NT,6
2017-01-03,F,NT,NT,4
2017-01-03,D,2,2,6
2017-01-03,M,4,2,14
2017-01-03,M,3,3,14
2017-01-03,M,1,2,14
2017-01-03,G,NT,NT,2
2017-01-04,F,NT,NT,3
2017-01-14,F,7,2,13
2017-01-14,D,8,2,15
2017-01-14,D,6,2,15
2017-01-14,D,5,3,15
2017-01-14,D,4,2,15
2017-01-14,D,2,3,15
2017-01-14,D,1,3,15
2017-01-14,M,12,2,30
2017-01-14,M,9,2,30
2017-01-14,M,6,5,30
2017-01-14,M,4,5,30
2017-01-14,M,3,6,30
2017-01-14,M,2,4,30
2017-01-14,G,10,2,7
2017-01-15,F,NT,NT,5
2017-01-15,D,NT,NT,2
2017-01-15,M,2,2,7
2017-01-15,G,NT,NT,2
2017-01-21,F,6,3,12
2017-01-21,F,3,2,12
2017-01-21,F,1,2,12
2017-01-21,D,10,2,18
2017-01-21,D,8,3,18
2017-01-21,D,6,2,18
2017-01-21,D,4,2,18
2017-01-21,D,2,5,18
2017-01-21,D,1,3,18
2017-01-21,M,10,3,27
2017-01-21,M,9,2,27
2017-01-21,M,5,3,27
2017-01-21,M,4,2,27
2017-01-21,M,3,2,27
2017-01-21,M,2,5,27
2017-01-21,M,1,2,27
2017-01-21,G,NT,NT,5
2017-01-22,F,NT,NT,6
2017-01-22,D,1,2,8
2017-01-22,M,4,2,9
2017-01-22,G,NT,NT,3
2017-01-31,F,3,3,12
2017-01-31,D,5,3,19
2017-01-31,D,4,2,19
2017-01-31,D,3,3,19
2017-01-31,D,2,4,19
2017-01-31,D,1,3,19
2017-01-31,M,28,2,23
2017-01-31,M,6,4,23
2017-01-31,M,5,2,23
2017-01-31,M,3,2,23
2017-01-31,M,2,4,23
2017-01-31,M,1,4,23
2017-01-31,G,NT,NT,7
2017-02-01,F,NT,NT,5
2017-02-01,D,2,2,10
2017-02-01,D,1,4,10
2017-02-01,M,4,2,11
2017-02-01,M,2,3,11
2017-02-01,G,NT,NT,2
2017-02-04,F,8,2,16
2017-02-04,D,6,3,19
2017-02-04,D,2,4,19
2017-02-04,D,1,6,19
2017-02-04,M,28,2,26
2017-02-04,M,12,3,26
2017-02-04,M,8,2,26
2017-02-04,M,6,3,26
2017-02-04,M,3,2,26
2017-02-04,M,2,6,26
2017-02-04,G,NT,NT,7
2017-02-05,F,NT,NT,3
2017-02-05,D,NT,NT,2
2017-02-05,M,8,2,8
2017-02-05,M,5,2,8
2017-02-05,G,NT,NT,2
2017-02-11,F,2,2,11
2017-02-11,D,4,3,21
2017-02-11,D,3,4,21
2017-02-11,D,2,7,21
2017-02-11,D,1,6,21
2017-02-11,M,15,2,26
2017-02-11,M,8,3,26
2017-02-11,M,6,2,26
2017-02-11,M,4,2,26
2017-02-11,M,3,2,26
2017-02-11,M,2,5,26
2017-02-11,M,1,3,26
2017-02-11,G,NT,NT,7
2017-02-12,F,4,2,5
2017-02-12,D,24,2,6
2017-02-12,D,3,2,6
2017-02-12,M,2,2,5
2017-02-12,G,NT,NT,2
2017-02-13,F,NT,NT,1
2017-02-13,D,NT,NT,1
2017-02-13,M,NT,NT,4
2017-02-13,G,NT,NT,1
2017-02-25,F,7,2,12
2017-02-25,F,5,2,12
2017-02-25,D,2,6,16
2017-02-25,D,1,2,16
2017-02-25,M,10,2,20
2017-02-25,M,4,4,20
2017-02-25,M,3,4,20
2017-02-25,M,2,4,20
2017-02-25,G,NT,NT,6
2017-02-26,F,NT,NT,3
2017-02-26,D,NT,NT,1
2017-02-26,M,NT,NT,4
2017-02-26,G,NT,NT,1
2017-02-27,F,NT,NT,2
2017-02-27,D,NT,NT,2
2017-02-27,M,NT,NT,3
2017-02-27,G,NT,NT,1
2017-03-04,F,NT,NT,13
2017-03-04,D,4,4,22
2017-03-04,D,3,4,22
2017-03-04,D,2,3,22
2017-03-04,D,1,4,22
2017-03-04,M,11,2,25
2017-03-04,M,8,3,25
2017-03-04,M,7,5,25
2017-03-04,M,6,2,25
2017-03-04,M,4,2,25
2017-03-04,M,3,3,25
2017-03-04,M,1,2,25
2017-03-04,G,4,2,7
2017-03-05,F,NT,NT,4
2017-03-05,D,7,2,5
2017-03-05,M,NT,NT,7
2017-03-05,G,NT,NT,2
2017-03-06,F,NT,NT,2
2017-03-06,D,NT,NT,3
2017-03-06,M,NT,NT,3
2017-03-06,G,NT,NT,1
2017-03-08,F,NT,NT,1
2017-03-08,D,NT,NT,4
2017-03-08,M,2,4,5
2017-03-08,G,NT,NT,1
2017-03-11,F,NT,NT,3
2017-03-11,D,4,2,9
2017-03-11,D,1,4,9
2017-03-11,M,1,2,12
2017-03-11,G,NT,NT,3
2017-03-12,F,7,2,2
2017-03-12,D,2,2,3
2017-03-12,M,NT,NT,3
2017-03-12,G,NT,NT,1
2017-03-18,F,12,2,10
2017-03-18,F,6,2,10
2017-03-18,D,5,2,15
2017-03-18,D,2,5,15
2017-03-18,D,1,6,15
2017-03-18,M,10,2,26
2017-03-18,M,8,2,26
2017-03-18,M,4,3,26
2017-03-18,M,3,2,26
2017-03-18,M,2,5,26
2017-03-18,M,1,4,26
2017-03-18,G,NT,NT,7
2017-03-19,F,NT,NT,7
2017-03-19,D,2,2,7
2017-03-19,D,1,2,7
2017-03-19,M,4,3,7
2017-03-19,M,2,2,7
2017-03-19,G,NT,NT,3
