Date,QB1,QB2,RB1,RB2,WR1,WR2,WR3,TE,UTIL,Total
2009-09-03,9.9,14.6,9.8,20.9,4.7,5.3,6.4,3.0,9.0,83.6
2009-09-03,22.3,20.6,14.9,3.6,9.0,5.0,4.5,3.4,3.0,86.3
2009-09-03,30.9,11.3,2.5,4.3,20.3,25.7,18.8,9.0,7.4,130.2
2009-09-03,14.6,18.9,7.3,3.6,6.4,5.5,21.2,2.6,8.8,88.9
2009-09-03,18.9,11.2,8.8,3.5,6.4,4.5,3.9,11.2,8.3,76.7
2009-09-03,11.3,20.6,8.8,3.6,3.1,3.3,37.1,9.4,3.5,100.7
2009-09-03,22.3,18.2,3.0,5.2,2.8,4.5,6.4,3.4,17.3,83.1
2009-09-03,9.9,14.6,2.0,3.4,8.4,7.4,11.3,6.2,34.3,97.5
2009-09-03,11.3,14.6,3.6,7.3,7.4,10.7,4.7,9.0,18.8,87.4
2009-09-03,18.2,6.5,9.3,2.0,3.3,18.8,2.8,3.7,11.3,75.9
2009-09-05,9.0,10.6,16.1,11.5,15.3,8.6,19.2,5.7,8.6,104.6
2009-09-05,27.9,6.1,8.9,6.2,9.1,4.7,5.2,11.6,4.6,84.3
2009-09-05,10.3,7.8,2.3,7.2,15.1,9.7,8.8,3.8,4.8,69.8
2009-09-05,8.0,13.5,7.2,11.8,5.0,9.4,3.8,2.2,7.7,68.6
2009-09-05,11.9,6.8,8.4,3.5,11.9,4.1,8.6,7.4,11.3,73.9
2009-09-05,11.9,7.0,2.1,3.0,15.5,3.2,18.3,8.7,5.6,75.3
2009-09-05,8.3,7.8,2.3,9.0,18.5,7.7,3.4,24.3,3.2,84.5
2009-09-05,6.7,7.5,6.4,15.6,6.5,10.7,10.8,2.5,6.9,73.6
2009-09-05,19.3,7.9,3.4,11.8,11.1,5.6,4.1,12.6,29.7,105.5
2009-09-05,16.7,19.0,8.7,24.5,10.0,3.2,12.5,9.1,2.3,106.0
2009-09-12,16.6,15.9,6.4,4.0,16.4,3.5,10.1,3.6,2.9,79.4
2009-09-12,12.6,20.6,7.8,2.2,3.6,7.5,26.4,2.2,12.9,95.8
2009-09-12,13.2,28.7,3.2,14.5,3.9,3.5,7.4,2.7,15.5,92.6
2009-09-12,4.3,31.2,6.8,9.6,12.2,12.6,3.3,5.3,33.3,118.6
2009-09-12,34.7,8.9,4.4,7.2,5.0,8.9,3.5,3.6,7.8,84.0
2009-09-12,7.8,15.3,4.9,30.6,8.4,5.1,12.1,3.4,22.3,109.9
2009-09-12,13.7,12.6,2.2,10.9,4.0,7.7,8.4,7.5,9.2,76.2
2009-09-12,7.3,49.3,2.1,12.8,4.9,10.9,3.8,2.4,8.2,101.7
2009-09-12,7.6,12.8,16.9,13.8,16.0,26.2,7.5,3.0,6.5,110.3
2009-09-12,20.5,17.1,27.3,10.4,2.9,15.9,20.7,7.5,3.5,125.8
2009-09-19,4.9,18.5,20.2,2.6,11.1,10.7,3.4,2.6,6.1,80.1
2009-09-19,16.6,14.9,21.3,5.8,4.7,3.0,14.9,3.7,7.1,92.0
2009-09-19,22.9,21.9,4.6,2.1,5.0,26.4,5.2,2.1,38.4,128.6
2009-09-19,10.2,11.7,3.0,2.6,8.4,9.2,11.8,9.3,2.6,68.8
2009-09-19,8.6,10.0,23.9,9.0,9.6,25.2,5.6,2.4,9.1,103.4
2009-09-19,8.6,21.9,5.0,4.5,30.6,29.7,12.2,4.0,4.5,121.0
2009-09-19,13.5,10.2,4.3,2.0,3.4,7.5,6.3,2.8,14.9,64.9
2009-09-19,10.2,21.0,5.5,12.8,18.3,5.0,3.1,2.3,8.6,86.8
2009-09-19,34.3,21.9,13.4,9.3,10.1,26.3,4.6,24.6,12.4,156.9
2009-09-19,5.8,16.0,2.1,3.5,10.1,8.9,11.3,9.1,13.0,79.8
2009-09-26,14.3,9.6,8.8,11.0,18.0,9.9,7.5,12.8,6.1,98.0
2009-09-26,20.9,30.2,19.4,2.2,5.8,11.3,13.0,27.2,8.0,138.0
2009-09-26,5.3,15.5,23.4,6.6,5.2,11.6,18.5,2.1,20.6,108.8
2009-09-26,9.6,11.8,3.2,7.6,21.8,9.9,4.4,4.0,7.8,80.1
2009-09-26,28.5,20.3,6.0,50.0,2.8,6.5,4.1,15.2,8.8,142.2
2009-09-26,10.9,8.4,19.6,4.8,7.6,3.8,3.3,10.6,6.3,75.3
2009-09-26,30.5,23.7,19.4,2.4,16.2,18.5,9.2,2.3,7.6,129.8
2009-09-26,13.1,7.7,7.6,3.6,6.2,10.1,18.2,3.0,7.0,76.5
2009-09-26,5.6,13.6,16.2,7.0,34.2,12.4,5.0,3.9,7.2,105.1
2009-09-26,10.8,15.5,4.7,10.2,24.1,7.2,8.1,10.9,15.8,107.3
2009-10-03,7.8,9.7,7.4,19.8,27.1,19.3,5.4,6.2,28.3,131.0
2009-10-03,24.1,7.6,3.7,12.1,5.9,27.9,10.0,11.0,13.7,116.0
2009-10-03,7.8,18.1,4.5,2.2,4.7,25.2,7.9,19.9,29.6,119.9
2009-10-03,12.6,16.6,7.1,22.4,8.7,3.4,21.9,4.1,3.7,100.5
2009-10-03,27.0,16.6,5.8,3.7,35.2,4.5,19.3,2.3,5.1,119.5
2009-10-03,7.8,27.0,12.7,4.2,10.9,34.9,20.8,7.0,22.7,148.0
2009-10-03,19.5,24.2,2.5,29.6,15.1,16.6,22.7,4.3,11.4,145.9
2009-10-03,4.4,11.8,13.9,2.3,27.9,11.9,30.9,7.0,18.1,128.2
2009-10-03,24.6,9.8,7.9,11.9,10.7,26.4,7.4,5.2,10.8,114.7
2009-10-03,16.9,14.3,4.9,2.8,24.8,11.6,7.2,26.3,3.7,112.5
2009-10-10,13.1,6.5,8.3,7.3,4.8,16.1,7.9,4.5,2.8,71.3
2009-10-10,10.7,21.6,8.3,21.5,16.2,6.3,7.6,5.7,5.1,103.0
2009-10-10,25.0,32.4,21.1,45.2,7.4,3.4,3.6,4.4,15.9,158.4
2009-10-10,27.5,7.4,22.0,3.3,28.6,10.6,18.4,4.5,2.6,124.9
2009-10-10,25.1,4.3,13.5,35.9,15.6,5.2,71.7,9.7,3.1,184.1
2009-10-10,14.2,13.9,11.8,14.3,13.2,5.5,5.3,4.5,5.7,88.4
2009-10-10,12.8,26.2,4.7,25.7,3.4,10.6,4.0,2.7,5.9,96.0
2009-10-10,6.7,6.8,3.1,17.1,7.0,9.2,13.8,4.5,14.3,82.5
2009-10-10,16.7,22.1,2.9,17.5,12.8,13.0,3.7,2.4,20.9,112.0
2009-10-10,7.1,26.2,8.7,2.4,15.9,27.3,18.2,3.3,13.0,122.1
2009-10-17,25.5,20.6,9.6,7.2,13.1,24.0,13.1,11.3,19.6,144.0
2009-10-17,9.6,15.3,7.8,21.2,11.1,3.0,13.1,3.4,18.0,102.5
2009-10-17,20.8,8.5,22.1,7.8,8.3,10.9,13.8,4.7,5.3,102.2
2009-10-17,15.3,9.0,10.8,15.1,45.6,24.9,9.8,14.3,3.2,148.0
2009-10-17,17.1,9.6,2.8,8.2,9.8,36.0,11.8,4.4,12.3,112.0
2009-10-17,21.5,21.3,30.1,6.5,4.6,9.2,5.6,7.2,3.4,109.4
2009-10-17,14.0,6.9,28.2,23.6,10.6,12.8,9.1,9.8,14.3,129.3
2009-10-17,7.5,35.0,2.8,12.3,9.6,7.8,5.0,3.4,21.2,104.6
2009-10-17,9.1,23.8,31.1,2.5,25.8,37.0,7.8,14.6,19.8,171.5
2009-10-17,23.7,23.5,12.5,8.3,3.4,6.3,23.7,33.6,3.5,138.5
2009-10-24,21.2,28.3,10.4,3.0,3.1,28.9,16.5,18.4,3.7,133.5
2009-10-24,10.5,5.2,7.4,10.6,3.0,8.0,14.3,2.4,3.5,64.9
2009-10-24,9.3,30.5,3.2,2.7,4.9,11.0,4.1,3.7,11.8,81.2
2009-10-24,22.2,33.0,15.2,6.3,4.4,7.7,22.1,10.2,12.0,133.1
2009-10-24,13.0,30.5,3.7,27.0,10.8,13.0,3.0,2.3,13.5,116.8
2009-10-24,19.0,21.5,2.1,27.0,3.1,12.4,9.0,4.0,18.7,116.8
2009-10-24,65.1,12.1,2.8,2.8,4.1,8.4,10.1,2.8,5.7,113.9
2009-10-24,27.3,11.9,13.1,25.4,7.4,4.6,6.4,7.9,3.5,107.5
2009-10-24,5.9,12.1,8.5,11.8,3.7,30.4,11.4,9.0,20.2,113.0
2009-10-24,19.0,14.6,27.1,3.0,39.1,9.2,8.7,5.3,31.5,157.5
2009-10-31,14.5,16.0,8.0,3.3,30.2,7.7,4.0,3.1,4.2,91.0
2009-10-31,14.2,22.8,43.6,9.0,9.9,6.1,16.0,5.6,2.1,129.3
2009-10-31,14.0,4.8,9.0,8.6,10.4,30.7,4.7,6.7,3.8,92.7
2009-10-31,38.4,11.2,6.8,7.6,9.0,15.2,2.9,5.9,3.1,100.1
2009-10-31,13.4,17.0,5.5,34.3,18.2,16.0,10.3,4.5,3.5,122.7
2009-10-31,14.5,18.9,4.2,26.8,36.9,10.4,5.3,10.4,4.2,131.6
2009-10-31,20.2,10.1,6.1,24.7,10.3,8.8,6.2,3.3,6.7,96.4
2009-10-31,15.1,16.4,2.4,9.5,20.9,2.9,13.8,4.8,22.6,108.4
2009-10-31,7.5,4.9,11.9,16.8,27.6,7.1,6.4,10.4,10.9,103.5
2009-10-31,6.2,9.1,25.6,23.7,9.2,17.3,7.2,14.6,9.9,122.8
2009-11-07,4.9,8.7,3.4,13.4,8.6,24.8,5.1,2.7,9.1,80.7
2009-11-07,30.1,28.6,2.1,6.7,3.9,24.8,22.1,10.1,10.3,138.7
2009-11-07,6.3,10.1,23.8,13.9,7.4,5.5,10.3,30.7,4.9,112.9
2009-11-07,5.6,39.9,3.4,5.4,4.7,3.7,33.9,7.5,14.6,118.7
2009-11-07,7.3,18.7,19.9,2.7,2.9,8.5,13.0,7.2,4.9,85.1
2009-11-07,24.6,10.8,18.9,27.5,11.8,7.4,2.8,5.6,33.6,143.0
2009-11-07,5.6,21.0,20.9,4.9,3.0,5.5,7.0,18.1,12.2,98.2
2009-11-07,21.3,24.7,18.0,3.7,10.1,9.0,7.1,4.4,4.6,102.9
2009-11-07,10.0,38.1,7.7,4.6,2.8,11.9,6.1,14.5,8.8,104.5
2009-11-07,7.3,12.3,12.1,8.5,3.0,9.6,8.8,3.5,9.8,74.9
2009-11-14,20.6,22.3,16.3,12.5,13.9,22.4,7.1,2.2,5.4,122.7
2009-11-14,7.6,17.2,4.6,21.2,5.5,23.2,14.8,13.7,10.0,117.8
2009-11-14,6.6,29.4,3.6,10.8,51.0,5.0,7.6,7.3,25.2,146.5
2009-11-14,29.4,13.0,50.7,33.5,4.6,3.1,8.9,7.3,23.0,173.5
2009-11-14,14.7,6.6,5.2,4.6,4.0,16.2,6.2,11.5,27.9,96.9
2009-11-14,10.1,28.8,16.1,10.8,20.7,23.4,5.3,6.0,6.6,127.8
2009-11-14,9.9,16.1,6.5,6.5,8.7,13.4,7.2,6.5,3.7,78.5
2009-11-14,32.2,37.8,35.9,2.7,3.5,7.2,14.1,11.0,7.6,152.0
2009-11-14,13.0,42.1,7.5,15.2,10.0,5.6,3.8,7.2,8.7,113.1
2009-11-14,12.9,15.5,31.9,4.5,11.8,9.3,3.3,2.8,16.2,108.2
2009-11-21,13.7,18.3,17.6,3.0,4.3,13.3,30.2,2.4,10.3,113.1
2009-11-21,13.1,14.8,6.1,3.4,12.1,34.6,22.2,2.4,37.3,146.0
2009-11-21,29.6,33.1,8.6,8.3,4.1,23.6,5.2,2.8,3.2,118.5
2009-11-21,32.9,19.1,5.7,12.9,8.0,12.0,4.3,8.8,51.2,154.9
2009-11-21,7.3,6.9,3.6,10.3,34.6,8.5,6.9,6.6,11.0,95.7
2009-11-21,9.2,8.8,24.1,6.3,10.9,4.6,8.4,7.1,11.0,90.4
2009-11-21,38.2,5.3,7.2,19.0,6.1,16.5,11.6,2.2,8.6,114.7
2009-11-21,8.8,9.7,29.5,20.7,4.1,3.3,12.8,17.3,28.6,134.8
2009-11-21,14.0,13.7,12.1,17.6,9.7,9.0,41.4,3.2,2.3,123.0
2009-11-21,12.3,8.9,33.9,4.3,3.8,26.0,6.3,15.7,10.8,122.0
2009-11-27,18.1,36.0,13.6,13.1,7.5,3.3,4.2,7.2,2.2,105.2
2009-11-27,16.8,7.5,5.4,41.9,9.1,5.9,2.9,12.3,19.0,120.8
2009-11-27,20.7,23.1,15.7,2.9,3.5,21.4,10.9,3.3,4.2,105.7
2009-11-27,27.4,9.7,2.5,7.8,2.9,8.6,2.9,6.9,3.4,72.1
2009-11-27,9.7,27.4,5.3,2.5,13.6,14.4,16.2,2.3,28.4,119.8
2009-11-27,16.5,20.2,13.1,5.4,19.2,10.3,12.6,9.1,2.1,108.5
2009-11-27,20.9,46.9,13.1,2.3,3.2,3.9,9.9,2.7,31.8,134.7
2009-11-27,7.5,16.5,20.2,15.7,30.2,3.2,19.0,2.1,6.5,120.9
2009-11-27,16.8,8.7,4.2,7.2,3.3,26.2,5.9,36.9,14.4,123.6
2009-11-27,23.1,43.3,7.8,8.1,18.2,5.2,2.9,7.2,8.7,124.5
2009-11-28,19.9,6.6,8.3,33.2,16.8,13.0,48.3,4.4,22.7,173.2
2009-11-28,34.0,13.6,7.9,2.3,10.1,15.0,15.6,27.6,4.3,130.4
2009-11-28,25.2,15.4,18.7,6.8,3.3,27.7,25.1,5.0,5.7,132.9
2009-11-28,25.2,7.9,4.0,8.0,3.4,8.1,4.3,9.1,8.4,78.4
2009-11-28,13.9,11.1,28.9,10.1,20.9,19.4,21.6,4.3,16.1,146.3
2009-11-28,35.1,8.4,25.5,2.4,9.2,30.5,12.3,29.0,6.3,158.7
2009-11-28,6.9,27.9,2.8,3.7,3.5,3.4,20.4,5.4,4.1,78.1
2009-11-28,31.4,18.8,2.1,9.1,6.3,20.8,19.2,4.1,48.3,160.1
2009-11-28,11.4,21.6,2.1,6.2,20.8,3.5,2.9,4.1,4.3,76.9
2009-11-28,35.6,4.3,2.4,21.2,15.0,18.5,33.9,2.9,4.9,138.7
2009-12-05,4.2,15.7,6.2,5.7,14.3,23.7,3.9,3.9,13.7,91.3
2009-12-05,16.6,14.9,6.7,16.6,14.7,3.3,13.1,4.7,3.5,94.1
2009-12-05,19.2,18.5,20.5,26.9,6.9,6.1,6.1,13.7,4.1,122.0
2009-12-05,10.4,22.7,12.5,41.9,30.7,6.0,13.1,16.5,20.5,174.3
2009-12-05,8.8,14.9,38.2,48.8,6.9,4.2,16.0,4.0,5.4,147.2
2009-12-05,8.4,7.8,5.8,3.2,3.3,10.6,5.0,3.4,6.5,54.0
2009-12-05,5.9,25.4,2.4,2.5,8.6,26.4,3.6,5.9,4.8,85.5
2009-12-05,41.6,4.2,15.8,3.1,6.6,16.8,6.5,5.9,2.5,103.0
2009-12-05,14.9,10.4,18.4,3.2,7.9,8.2,25.8,7.2,4.5,100.5
2009-12-05,42.3,22.7,32.6,8.0,10.7,3.6,19.1,12.5,14.1,165.6
2010-09-02,9.2,8.6,6.1,12.0,4.2,3.4,3.5,7.1,4.1,58.2
2010-09-02,7.5,19.1,24.4,2.6,32.5,5.0,6.1,34.4,30.9,162.5
2010-09-02,7.5,23.5,15.4,8.5,14.7,6.0,5.5,12.4,6.7,100.2
2010-09-02,8.4,23.3,4.2,4.4,8.5,3.5,8.6,6.0,34.4,101.3
2010-09-02,48.6,4.4,4.7,11.7,8.5,5.5,8.6,7.1,6.1,105.2
2010-09-02,30.0,8.4,4.2,6.1,7.3,16.5,8.5,12.5,2.4,95.9
2010-09-02,19.9,23.5,2.1,6.6,17.4,32.5,20.6,3.5,6.1,132.2
2010-09-02,4.4,19.9,11.7,8.5,34.5,7.5,16.5,2.1,3.7,108.8
2010-09-02,23.3,41.2,21.1,4.7,4.4,8.1,4.5,34.4,19.4,161.1
2010-09-02,7.5,23.6,10.0,12.4,32.5,2.8,11.3,12.4,8.8,121.3
2010-09-04,14.0,51.5,24.8,2.6,5.3,3.8,3.1,3.2,11.3,119.6
2010-09-04,4.3,9.8,25.4,27.2,4.7,11.4,5.4,2.2,3.9,94.3
2010-09-04,26.9,9.8,25.4,13.0,5.4,3.4,38.2,3.3,4.6,130.0
2010-09-04,5.8,8.5,3.6,8.6,3.8,14.5,4.4,12.2,9.9,71.3
2010-09-04,23.1,6.6,2.9,10.8,19.8,11.3,10.4,4.0,12.0,100.9
2010-09-04,8.1,4.3,54.7,13.4,3.1,4.3,10.8,3.4,3.7,105.8
2010-09-04,26.9,10.6,4.0,5.2,4.4,22.1,3.4,4.5,5.0,86.1
2010-09-04,23.5,4.8,3.7,5.5,28.2,9.2,8.4,3.4,21.5,108.2
2010-09-04,9.8,9.6,13.7,2.7,3.0,5.4,4.3,16.3,4.2,69.0
2010-09-04,9.8,16.4,7.7,7.9,13.5,3.7,5.9,9.3,20.7,94.9
2010-09-11,13.4,23.0,3.0,3.2,3.4,13.4,9.0,15.6,3.9,87.9
2010-09-11,26.0,9.8,4.3,9.4,3.1,3.7,6.9,7.6,7.4,78.2
2010-09-11,14.6,24.9,13.2,5.2,11.1,15.7,6.9,3.8,29.3,124.7
2010-09-11,11.7,30.2,4.2,5.7,3.8,5.3,8.4,3.4,24.3,97.0
2010-09-11,38.0,12.8,14.8,15.6,5.9,11.6,10.0,8.8,5.0,122.5
2010-09-11,16.9,22.9,12.9,4.1,30.5,3.6,3.1,11.3,32.0,137.3
2010-09-11,22.4,7.7,20.8,3.3,6.9,20.9,5.5,7.2,22.2,116.9
2010-09-11,19.0,13.8,11.8,18.4,2.8,22.0,8.4,9.9,3.7,109.8
2010-09-11,23.9,29.8,3.0,8.9,15.7,7.5,2.9,16.1,11.9,119.7
2010-09-11,27.7,15.1,15.0,3.7,3.2,8.8,3.4,12.3,8.0,97.2
2010-09-18,37.2,18.5,6.4,7.0,4.7,3.0,26.1,2.8,11.2,116.9
2010-09-18,17.7,19.9,7.1,15.2,38.8,9.2,12.2,2.1,3.6,125.8
2010-09-18,15.0,7.4,7.1,7.1,6.4,11.7,6.8,13.2,6.8,81.5
2010-09-18,29.1,8.6,25.8,4.9,8.3,5.1,8.0,7.0,7.5,104.3
2010-09-18,19.9,29.1,9.7,10.6,2.9,3.6,3.0,7.0,6.5,92.3
2010-09-18,10.8,7.7,3.6,37.5,7.9,3.8,2.9,2.2,11.5,87.9
2010-09-18,23.6,44.7,5.5,8.5,9.3,17.6,3.6,4.0,11.6,128.4
2010-09-18,8.6,10.6,5.4,2.7,14.8,18.0,20.3,2.1,4.7,87.2
2010-09-18,10.7,12.8,7.0,2.4,29.3,12.0,6.8,9.4,13.4,103.8
2010-09-18,23.3,44.7,9.1,6.1,9.6,16.9,8.8,19.5,3.2,141.2
2010-09-25,11.6,18.6,14.5,16.3,13.0,4.4,3.4,12.0,3.2,97.0
2010-09-25,18.6,5.0,15.1,5.9,10.8,7.6,23.8,8.3,2.3,97.4
2010-09-25,6.2,8.7,3.5,11.3,37.7,3.6,12.9,11.2,12.6,107.7
2010-09-25,22.8,13.8,21.2,3.6,5.6,24.7,8.5,4.4,6.4,111.0
2010-09-25,23.4,18.5,10.7,11.9,8.2,5.2,8.3,15.3,8.7,110.2
2010-09-25,11.7,21.6,3.7,10.0,3.4,5.8,9.7,25.3,4.1,95.3
2010-09-25,17.6,25.0,50.4,22.8,12.3,3.7,12.1,3.3,20.2,167.4
2010-09-25,13.3,7.2,16.3,7.6,6.8,8.5,11.2,12.0,3.6,86.5
2010-09-25,18.2,8.7,9.1,7.3,6.2,8.3,23.8,3.3,16.5,101.4
2010-09-25,30.8,18.5,2.6,16.5,6.8,17.9,9.4,11.2,6.4,120.1
2010-10-02,22.4,18.4,13.0,7.1,12.0,17.3,3.3,5.2,8.7,107.4
2010-10-02,22.4,18.4,21.6,3.4,5.4,35.1,13.1,10.6,20.7,150.7
2010-10-02,20.1,45.2,6.1,2.6,11.2,11.1,9.7,2.4,4.2,112.6
2010-10-02,19.0,19.5,9.0,19.6,2.8,12.2,7.6,2.9,2.2,94.8
2010-10-02,14.4,7.1,19.6,5.1,8.0,9.3,26.5,3.2,34.1,127.3
2010-10-02,4.9,7.6,14.8,10.9,3.7,3.9,26.8,15.4,2.6,90.6
2010-10-02,4.6,7.2,24.2,5.2,7.0,12.2,8.5,3.6,3.7,76.2
2010-10-02,9.9,9.6,6.2,21.7,11.5,4.2,19.1,20.7,14.4,117.3
2010-10-02,4.6,7.3,12.3,2.9,41.1,14.4,12.5,3.7,2.9,101.7
2010-10-02,20.4,6.4,3.2,3.1,3.0,9.2,37.0,3.6,3.1,89.0
2010-10-09,13.0,27.0,5.5,31.1,8.5,5.7,12.3,3.9,7.1,114.1
2010-10-09,18.9,22.4,18.8,9.9,12.3,7.3,13.9,3.5,7.1,114.1
2010-10-09,8.7,30.9,7.3,9.1,6.7,5.7,9.0,6.6,6.7,90.7
2010-10-09,30.9,12.6,35.4,24.8,12.6,14.4,7.1,14.7,5.3,157.8
2010-10-09,34.7,4.4,3.0,38.2,11.8,18.2,17.5,3.3,9.1,140.2
2010-10-09,4.4,35.8,5.3,2.2,6.4,8.5,4.0,18.3,12.1,97.0
2010-10-09,17.9,12.6,6.9,3.0,5.3,5.1,11.2,3.1,6.9,72.0
2010-10-09,38.1,11.1,12.7,34.4,9.9,12.2,23.3,16.8,5.9,164.4
2010-10-09,23.5,28.9,15.3,14.5,3.9,14.4,5.8,5.5,4.4,116.2
2010-10-09,8.1,14.0,5.3,3.1,3.6,7.5,12.3,6.1,3.0,63.0
2010-10-16,24.8,17.5,23.8,21.3,14.8,13.0,3.8,12.7,12.4,144.1
2010-10-16,6.1,27.6,7.3,2.1,36.1,24.3,31.4,8.7,6.3,149.9
2010-10-16,20.9,23.1,2.8,14.3,3.6,5.3,16.0,13.6,23.7,123.3
2010-10-16,8.3,21.0,7.0,2.8,15.3,21.4,3.9,5.6,8.7,94.0
2010-10-16,26.4,13.6,6.6,7.0,4.9,9.6,3.0,7.3,9.4,87.8
2010-10-16,17.5,14.6,2.9,4.9,30.9,36.1,15.6,15.2,27.1,164.8
2010-10-16,4.6,17.5,6.0,2.1,10.4,8.1,12.8,6.4,10.4,78.3
2010-10-16,49.4,18.8,20.6,21.3,5.3,14.8,4.0,2.2,5.3,141.7
2010-10-16,10.4,17.4,3.5,4.7,12.2,19.6,27.1,3.4,40.4,138.7
2010-10-16,5.0,15.8,27.1,16.5,12.8,3.2,14.1,3.4,25.6,123.5
2010-10-23,27.5,23.3,23.9,2.0,7.2,3.6,13.9,2.9,4.7,109.0
2010-10-23,16.3,23.9,12.9,22.5,10.7,9.1,9.8,4.2,17.6,127.0
2010-10-23,9.2,22.7,11.2,16.9,17.5,6.3,9.9,2.7,15.2,111.6
2010-10-23,16.4,4.2,17.6,16.9,12.0,3.1,5.6,12.3,3.8,91.9
2010-10-23,16.3,8.0,5.0,17.6,7.1,17.6,25.7,12.0,11.6,120.9
2010-10-23,10.5,6.9,3.3,15.0,19.4,7.0,14.2,2.1,12.3,90.7
2010-10-23,15.6,17.7,7.9,4.3,6.4,7.0,3.6,8.2,9.8,80.5
2010-10-23,21.0,17.7,50.6,20.7,10.8,11.9,12.9,4.2,6.9,156.7
2010-10-23,20.1,16.4,13.9,4.4,14.5,8.0,6.7,7.1,14.0,105.1
2010-10-23,26.7,10.0,2.2,31.1,5.0,2.9,4.0,3.2,19.1,104.2
2010-10-30,31.9,35.5,10.2,26.7,16.4,10.8,17.8,2.6,2.9,154.8
2010-10-30,31.9,9.8,2.3,3.9,3.6,5.3,5.6,7.7,14.3,84.4
2010-10-30,29.5,38.6,3.9,23.6,4.6,11.2,4.1,7.6,11.8,134.9
2010-10-30,27.6,6.5,2.8,21.7,14.8,28.1,8.8,10.9,10.2,131.4
2010-10-30,37.3,21.5,13.4,20.7,16.4,3.3,5.6,25.7,6.3,150.2
2010-10-30,30.7,29.9,46.9,15.6,6.5,8.3,3.9,4.8,2.6,149.2
2010-10-30,7.2,22.7,10.5,31.7,7.7,10.9,4.4,5.8,7.3,108.2
2010-10-30,20.8,13.6,3.7,20.1,4.1,9.2,5.8,3.1,5.9,86.3
2010-10-30,15.3,31.1,5.0,6.0,4.8,4.6,4.5,2.6,29.7,103.6
2010-10-30,25.9,8.6,8.8,5.4,5.6,6.0,6.5,15.2,22.0,104.0
2010-11-06,19.8,5.1,3.8,2.9,4.4,2.9,9.7,5.4,6.9,60.9
2010-11-06,16.6,21.1,26.8,19.9,20.1,31.8,11.4,6.1,3.0,156.8
2010-11-06,17.5,17.8,10.2,15.7,42.9,8.5,6.3,3.3,34.9,157.1
2010-11-06,12.3,25.1,14.4,11.2,20.1,4.1,25.4,2.1,12.9,127.6
2010-11-06,5.4,27.0,21.6,18.8,12.9,17.9,8.3,8.2,13.6,133.7
2010-11-06,30.4,21.7,5.1,3.6,19.5,6.9,5.5,2.3,13.9,108.9
2010-11-06,21.7,34.6,25.1,3.6,7.0,9.3,3.0,17.0,2.1,123.4
2010-11-06,33.3,12.3,9.7,2.7,14.3,4.4,2.9,29.1,3.3,112.0
2010-11-06,5.7,17.9,12.8,22.9,20.5,10.4,3.0,8.6,25.5,127.3
2010-11-06,5.1,17.9,2.9,17.5,18.3,13.4,19.0,9.1,14.7,117.9
2010-11-13,8.2,6.4,13.5,7.7,13.3,3.6,9.8,4.8,12.2,79.5
2010-11-13,30.8,16.4,11.9,5.7,10.4,15.5,31.5,4.5,9.2,135.9
2010-11-13,14.2,21.9,3.7,32.4,8.7,6.0,27.4,2.4,4.0,120.7
2010-11-13,36.2,18.7,11.0,19.4,10.0,5.1,4.5,36.3,3.2,144.4
2010-11-13,7.5,14.1,25.8,3.6,15.9,10.1,2.8,2.3,9.4,91.5
2010-11-13,18.8,23.7,3.6,5.4,13.2,10.3,3.5,2.2,20.1,100.8
2010-11-13,6.6,12.6,2.2,3.9,5.2,12.7,7.4,3.8,8.2,62.6
2010-11-13,13.8,6.6,15.9,8.0,4.0,5.2,40.9,4.8,8.4,107.6
2010-11-13,6.4,21.7,5.5,9.5,10.4,6.6,4.6,3.6,24.5,92.8
2010-11-13,14.5,6.6,6.0,26.5,3.7,40.9,15.7,26.3,3.1,143.3
2010-11-20,4.2,15.4,20.9,15.7,3.8,10.9,3.0,3.3,19.5,96.7
2010-11-20,19.4,18.9,18.4,2.7,10.0,15.0,17.3,5.5,16.3,123.5
2010-11-20,22.3,4.6,4.0,37.8,3.0,7.0,10.6,20.4,4.4,114.1
2010-11-20,22.3,6.0,7.1,37.7,12.1,4.8,4.7,9.2,9.1,113.0
2010-11-20,7.5,28.6,19.4,6.2,12.6,12.4,22.2,2.5,29.0,140.4
2010-11-20,30.9,34.0,3.5,6.2,7.4,19.5,4.3,2.5,4.6,112.9
2010-11-20,11.0,25.8,4.3,7.2,9.4,6.6,4.9,6.9,3.4,79.5
2010-11-20,9.1,29.7,20.7,5.6,11.7,4.9,8.8,5.5,32.3,128.3
2010-11-20,21.0,15.4,11.5,5.4,3.1,19.5,3.9,4.3,5.1,89.2
2010-11-20,28.5,36.2,10.1,32.2,3.1,3.0,11.7,2.4,2.6,129.8
2010-11-26,22.3,18.2,20.8,2.1,10.2,4.3,13.4,14.2,13.1,118.6
2010-11-26,12.4,19.7,8.5,9.4,13.4,21.0,6.2,5.6,13.8,110.0
2010-11-26,28.2,50.0,5.9,29.9,15.4,15.9,6.1,2.8,2.1,156.3
2010-11-26,19.5,13.1,13.1,14.8,14.2,2.8,24.3,3.9,8.8,114.5
2010-11-26,30.5,13.1,28.1,36.5,18.5,8.8,9.7,5.6,9.7,160.5
2010-11-26,13.1,28.2,2.7,4.9,4.6,5.3,21.5,10.4,46.6,137.3
2010-11-26,29.1,18.2,27.5,3.4,40.1,21.0,9.7,2.7,8.0,159.7
2010-11-26,13.1,34.6,20.7,10.3,9.7,4.6,12.8,11.8,29.8,147.4
2010-11-26,12.5,12.4,5.6,8.6,12.1,14.2,2.8,13.8,29.8,111.8
2010-11-26,15.2,31.6,2.6,11.4,6.6,6.3,19.5,7.7,21.7,122.6
2010-11-27,8.8,24.7,5.5,9.9,9.0,9.1,11.8,2.7,10.6,92.1
2010-11-27,20.7,12.4,31.9,22.1,4.5,17.9,5.8,14.7,3.6,133.6
2010-11-27,9.1,10.3,8.0,15.6,10.2,19.2,14.6,2.7,7.3,97.0
2010-11-27,27.2,11.3,3.6,5.3,7.2,7.7,5.4,26.0,2.1,95.8
2010-11-27,25.9,13.5,3.5,11.3,7.2,13.5,6.9,15.9,10.7,108.4
2010-11-27,29.7,18.9,41.9,7.9,8.8,15.9,9.6,5.6,12.1,150.4
2010-11-27,34.8,14.3,10.6,23.9,26.7,3.0,12.1,6.6,35.1,167.1
2010-11-27,24.7,36.9,3.1,8.5,5.6,5.8,13.5,10.5,12.6,121.2
2010-11-27,9.3,6.7,14.5,2.7,9.4,28.1,3.8,6.6,14.5,95.6
2010-11-27,23.9,29.2,18.8,15.1,8.8,19.2,4.5,2.5,4.7,126.7
2010-12-04,11.7,5.1,30.4,33.3,15.6,17.3,2.8,3.5,8.2,127.9
2010-12-04,4.3,6.0,17.8,2.4,13.8,12.2,4.2,4.3,20.4,85.4
2010-12-04,4.3,19.6,5.7,10.4,6.0,15.6,20.5,4.7,17.3,104.1
2010-12-04,31.4,4.3,7.5,3.9,15.1,4.6,3.6,6.3,5.9,82.6
2010-12-04,26.6,8.3,5.7,3.4,6.3,20.5,29.3,24.6,2.6,127.3
2010-12-04,22.9,48.1,3.8,15.8,13.8,3.6,4.0,7.3,23.8,143.1
2010-12-04,6.4,13.5,8.8,5.4,21.1,3.1,8.2,7.3,2.8,76.6
2010-12-04,9.5,6.0,2.6,17.8,21.1,20.4,6.1,4.7,6.7,94.9
2010-12-04,26.6,13.5,21.3,47.2,3.5,3.4,6.0,24.6,3.8,149.9
2010-12-04,26.6,4.6,8.8,3.6,12.2,13.9,21.1,2.7,3.2,96.7
2011-01-01,4.8,5.2,13.9,3.8,4.7,4.3,16.0,3.8,17.5,74.0
2011-01-01,8.8,9.2,9.3,17.2,10.7,4.2,6.0,6.0,3.3,74.7
2011-01-01,8.8,31.2,3.6,5.6,17.7,18.9,6.9,6.2,2.3,101.2
2011-01-01,13.7,13.3,20.6,2.7,7.5,17.7,6.9,6.0,37.0,125.4
2011-01-01,31.2,9.2,12.4,9.3,7.5,37.0,8.9,4.0,11.4,130.9
2011-01-01,31.2,8.8,22.2,2.4,12.1,3.7,4.2,4.0,15.3,103.9
2011-01-01,31.2,8.8,22.2,28.5,3.2,11.4,4.8,3.8,6.3,120.2
2011-01-01,13.7,8.8,6.1,20.6,31.4,10.3,12.3,6.2,3.8,113.2
2011-01-01,4.8,23.1,3.1,3.8,12.9,3.3,20.3,6.2,17.7,95.2
2011-01-01,8.8,21.6,20.6,17.2,10.3,4.3,11.4,9.5,10.2,113.9
2011-09-01,18.6,16.7,17.6,3.2,31.2,39.0,3.2,2.4,12.1,144.0
2011-09-01,21.2,14.8,2.3,2.5,7.4,3.7,11.4,4.7,27.1,95.1
2011-09-01,24.2,11.1,2.2,10.5,11.4,12.1,4.6,2.4,7.8,86.3
2011-09-01,11.9,18.6,17.4,3.5,31.2,17.0,5.1,3.9,12.8,121.4
2011-09-01,10.5,16.7,4.5,10.0,4.7,9.6,14.9,5.9,14.9,91.7
2011-09-01,14.8,10.5,24.7,37.6,3.3,5.1,3.7,7.3,3.2,110.2
2011-09-01,11.9,15.2,37.6,39.0,6.7,11.4,3.1,2.4,2.1,129.4
2011-09-01,9.8,11.9,15.4,2.3,12.1,9.3,12.2,5.9,4.5,83.4
2011-09-01,15.2,20.0,2.5,35.7,5.3,8.5,6.3,6.2,7.3,107.0
2011-09-01,26.2,12.8,9.4,3.4,5.3,16.0,11.4,7.3,2.4,94.2
2011-09-03,26.6,21.1,18.8,29.5,4.3,16.2,55.5,5.7,17.2,194.9
2011-09-03,6.8,38.8,3.2,2.6,4.5,11.7,6.0,8.0,4.5,86.1
2011-09-03,6.5,25.1,11.4,16.4,7.8,4.1,10.6,2.4,8.6,92.9
2011-09-03,26.5,8.5,8.9,6.0,12.9,4.6,8.9,10.2,13.7,100.2
2011-09-03,18.7,7.5,12.9,3.9,3.4,19.5,13.8,2.4,8.2,90.3
2011-09-03,26.4,26.6,5.1,11.5,4.2,9.8,11.8,2.3,2.3,100.0
2011-09-03,6.3,32.7,2.6,2.7,4.9,4.4,6.2,5.0,7.3,72.1
2011-09-03,12.9,5.2,5.8,32.6,3.0,8.0,16.2,14.3,3.5,101.5
2011-09-03,10.6,8.5,6.5,16.6,5.4,8.3,19.8,9.4,8.2,93.3
2011-09-03,5.6,26.9,9.3,3.9,4.2,4.1,16.2,5.9,26.1,102.2
2011-09-10,21.9,5.8,10.7,4.1,11.3,10.0,9.2,2.1,8.4,83.5
2011-09-10,17.9,21.8,11.4,11.0,24.0,6.4,9.6,13.0,28.4,143.5
2011-09-10,7.3,4.3,3.1,6.1,5.6,5.5,28.5,2.4,6.6,69.4
2011-09-10,7.3,30.7,6.1,33.9,6.9,9.8,13.5,9.1,14.5,131.8
2011-09-10,9.3,8.2,15.1,3.0,5.5,2.8,5.2,6.1,4.3,59.5
2011-09-10,17.6,9.3,13.2,17.5,17.1,25.9,5.2,3.0,7.1,115.9
2011-09-10,21.8,9.3,3.7,8.1,20.4,4.8,3.3,9.5,2.6,83.5
2011-09-10,17.3,8.5,15.0,12.1,5.1,3.6,4.3,13.6,7.7,87.2
2011-09-10,7.6,23.3,20.4,33.9,7.9,7.2,10.9,2.1,32.9,146.2
2011-09-10,8.7,27.0,13.9,6.3,24.8,11.4,2.8,7.5,26.8,129.2
2011-09-17,5.5,13.1,29.2,3.7,20.5,7.9,26.2,31.7,10.5,148.3
2011-09-17,11.3,16.0,16.5,4.2,19.9,3.8,11.5,11.9,7.4,102.5
2011-09-17,21.0,6.4,3.4,2.8,5.8,28.3,7.2,18.1,24.0,117.0
2011-09-17,6.5,11.8,8.1,3.9,10.7,12.1,10.6,15.2,4.3,83.2
2011-09-17,8.1,4.6,3.9,2.0,16.4,4.4,6.2,6.2,2.1,53.9
2011-09-17,21.0,14.8,7.6,2.1,17.2,25.3,3.9,2.4,10.1,104.4
2011-09-17,14.9,12.6,17.1,17.4,28.7,22.8,4.6,7.1,9.5,134.7
2011-09-17,15.1,21.9,18.7,16.2,2.9,20.5,23.4,5.6,6.1,130.4
2011-09-17,16.1,35.9,11.8,4.2,6.7,5.7,3.3,2.6,18.1,104.4
2011-09-17,4.2,15.2,3.2,11.1,32.6,3.9,5.6,14.1,2.9,92.8
2011-09-24,25.9,23.8,19.1,2.1,5.1,8.9,3.5,4.2,9.6,102.2
2011-09-24,28.6,11.5,13.7,5.8,17.2,3.4,9.5,7.6,24.5,121.8
2011-09-24,17.4,16.0,33.1,30.8,5.5,3.5,4.7,8.8,6.9,126.7
2011-09-24,11.2,12.3,2.1,19.0,22.3,9.3,11.0,7.1,3.5,97.8
2011-09-24,36.7,20.0,3.1,2.3,8.4,15.6,30.8,2.5,5.7,125.1
2011-09-24,8.1,26.6,5.0,11.2,10.0,13.1,26.6,16.7,4.2,121.5
2011-09-24,38.1,29.7,7.6,7.7,17.4,25.1,39.5,7.1,9.9,182.1
2011-09-24,12.6,9.7,7.0,3.9,24.6,6.2,4.3,14.2,10.6,93.1
2011-09-24,6.4,11.2,14.4,24.5,6.5,6.1,6.2,10.2,4.2,89.7
2011-09-24,11.3,11.2,25.6,4.6,8.9,19.2,7.3,4.4,8.1,100.6
2011-10-01,6.7,13.4,3.2,3.3,9.4,3.7,16.7,2.3,3.2,61.9
2011-10-01,14.5,39.0,2.1,5.4,16.7,9.4,9.5,8.2,9.4,114.2
2011-10-01,12.5,46.9,4.8,2.0,23.3,10.0,3.7,2.8,13.6,119.6
2011-10-01,6.1,17.3,18.0,2.2,3.4,3.1,28.0,13.6,4.8,96.5
2011-10-01,4.6,25.8,26.8,2.4,11.1,15.4,4.4,3.6,7.2,101.3
2011-10-01,40.1,14.7,8.1,2.9,18.4,6.8,52.6,11.1,18.2,172.9
2011-10-01,14.6,9.1,25.9,6.9,9.6,10.4,4.1,5.3,7.5,93.4
2011-10-01,39.0,34.4,3.2,7.5,4.0,10.3,18.9,4.1,26.6,148.0
2011-10-01,17.0,7.7,7.3,3.1,6.4,18.2,3.8,2.8,8.5,74.8
2011-10-01,9.6,20.6,13.4,21.3,36.6,25.2,10.3,13.6,7.5,158.1
2011-10-08,10.6,11.2,20.3,10.2,3.3,6.3,9.1,4.7,8.0,83.7
2011-10-08,31.4,21.0,3.8,15.8,5.5,10.6,4.0,22.1,11.6,125.8
2011-10-08,33.8,7.0,18.9,15.6,8.0,30.1,2.8,5.1,2.8,124.1
2011-10-08,26.0,29.6,20.4,3.0,43.6,3.1,19.9,11.8,5.0,162.4
2011-10-08,25.0,17.0,7.1,4.0,4.1,11.0,6.1,3.6,15.3,93.2
2011-10-08,41.5,11.2,3.0,8.2,7.3,6.7,25.6,2.4,7.0,112.9
2011-10-08,4.9,7.0,27.5,4.7,20.1,4.7,8.4,2.9,4.0,84.2
2011-10-08,8.9,17.6,6.5,3.8,13.7,4.2,7.3,4.3,17.5,83.8
2011-10-08,7.4,9.2,12.5,8.5,4.0,4.9,12.1,8.8,15.6,83.0
2011-10-08,14.5,7.0,6.0,21.3,39.8,6.3,9.3,23.1,26.5,153.8
2011-10-15,6.4,6.1,50.3,30.2,10.2,6.7,18.2,2.3,22.1,152.5
2011-10-15,7.1,21.0,5.1,8.1,15.7,7.3,5.0,7.3,2.8,79.4
2011-10-15,17.8,32.7,5.1,36.2,6.1,9.7,3.0,7.3,4.2,122.1
2011-10-15,31.0,8.6,25.1,3.9,16.6,5.4,6.6,7.3,3.6,108.1
2011-10-15,9.9,8.1,20.7,4.1,3.8,5.6,6.1,5.7,7.7,71.7
2011-10-15,31.4,32.7,4.8,9.7,4.3,5.2,12.5,3.1,13.7,117.4
2011-10-15,13.6,27.4,3.4,20.7,14.0,3.0,3.4,3.3,6.7,95.5
2011-10-15,9.9,9.9,3.5,14.7,14.0,9.8,6.2,5.0,2.1,75.1
2011-10-15,11.3,31.0,15.7,13.3,13.4,23.4,18.1,2.3,11.9,140.4
2011-10-15,17.6,27.7,15.7,2.6,3.2,5.4,11.9,2.8,4.6,91.5
2011-10-22,14.6,16.3,9.3,6.2,30.5,9.7,33.7,8.7,3.4,132.4
2011-10-22,7.0,29.7,8.3,33.1,12.2,10.5,13.2,4.6,13.4,132.0
2011-10-22,20.2,20.3,2.5,18.6,17.2,7.9,4.0,8.6,8.4,107.7
2011-10-22,20.2,14.6,4.7,3.2,5.4,13.4,5.2,5.4,3.6,75.7
2011-10-22,23.9,20.3,5.1,19.6,12.2,12.6,23.9,3.3,8.0,128.9
2011-10-22,20.9,12.8,6.6,20.3,4.6,21.2,12.6,8.8,7.1,114.9
2011-10-22,8.9,18.5,10.1,26.7,12.2,7.5,16.0,9.0,3.2,112.1
2011-10-22,7.9,30.5,9.3,10.7,3.0,7.0,12.9,5.3,26.2,112.8
2011-10-22,14.9,12.8,30.6,18.5,17.5,20.7,4.6,5.8,3.3,128.7
2011-10-22,11.1,12.8,24.5,2.4,18.5,3.0,3.8,2.8,5.8,84.7
2011-10-29,20.4,33.8,3.0,7.7,13.6,19.8,4.0,2.8,11.3,116.4
2011-10-29,5.2,21.0,64.4,7.6,10.1,3.2,6.8,17.7,9.1,145.1
2011-10-29,36.8,41.2,5.5,7.6,10.6,12.9,7.2,5.2,37.0,164.0
2011-10-29,5.2,18.0,3.8,3.2,33.8,3.5,6.5,11.7,3.3,89.0
2011-10-29,19.8,20.7,3.4,29.0,21.6,22.8,4.3,2.7,21.3,145.6
2011-10-29,16.0,19.8,28.9,18.6,3.8,11.3,8.1,2.2,12.8,121.5
2011-10-29,18.0,33.8,8.8,11.6,11.2,3.5,24.0,9.3,5.2,125.4
2011-10-29,30.9,16.0,2.3,7.6,10.1,2.9,7.8,2.8,4.2,84.6
2011-10-29,25.1,16.8,5.3,3.4,4.8,11.2,12.5,3.6,2.1,84.8
2011-10-29,26.5,13.0,2.3,32.4,5.0,6.8,10.0,2.6,15.5,114.1
2011-11-05,5.2,12.6,7.2,5.3,4.0,17.3,19.2,17.0,13.6,101.4
2011-11-05,37.1,11.9,4.4,33.4,29.5,10.1,7.7,3.2,8.5,145.8
2011-11-05,21.5,18.5,24.3,3.7,11.2,27.7,13.1,6.6,16.5,143.1
2011-11-05,9.4,15.9,7.1,2.4,18.7,4.9,15.6,2.1,8.3,84.4
2011-11-05,11.6,10.5,3.6,3.2,5.2,19.4,8.2,2.6,4.0,68.3
2011-11-05,22.5,4.9,14.0,30.3,4.0,9.8,3.9,10.6,14.8,114.8
2011-11-05,19.1,33.0,23.5,18.5,7.8,14.4,4.2,8.9,6.9,136.3
2011-11-05,23.4,22.0,13.6,11.4,11.0,9.6,11.9,3.4,2.9,109.2
2011-11-05,24.9,12.8,16.5,9.1,5.5,9.3,14.0,2.3,22.1,116.5
2011-11-05,15.7,28.9,3.9,14.9,6.6,4.7,10.1,18.4,5.9,109.1
2011-11-12,7.9,30.3,17.1,19.5,19.1,13.9,16.7,2.1,3.4,130.0
2011-11-12,19.9,6.4,13.9,32.3,6.9,21.3,51.9,20.7,6.7,180.0
2011-11-12,22.5,10.6,3.2,12.4,28.1,7.1,21.0,4.4,8.7,118.0
2011-11-12,22.5,43.8,5.7,8.5,3.8,33.0,10.0,11.2,15.5,154.0
2011-11-12,23.0,20.3,5.0,2.5,14.8,16.2,18.6,7.3,9.2,116.9
2011-11-12,30.3,16.7,2.1,22.7,8.2,8.9,25.2,4.3,18.3,136.7
2011-11-12,6.1,12.6,7.1,29.6,3.3,7.2,3.4,6.5,13.9,89.7
2011-11-12,30.8,32.0,4.2,3.7,14.5,18.9,3.1,22.3,18.1,147.6
2011-11-12,5.4,19.9,5.2,2.4,3.0,31.7,26.4,9.6,13.7,117.3
2011-11-12,10.3,21.4,4.6,7.2,4.4,6.2,6.6,3.7,4.8,69.2
2011-11-19,22.9,22.0,14.7,4.9,5.8,5.3,8.8,7.9,33.2,125.5
2011-11-19,30.0,28.3,8.6,4.0,19.4,33.3,5.2,8.3,9.2,146.3
2011-11-19,28.3,13.7,4.0,22.6,2.9,8.4,9.9,21.8,5.3,116.9
2011-11-19,28.9,7.4,5.7,7.8,25.2,6.3,5.4,2.2,3.4,92.3
2011-11-19,8.6,32.2,9.8,16.1,8.7,14.8,5.3,5.3,23.8,124.6
2011-11-19,22.9,11.8,15.6,3.3,19.9,5.8,10.9,10.5,6.2,106.9
2011-11-19,17.4,9.4,4.0,16.7,36.6,7.3,2.9,22.0,3.2,119.5
2011-11-19,8.5,29.3,2.3,5.7,23.6,4.7,13.5,9.3,8.6,105.5
2011-11-19,30.8,29.0,2.3,34.0,15.0,11.5,2.9,7.1,16.7,149.3
2011-11-19,13.7,17.2,10.6,3.5,3.5,8.5,2.9,10.5,14.0,84.4
2011-11-25,12.5,46.1,16.0,11.0,53.1,9.2,3.3,3.5,6.5,161.2
2011-11-25,20.0,7.3,20.6,2.3,6.1,2.9,19.2,2.4,11.1,91.9
2011-11-25,4.6,8.9,11.1,23.5,3.7,5.0,13.6,2.2,3.7,76.3
2011-11-25,15.9,7.3,14.1,2.5,10.0,22.9,8.3,2.9,3.0,86.9
2011-11-25,46.1,9.6,5.2,17.2,6.9,5.7,39.5,3.2,13.7,147.1
2011-11-25,23.5,40.2,31.2,2.2,7.2,9.4,31.4,2.2,6.9,154.2
2011-11-25,40.2,15.9,7.4,8.0,5.6,4.0,14.3,4.8,26.6,126.8
2011-11-25,14.5,15.6,5.2,3.4,25.4,5.1,5.7,7.3,39.5,121.7
2011-11-25,46.1,4.6,21.6,7.4,6.5,7.8,9.4,9.5,11.1,124.0
2011-11-25,21.6,13.4,9.6,5.2,13.7,16.0,9.4,3.0,7.8,99.7
2011-11-26,39.1,5.8,12.8,3.3,13.2,36.9,6.7,10.6,3.2,131.6
2011-11-26,14.6,12.2,13.6,4.3,8.3,9.0,21.9,14.4,2.1,100.4
2011-11-26,17.3,7.2,25.2,37.6,3.3,11.6,30.0,14.5,3.5,150.2
2011-11-26,37.6,7.2,7.5,15.1,3.2,5.5,5.2,8.7,5.1,95.1
2011-11-26,9.3,14.7,3.1,3.1,5.2,4.3,3.6,20.6,3.3,67.2
2011-11-26,6.2,8.7,8.2,7.4,21.8,12.6,16.1,10.2,12.3,103.5
2011-11-26,15.9,39.1,31.8,2.4,18.9,23.7,3.1,13.2,6.9,155.0
2011-11-26,24.4,25.0,3.0,5.7,11.2,16.3,23.2,9.5,3.2,121.5
2011-11-26,16.5,19.0,21.4,2.5,4.5,3.3,2.9,4.7,23.9,98.7
2011-11-26,24.2,18.7,8.2,21.7,12.5,3.6,13.2,5.7,28.5,136.3
2011-12-03,14.3,21.6,12.2,3.3,7.1,8.8,13.3,4.3,18.8,103.7
2011-12-03,19.7,8.8,9.1,24.2,40.6,19.5,16.7,4.6,42.3,185.5
2011-12-03,8.7,20.6,23.7,8.0,21.5,19.1,13.0,2.2,4.2,121.0
2011-12-03,11.8,4.8,37.2,4.7,30.9,3.5,9.8,3.7,9.0,115.4
2011-12-03,11.8,21.5,2.9,2.2,19.0,3.5,6.0,4.2,3.2,74.3
2011-12-03,22.6,6.0,12.2,3.5,4.1,4.6,18.8,3.4,9.0,84.2
2011-12-03,22.6,8.0,25.7,18.9,3.1,2.8,7.8,21.5,4.3,114.7
2011-12-03,11.7,22.5,2.1,6.7,3.9,23.4,4.4,4.7,6.3,85.7
2011-12-03,22.5,29.2,14.0,12.5,10.9,44.1,11.3,3.2,6.1,153.8
2011-12-03,26.7,8.8,9.1,15.8,7.1,19.6,8.1,4.6,3.7,103.5
2012-01-02,21.6,11.3,3.5,11.9,3.4,22.9,52.8,13.8,13.6,154.8
2012-01-02,35.3,16.5,3.0,3.0,15.3,3.9,6.0,2.2,16.2,101.4
2012-01-02,35.3,11.3,3.0,3.5,6.9,3.3,52.8,13.8,10.7,140.6
2012-01-02,16.5,11.3,11.3,34.5,22.9,15.7,11.8,2.7,13.4,140.1
2012-01-02,27.4,37.3,3.5,3.0,47.8,35.8,28.0,3.2,3.1,189.1
2012-01-02,14.9,23.6,37.8,3.0,12.5,12.2,9.0,3.5,3.0,119.5
2012-01-02,23.6,26.6,25.7,13.2,15.3,7.4,13.4,2.8,3.0,131.0
2012-01-02,35.3,27.4,3.5,22.0,35.8,3.0,9.0,2.8,6.7,145.5
2012-01-02,26.6,14.9,6.7,11.3,28.0,6.0,35.8,21.5,3.5,154.3
2012-01-02,26.6,16.5,11.9,5.3,38.8,3.3,3.9,13.8,22.0,142.1
2012-08-30,7.3,16.1,16.5,35.3,17.4,3.2,4.6,7.2,4.5,112.1
2012-08-30,5.2,27.9,7.5,3.3,3.7,4.7,4.4,3.4,7.1,67.2
2012-08-30,10.8,29.4,6.3,4.4,10.7,4.5,15.4,3.0,2.9,87.4
2012-08-30,29.4,5.4,2.6,5.2,10.4,4.2,17.3,3.4,4.3,82.2
2012-08-30,18.2,16.1,5.3,27.7,4.1,7.4,5.4,2.6,4.7,91.5
2012-08-30,15.9,4.3,31.7,2.2,18.1,25.4,10.2,2.6,4.1,114.5
2012-08-30,15.7,27.9,3.3,24.2,2.8,4.1,3.8,8.5,11.3,101.6
2012-08-30,27.9,7.2,7.1,7.5,4.5,16.1,3.8,4.3,4.7,83.1
2012-08-30,14.6,21.0,4.4,6.3,18.1,12.9,8.1,3.0,3.1,91.5
2012-08-30,4.5,7.2,9.2,19.2,10.2,4.8,3.9,4.3,17.5,80.8
2012-09-01,20.3,20.2,21.7,10.8,4.4,8.8,4.1,2.2,8.3,100.8
2012-09-01,15.0,12.0,27.3,3.9,12.7,34.4,6.0,2.1,11.0,124.4
2012-09-01,14.9,23.4,7.1,10.8,16.2,3.5,20.0,3.0,3.0,101.9
2012-09-01,12.5,13.1,7.1,3.2,20.0,4.8,8.0,9.5,5.5,83.7
2012-09-01,13.1,6.3,3.8,2.7,9.9,6.4,9.8,14.1,3.2,69.3
2012-09-01,12.0,41.4,3.5,3.6,3.3,12.1,5.8,12.2,6.1,100.0
2012-09-01,8.6,5.7,5.0,14.3,6.9,5.9,7.3,2.2,29.1,85.0
2012-09-01,23.9,13.7,16.7,6.0,3.5,7.1,3.8,9.5,32.6,116.8
2012-09-01,15.5,15.8,25.8,19.4,5.9,5.9,13.3,3.3,10.0,114.9
2012-09-01,19.2,8.1,33.9,9.3,12.3,11.6,5.3,8.8,13.3,121.8
2012-09-08,28.8,10.3,6.4,16.0,8.5,13.6,8.4,2.5,7.2,101.7
2012-09-08,9.3,14.3,10.5,4.0,5.8,2.9,4.7,3.5,2.2,57.2
2012-09-08,19.5,18.3,6.6,7.2,41.4,22.1,19.8,13.3,38.0,186.2
2012-09-08,11.8,14.2,15.6,2.3,7.6,3.1,3.4,6.4,11.2,75.6
2012-09-08,8.7,6.9,13.0,3.3,24.0,3.7,4.5,14.5,16.5,95.1
2012-09-08,12.4,17.7,12.2,12.5,15.0,16.6,46.1,6.0,39.6,178.1
2012-09-08,34.2,5.6,6.8,14.3,10.5,5.6,8.5,8.3,10.4,104.2
2012-09-08,20.9,25.9,12.5,9.2,4.2,9.4,14.1,19.9,21.4,137.5
2012-09-08,17.5,20.5,3.7,2.6,4.3,4.8,5.7,5.6,4.2,68.9
2012-09-08,8.9,16.0,14.9,8.5,3.0,16.4,3.3,3.3,11.2,85.5
2012-09-15,28.6,8.4,3.6,36.1,14.9,9.4,5.8,5.7,20.6,133.1
2012-09-15,9.7,30.7,2.3,12.1,5.1,7.5,11.2,7.9,4.6,91.1
2012-09-15,6.0,8.4,15.2,2.3,14.8,3.6,3.2,7.2,6.8,67.5
2012-09-15,12.5,12.4,4.1,3.0,3.2,6.7,6.5,14.5,3.1,66.0
2012-09-15,18.0,19.2,11.8,3.8,21.3,10.1,3.7,3.5,7.2,98.6
2012-09-15,42.2,21.1,5.7,36.1,16.4,5.7,3.4,6.2,3.5,140.3
2012-09-15,42.2,31.8,10.6,3.7,11.6,16.3,10.9,4.9,22.2,154.2
2012-09-15,8.6,6.0,26.4,25.5,17.6,13.3,25.7,3.6,7.8,134.5
2012-09-15,4.8,25.2,7.9,5.2,4.2,11.6,4.0,5.9,10.2,79.0
2012-09-15,5.2,21.3,10.5,5.2,9.8,3.2,4.5,4.1,7.6,71.4
2012-09-22,20.6,13.0,13.4,5.1,3.9,7.5,8.5,2.3,9.4,83.7
2012-09-22,8.2,51.9,11.6,15.4,7.5,2.8,10.8,7.7,34.4,150.3
2012-09-22,25.4,7.6,4.4,19.4,15.9,3.6,13.2,21.8,4.3,115.6
2012-09-22,28.3,29.9,21.9,8.2,3.9,19.2,19.8,2.8,18.2,152.2
2012-09-22,8.5,19.9,10.8,28.8,27.3,16.1,8.5,12.4,4.3,136.6
2012-09-22,14.9,7.6,8.2,17.2,6.7,20.0,4.3,4.9,21.2,105.0
2012-09-22,25.4,8.4,16.0,3.1,21.9,7.4,7.6,5.2,2.0,97.0
2012-09-22,10.4,5.6,3.6,9.4,6.9,3.3,21.6,3.0,9.8,73.6
2012-09-22,16.5,25.3,6.7,16.6,11.6,18.0,10.5,30.5,19.1,154.8
2012-09-22,20.4,5.1,16.8,3.1,10.5,5.1,2.9,9.4,7.2,80.5
2012-09-29,34.3,24.9,40.7,32.9,9.7,4.0,13.7,2.9,9.3,172.4
2012-09-29,19.0,24.4,12.0,22.2,2.9,9.3,4.1,7.1,5.2,106.2
2012-09-29,50.6,14.9,3.6,5.2,10.2,3.2,30.6,4.9,10.6,133.8
2012-09-29,23.3,64.3,2.9,12.2,28.5,4.0,30.0,3.1,11.1,179.4
2012-09-29,10.1,15.7,8.7,19.9,24.9,10.0,4.1,4.6,6.7,104.7
2012-09-29,7.2,27.3,3.3,6.3,3.5,13.7,4.5,8.5,6.9,81.2
2012-09-29,5.0,11.9,2.2,5.2,42.0,4.5,8.9,10.6,5.2,95.5
2012-09-29,30.7,17.1,14.3,2.9,3.7,4.7,28.4,10.0,4.2,116.0
2012-09-29,14.3,16.8,2.9,6.7,2.9,6.0,17.1,18.0,7.0,91.7
2012-09-29,67.3,5.2,3.3,2.2,19.1,4.1,4.3,2.9,5.2,113.6
2012-10-06,26.8,21.3,3.0,16.3,9.3,9.0,21.9,8.5,24.2,140.3
2012-10-06,12.8,32.7,30.6,15.2,13.3,11.7,3.4,2.5,17.9,140.1
2012-10-06,12.5,10.2,46.1,3.4,13.1,6.9,9.0,2.1,8.1,111.4
2012-10-06,16.6,21.4,3.7,29.6,16.6,3.9,7.2,8.4,31.3,138.7
2012-10-06,13.1,5.3,18.4,14.1,25.0,29.5,3.5,2.4,18.4,129.7
2012-10-06,17.5,14.8,19.3,16.6,6.7,3.6,15.6,3.6,5.6,103.3
2012-10-06,10.4,6.7,20.9,28.0,2.9,9.0,12.8,9.9,10.5,111.1
2012-10-06,30.5,19.5,28.0,8.9,15.6,24.9,21.3,8.3,2.4,159.4
2012-10-06,22.6,53.5,7.9,5.4,21.5,6.0,6.5,7.7,2.5,133.6
2012-10-06,32.2,11.5,5.1,24.4,5.3,23.8,5.4,3.8,5.7,117.2
2012-10-13,7.7,24.5,16.7,2.2,4.3,19.3,13.8,16.2,4.1,108.8
2012-10-13,39.3,6.7,7.3,2.7,4.7,15.8,3.3,31.0,8.7,119.5
2012-10-13,9.8,13.3,23.5,23.5,6.8,5.1,4.7,12.2,9.1,108.0
2012-10-13,21.9,22.9,29.4,11.7,7.5,5.1,15.7,2.6,2.1,118.9
2012-10-13,43.5,8.7,21.9,15.2,5.2,9.7,6.4,9.7,2.9,123.2
2012-10-13,12.3,22.8,6.0,8.6,31.1,9.5,18.3,5.5,7.0,121.1
2012-10-13,9.8,5.4,21.9,2.9,12.9,7.3,12.0,6.8,3.4,82.4
2012-10-13,21.8,45.2,13.4,23.1,4.2,18.1,4.8,7.8,26.2,164.6
2012-10-13,23.2,12.6,15.8,3.6,34.4,13.8,6.1,5.1,10.1,124.7
2012-10-13,12.6,8.8,4.1,4.0,13.8,13.1,2.9,9.5,11.2,80.0
2012-10-20,13.5,10.8,6.6,6.3,11.3,3.2,10.2,2.2,15.9,80.0
2012-10-20,5.8,19.2,38.5,7.1,3.5,12.6,3.0,3.3,7.4,100.4
2012-10-20,34.8,13.7,9.8,3.6,12.2,6.4,3.3,7.2,8.1,99.1
2012-10-20,11.5,29.2,12.6,10.9,4.5,6.0,8.7,15.2,7.6,106.2
2012-10-20,17.9,25.5,11.4,10.1,5.3,13.6,6.5,2.2,2.9,95.4
2012-10-20,6.2,31.9,18.4,14.6,6.0,10.6,8.0,14.5,7.1,117.3
2012-10-20,56.0,31.9,2.7,2.7,3.7,4.0,4.9,4.8,10.8,121.5
2012-10-20,11.5,21.7,7.1,12.7,6.4,6.6,13.6,9.6,9.1,98.3
2012-10-20,32.2,5.4,4.6,4.7,5.3,7.3,9.9,3.6,18.5,91.5
2012-10-20,41.2,31.9,18.1,8.4,13.2,10.5,3.2,8.5,6.4,141.4
2012-10-27,16.9,35.1,2.8,11.2,10.6,14.9,11.8,2.6,4.2,110.1
2012-10-27,37.2,10.4,48.1,18.5,7.1,4.8,11.7,25.8,19.5,183.1
2012-10-27,27.0,20.0,7.1,9.2,11.3,5.1,43.8,4.1,13.9,141.5
2012-10-27,18.9,20.7,17.1,10.5,16.1,3.6,37.7,14.5,5.4,144.5
2012-10-27,15.6,4.5,10.0,22.3,12.3,16.1,18.5,4.2,35.2,138.7
2012-10-27,24.0,4.4,21.4,6.1,11.6,6.7,15.3,11.9,35.7,137.1
2012-10-27,31.6,28.7,5.6,8.1,9.0,29.0,3.9,16.6,2.1,134.6
2012-10-27,20.0,10.3,4.2,2.8,4.1,48.8,8.8,4.6,34.4,138.0
2012-10-27,33.1,7.4,16.0,22.8,18.0,15.6,8.6,11.1,3.6,136.2
2012-10-27,4.6,17.6,27.7,20.7,6.2,13.5,43.8,2.8,7.0,143.9
2012-11-03,36.0,10.0,8.5,3.4,7.0,8.7,7.8,3.5,8.9,93.8
2012-11-03,29.5,19.0,3.7,7.5,16.7,31.2,5.9,7.8,9.6,130.9
2012-11-03,7.8,29.5,11.0,5.8,19.3,27.2,9.2,5.7,18.3,133.8
2012-11-03,15.2,6.1,11.9,17.6,6.0,7.3,3.1,25.1,27.9,120.2
2012-11-03,36.5,33.2,9.0,14.6,6.3,22.1,3.4,3.6,3.0,131.7
2012-11-03,33.7,14.3,2.4,2.7,10.2,10.8,13.2,2.5,33.4,123.2
2012-11-03,11.7,7.6,8.3,7.5,7.8,4.2,28.6,3.7,5.8,85.2
2012-11-03,8.7,10.9,23.6,9.7,13.0,14.3,7.5,9.9,7.0,104.6
2012-11-03,12.9,30.3,5.4,31.8,4.6,16.9,4.4,6.4,10.5,123.2
2012-11-03,15.6,13.0,20.5,2.2,6.0,8.8,20.1,7.3,6.4,99.9
2012-11-10,6.7,7.6,10.4,36.8,33.0,3.0,32.0,2.9,10.0,142.4
2012-11-10,13.6,27.2,5.5,15.1,3.3,16.1,3.9,12.6,3.1,100.4
2012-11-10,5.5,26.1,4.4,2.9,28.4,16.1,17.4,14.2,5.1,120.1
2012-11-10,5.5,32.1,5.3,3.2,17.7,5.5,9.6,3.5,4.5,86.9
2012-11-10,17.1,27.3,2.9,11.1,9.5,13.2,3.5,9.6,22.6,116.8
2012-11-10,4.1,12.5,22.6,12.8,2.9,5.4,10.4,9.3,4.3,84.3
2012-11-10,5.9,12.2,40.8,13.0,14.6,3.4,26.8,12.0,24.2,152.9
2012-11-10,36.2,27.7,6.1,6.1,6.5,7.0,4.6,10.6,3.5,108.3
2012-11-10,31.5,14.5,10.2,12.1,13.0,24.7,3.8,7.8,8.0,125.6
2012-11-10,7.6,7.1,7.9,2.4,26.8,9.5,3.3,10.4,9.2,84.2
2012-11-17,22.0,5.0,2.8,4.2,7.6,13.3,20.2,14.4,3.2,92.7
2012-11-17,26.2,26.6,13.2,4.7,10.6,5.3,6.9,4.5,8.1,106.1
2012-11-17,19.2,24.3,7.8,7.6,9.6,4.0,6.1,20.3,29.6,128.5
2012-11-17,24.3,4.1,2.2,4.5,9.3,61.6,29.2,2.1,9.4,146.7
2012-11-17,10.7,5.5,2.9,31.6,4.0,11.3,9.4,9.3,15.9,100.6
2012-11-17,9.4,14.5,10.0,6.8,5.7,9.0,4.0,2.1,6.8,68.3
2012-11-17,5.9,23.4,19.1,8.8,11.1,5.1,9.6,6.8,15.5,105.3
2012-11-17,11.1,20.9,3.6,34.7,13.0,11.1,10.7,19.1,3.6,127.8
2012-11-17,11.1,15.9,15.5,8.3,16.3,14.2,28.4,21.7,4.0,135.4
2012-11-17,23.4,69.3,9.1,9.1,20.2,8.1,51.4,2.6,7.1,200.3
2012-11-23,14.8,21.9,7.6,18.5,3.7,7.1,25.8,5.1,3.3,107.8
2012-11-23,11.8,6.1,2.9,38.2,4.2,12.5,8.2,7.5,4.0,95.4
2012-11-23,51.0,9.1,38.2,29.4,10.7,6.6,5.2,6.4,8.6,165.2
2012-11-23,16.8,21.9,2.2,14.5,7.5,15.5,13.4,11.6,4.3,107.7
2012-11-23,4.6,21.9,50.6,8.4,3.9,5.5,6.8,18.8,2.1,122.6
2012-11-23,7.5,6.1,19.3,16.7,7.5,11.4,10.3,6.9,2.2,87.9
2012-11-23,20.4,18.9,10.8,22.0,11.5,17.7,20.9,7.5,5.5,135.2
2012-11-23,10.7,16.0,5.1,7.8,7.1,15.2,13.0,2.3,11.5,88.7
2012-11-23,24.4,9.1,13.3,4.6,5.7,11.4,17.6,3.9,10.0,100.0
2012-11-23,21.0,11.2,22.0,3.1,29.3,4.6,29.6,7.9,8.1,136.8
2012-11-24,13.1,24.1,4.8,33.9,8.1,11.4,6.5,4.5,29.2,135.6
2012-11-24,7.9,16.1,13.0,14.1,35.6,6.2,6.3,6.6,28.4,134.2
2012-11-24,11.1,10.4,31.4,8.0,8.8,13.1,11.5,14.7,8.4,117.4
2012-11-24,10.6,9.7,7.2,6.7,3.1,9.8,27.2,16.3,4.4,95.0
2012-11-24,13.0,16.1,6.4,6.7,3.3,4.1,12.7,4.0,5.3,71.6
2012-11-24,33.2,15.8,10.9,4.9,6.8,4.9,3.1,6.6,21.0,107.2
2012-11-24,6.2,16.1,23.5,2.4,3.6,21.2,3.9,7.6,7.1,91.6
2012-11-24,17.2,28.7,34.9,20.5,9.0,3.9,26.8,17.4,3.3,161.7
2012-11-24,10.6,41.9,4.6,37.5,15.2,7.1,3.5,3.3,33.3,157.0
2012-11-24,6.4,24.1,17.5,3.6,8.7,6.2,6.1,16.1,2.0,90.7
2012-12-01,17.2,10.0,23.2,13.6,3.4,9.4,3.6,11.7,3.6,95.7
2012-12-01,35.7,19.6,19.9,4.8,15.5,7.2,5.7,7.3,5.1,120.8
2012-12-01,17.2,30.8,14.7,35.8,8.0,3.9,38.2,3.0,2.5,154.1
2012-12-01,19.9,17.5,3.0,30.6,3.1,5.9,6.1,2.5,24.8,113.4
2012-12-01,14.2,19.9,19.5,6.9,3.1,3.2,8.8,3.3,3.5,82.4
2012-12-01,4.3,23.3,8.2,3.9,14.1,9.4,3.2,9.3,8.4,84.1
2012-12-01,32.0,18.3,34.4,21.4,8.8,16.0,5.7,3.0,9.0,148.6
2012-12-01,12.7,8.3,18.0,35.8,3.5,18.5,10.9,6.7,15.8,130.2
2012-12-01,19.9,32.0,4.8,26.3,3.9,3.2,5.3,10.8,31.7,137.9
2012-12-01,19.9,6.7,18.0,3.0,3.6,5.4,5.1,10.8,3.1,75.6
2013-01-01,38.4,11.2,2.5,10.0,7.4,11.8,30.2,4.7,12.9,129.1
2013-01-01,18.8,16.5,7.4,2.1,4.4,13.3,6.3,8.6,36.9,114.3
2013-01-01,14.7,12.7,10.3,6.6,5.7,11.9,7.4,11.3,5.1,85.7
2013-01-01,11.2,11.3,7.4,36.9,14.3,6.3,8.9,4.7,7.3,108.3
2013-01-01,12.7,14.7,33.1,22.9,7.4,8.9,4.4,4.6,12.7,121.4
2013-01-01,11.3,14.4,16.7,2.9,2.9,3.8,11.2,10.4,4.4,78.0
2013-01-01,12.7,16.5,16.5,9.8,3.1,12.1,5.9,8.9,18.8,104.3
2013-01-01,11.2,16.5,2.8,22.9,11.2,18.8,5.4,12.7,10.0,111.5
2013-01-01,21.8,16.5,2.9,10.2,14.2,4.4,30.6,2.9,11.3,114.8
2013-01-01,12.7,8.4,2.1,7.4,3.1,6.5,5.1,9.1,36.9,91.3
2014-08-28,7.7,4.6,7.6,23.6,10.0,10.9,10.4,11.1,14.0,99.9
2014-08-28,14.6,16.6,9.0,2.6,21.9,31.3,3.7,4.7,21.6,126.0
2014-08-28,7.7,6.1,7.1,16.3,3.3,3.2,4.8,4.7,15.9,69.1
2014-08-28,13.0,31.7,6.0,11.3,30.7,3.3,10.4,4.2,10.8,121.4
2014-08-28,6.1,30.0,23.6,4.5,13.7,11.8,21.6,3.2,6.9,121.4
2014-08-28,5.6,31.7,3.6,8.3,6.9,31.3,15.9,8.1,14.6,126.0
2014-08-28,15.1,14.0,23.6,8.4,19.6,10.9,8.3,8.2,15.7,123.8
2014-08-28,23.3,13.1,3.8,4.5,13.0,7.8,8.3,2.9,10.1,86.8
2014-08-28,14.9,41.7,3.7,11.2,30.9,5.6,12.6,31.3,3.5,155.4
2014-08-28,16.6,11.8,8.4,5.6,7.8,4.8,10.4,2.4,3.7,71.5
2014-08-29,8.7,22.3,2.0,20.1,5.9,3.7,14.3,8.4,3.0,88.4
2014-08-29,6.3,7.1,20.1,11.4,3.4,3.8,32.4,3.5,11.6,99.6
2014-08-29,26.5,49.0,4.8,24.3,3.7,3.3,23.0,2.3,15.2,152.1
2014-08-29,6.3,26.5,35.4,15.1,16.6,31.2,3.8,7.1,3.4,145.4
2014-08-29,7.1,17.5,27.2,3.7,5.4,2.8,5.1,3.2,15.8,87.8
2014-08-29,8.7,49.6,12.6,2.1,4.2,5.4,6.7,3.9,3.7,96.9
2014-08-29,23.5,41.0,21.0,14.5,14.4,7.9,3.7,8.4,15.6,150.0
2014-08-29,49.6,49.0,20.1,11.2,3.4,10.9,8.0,3.2,15.6,171.0
2014-08-29,4.5,49.0,2.1,3.0,8.0,4.2,16.6,6.3,2.7,96.4
2014-08-29,26.5,17.5,3.0,5.7,5.2,7.7,3.6,3.9,2.8,75.9
2014-08-30,26.2,27.6,9.9,28.6,3.0,10.6,11.5,3.8,3.0,124.2
2014-08-30,15.6,25.4,6.6,3.1,6.0,13.4,3.9,11.2,32.0,117.2
2014-08-30,10.4,5.4,14.0,8.1,4.8,5.5,17.5,2.8,6.0,74.5
2014-08-30,25.1,8.7,5.7,4.5,34.3,7.1,28.5,19.5,9.9,143.3
2014-08-30,7.2,14.6,38.8,2.7,2.8,3.6,9.8,13.6,8.7,101.8
2014-08-30,24.0,26.4,3.1,19.8,6.1,5.2,6.6,20.2,10.5,121.9
2014-08-30,25.9,5.3,10.8,2.9,7.3,18.9,3.9,9.5,11.5,96.0
2014-08-30,23.2,27.4,21.9,10.7,17.5,6.1,44.4,2.2,4.3,157.7
2014-08-30,9.0,11.9,8.4,13.5,5.2,3.3,8.9,2.5,11.4,74.1
2014-08-30,15.5,25.8,3.9,9.0,12.5,5.6,15.5,4.6,2.3,94.7
2014-09-06,10.3,7.8,9.7,7.3,7.6,3.0,12.7,2.8,12.7,73.9
2014-09-06,29.8,6.2,14.6,2.6,21.0,12.1,43.5,2.8,2.1,134.7
2014-09-06,7.0,8.9,16.1,10.0,3.8,4.8,9.4,9.4,4.3,73.7
2014-09-06,14.6,10.8,13.6,9.0,9.7,3.2,6.7,3.7,12.7,84.0
2014-09-06,7.5,10.4,36.3,13.0,25.1,4.3,25.1,4.5,6.3,132.5
2014-09-06,20.7,14.6,2.5,7.5,6.1,4.3,6.1,2.3,4.3,68.4
2014-09-06,5.4,9.1,3.7,8.2,7.5,4.3,8.2,2.8,19.0,68.2
2014-09-06,38.1,23.7,2.3,16.2,6.1,23.8,4.6,3.4,3.3,121.5
2014-09-06,12.7,8.4,11.5,8.8,14.6,10.1,7.9,22.7,8.0,104.7
2014-09-06,8.0,17.5,2.6,13.6,17.9,3.3,14.2,3.4,16.3,96.8
2014-09-13,10.8,25.0,43.5,16.9,16.0,12.2,5.9,9.0,7.4,146.7
2014-09-13,15.1,20.9,11.1,2.8,14.7,7.7,9.6,9.0,33.0,123.9
2014-09-13,16.2,15.1,15.3,5.4,8.4,2.8,5.2,15.5,14.4,98.3
2014-09-13,32.2,5.2,3.0,6.4,20.0,3.3,4.5,8.6,13.8,97.0
2014-09-13,5.2,11.2,10.0,10.1,6.6,11.4,13.4,2.8,17.8,88.5
2014-09-13,23.8,27.7,16.2,34.7,5.4,26.9,9.0,6.8,16.6,167.1
2014-09-13,16.9,6.1,8.1,5.3,20.8,14.3,14.1,3.6,4.1,93.3
2014-09-13,13.9,39.1,4.6,2.1,3.9,4.4,11.8,24.9,12.8,117.5
2014-09-13,14.7,10.1,3.2,4.7,11.7,37.2,5.7,3.5,8.6,99.4
2014-09-13,5.0,16.9,9.5,6.6,4.0,15.6,8.9,3.4,5.6,75.5
2014-09-20,6.3,37.7,8.9,20.8,26.3,5.2,14.0,11.1,10.5,140.8
2014-09-20,8.9,15.6,8.5,13.3,36.3,19.0,5.9,2.6,10.8,120.9
2014-09-20,5.8,6.7,9.2,20.3,7.0,10.7,6.8,4.6,5.0,76.1
2014-09-20,11.8,13.6,2.2,3.2,4.7,16.5,10.2,6.7,3.7,72.6
2014-09-20,26.5,7.3,8.5,5.1,36.2,5.1,4.8,4.0,11.0,108.5
2014-09-20,8.9,6.5,5.7,4.7,3.0,3.1,4.0,6.3,3.4,45.6
2014-09-20,5.3,7.2,13.4,2.6,11.8,3.8,3.3,2.4,7.6,57.4
2014-09-20,28.7,7.8,4.9,4.6,10.4,2.8,9.6,3.7,51.2,123.7
2014-09-20,28.7,22.8,18.2,45.2,8.1,3.8,26.4,3.8,12.7,169.7
2014-09-20,14.9,32.7,2.5,14.1,35.0,6.8,23.3,21.0,10.7,161.0
2014-09-27,29.2,23.0,3.4,17.9,3.4,18.9,5.8,7.1,11.7,120.4
2014-09-27,9.7,6.0,51.5,6.2,20.9,11.7,32.8,2.2,15.2,156.2
2014-09-27,4.8,12.7,4.4,17.8,8.0,5.3,6.7,16.5,13.1,89.3
2014-09-27,29.6,9.7,8.8,4.2,3.6,11.6,5.1,2.4,8.3,83.3
2014-09-27,5.2,40.1,26.2,3.1,32.8,9.1,3.7,14.3,13.8,148.3
2014-09-27,23.4,12.7,5.5,12.0,4.1,3.2,3.4,6.4,2.8,73.5
2014-09-27,26.3,45.4,3.9,15.4,15.2,12.7,9.9,5.3,2.2,136.3
2014-09-27,16.1,9.1,13.9,25.9,5.1,12.2,12.4,8.2,5.5,108.4
2014-09-27,34.7,16.2,20.4,4.0,5.6,3.5,7.0,6.8,4.3,102.5
2014-09-27,9.7,36.4,12.2,6.1,12.9,3.0,5.8,7.6,16.0,109.7
2014-10-04,34.1,28.4,6.1,19.1,12.1,3.4,6.2,10.8,2.7,122.9
2014-10-04,22.1,11.0,7.2,9.9,4.6,31.0,31.5,8.2,4.8,130.3
2014-10-04,9.7,25.4,8.3,8.0,5.4,33.4,3.7,5.0,5.3,104.2
2014-10-04,34.1,11.5,4.2,25.2,3.6,41.0,6.8,2.1,22.7,151.2
2014-10-04,20.1,15.4,22.6,7.1,18.1,4.8,13.5,3.0,5.3,109.9
2014-10-04,13.5,10.1,18.0,2.0,18.2,11.8,8.4,9.0,19.2,110.2
2014-10-04,11.8,14.7,9.9,8.3,6.8,20.3,6.6,2.1,3.1,83.6
2014-10-04,29.1,7.2,26.3,4.5,10.2,3.5,51.2,5.0,10.5,147.5
2014-10-04,32.6,36.9,4.0,4.7,4.8,3.9,18.2,4.5,6.3,115.9
2014-10-04,20.7,36.5,15.0,17.2,5.0,8.2,4.9,2.5,3.1,113.1
2014-10-11,7.4,6.0,21.8,48.3,8.8,12.5,5.1,6.1,5.3,121.3
2014-10-11,10.0,22.5,4.0,10.0,14.1,19.3,7.8,13.8,2.3,103.8
2014-10-11,28.4,28.6,17.2,12.7,34.3,4.0,7.8,9.8,9.5,152.3
2014-10-11,19.5,14.7,28.6,13.8,7.5,12.0,6.0,4.9,3.9,110.9
2014-10-11,32.0,30.4,29.0,2.7,9.6,14.4,10.6,11.0,10.8,150.5
2014-10-11,20.6,15.2,19.4,27.1,14.8,8.9,10.8,8.3,9.7,134.8
2014-10-11,10.3,27.4,10.8,8.8,12.6,9.9,3.4,19.4,10.0,112.6
2014-10-11,4.9,5.8,7.9,8.1,16.8,3.6,6.3,9.1,15.5,78.0
2014-10-11,13.7,32.1,26.0,22.7,14.0,6.3,4.0,11.4,5.1,135.3
2014-10-11,9.4,15.2,24.4,2.2,19.6,37.2,12.6,23.7,5.0,149.3
2014-10-18,12.2,13.7,9.2,2.5,23.8,4.1,18.3,3.1,12.9,99.8
2014-10-18,38.6,10.7,22.4,23.9,4.8,3.9,9.3,9.5,24.1,147.2
2014-10-18,15.5,24.4,7.1,7.2,5.8,4.7,11.4,3.4,6.0,85.5
2014-10-18,5.2,10.2,15.3,11.1,2.9,4.4,23.8,7.3,2.5,82.7
2014-10-18,8.6,21.1,7.5,16.4,6.0,18.0,7.6,14.0,14.0,113.2
2014-10-18,22.4,28.1,2.5,12.8,10.8,6.6,3.5,20.5,2.5,109.7
2014-10-18,22.0,20.5,7.5,8.5,36.2,6.7,4.0,15.4,25.8,146.6
2014-10-18,13.5,11.8,24.1,27.8,20.6,19.0,5.9,7.5,21.0,151.2
2014-10-18,29.0,24.2,2.8,4.4,4.8,8.1,25.2,3.7,5.8,108.0
2014-10-18,8.2,19.2,5.1,6.8,6.4,7.8,7.2,6.4,4.4,71.5
2014-10-25,21.0,26.3,2.4,2.0,27.5,14.6,5.4,26.4,3.2,128.8
2014-10-25,4.6,33.4,17.1,25.5,3.5,14.2,45.2,3.2,5.7,152.4
2014-10-25,13.1,15.4,17.4,7.8,11.1,27.8,12.2,4.9,5.7,115.4
2014-10-25,22.4,9.1,3.3,7.3,8.5,6.3,23.5,3.7,7.9,92.0
2014-10-25,25.2,27.0,5.8,9.7,10.2,6.8,5.0,6.2,6.5,102.4
2014-10-25,12.0,4.7,47.7,3.5,7.0,3.8,4.9,14.3,2.4,100.3
2014-10-25,20.5,7.3,32.0,2.0,14.9,13.0,4.9,54.2,8.9,157.7
2014-10-25,15.9,20.5,8.1,2.4,7.4,24.6,6.3,13.1,19.2,117.5
2014-10-25,15.9,15.9,15.0,12.4,5.7,8.5,24.6,7.2,7.8,113.0
2014-10-25,4.6,32.4,3.7,16.2,12.0,6.0,19.6,3.8,6.1,104.4
2014-11-01,6.3,16.0,3.7,23.0,9.8,10.0,3.1,3.4,32.4,107.7
2014-11-01,14.8,18.5,13.0,2.1,12.5,3.2,3.7,10.5,28.8,107.1
2014-11-01,15.8,20.5,12.1,5.6,10.9,11.5,18.6,6.6,26.1,127.7
2014-11-01,37.1,11.1,5.5,19.3,3.7,4.3,19.6,8.0,10.7,119.3
2014-11-01,38.7,9.3,4.3,36.4,11.0,4.5,9.1,3.7,3.2,120.2
2014-11-01,23.8,9.0,10.3,2.1,17.3,3.5,7.2,3.3,10.8,87.3
2014-11-01,15.0,16.2,4.5,17.9,6.0,4.3,6.4,3.5,8.8,82.6
2014-11-01,24.3,6.5,3.1,3.0,13.4,2.8,3.7,4.6,36.4,97.8
2014-11-01,29.2,17.1,32.4,5.1,9.3,14.5,4.0,2.8,31.3,145.7
2014-11-01,7.5,10.7,37.4,21.4,3.4,13.0,9.3,4.1,13.3,120.1
2014-11-08,9.2,6.5,6.9,14.4,12.7,16.1,3.8,7.2,3.1,79.9
2014-11-08,25.6,15.4,12.4,2.4,6.9,7.3,3.3,2.6,14.5,90.4
2014-11-08,23.8,27.9,5.6,6.1,26.4,16.6,12.0,10.7,26.0,155.1
2014-11-08,7.8,21.4,6.4,7.8,12.7,22.3,15.6,2.6,8.8,105.4
2014-11-08,29.5,21.2,2.4,2.6,6.4,5.1,5.6,4.3,3.8,80.9
2014-11-08,25.6,24.5,13.1,8.6,16.8,8.4,5.1,3.8,20.1,126.0
2014-11-08,4.2,6.2,2.0,5.7,14.1,18.1,12.5,11.9,10.6,85.3
2014-11-08,7.9,26.3,17.0,27.0,3.5,31.0,3.0,18.2,3.4,137.3
2014-11-08,27.8,17.3,21.8,10.9,3.3,6.9,7.6,3.2,6.2,105.0
2014-11-08,13.8,19.1,8.1,7.9,4.4,5.5,13.6,3.4,18.5,94.3
2014-11-15,13.1,22.0,23.8,7.5,10.9,6.7,12.7,2.8,6.1,105.6
2014-11-15,12.8,17.2,23.8,3.3,9.9,10.8,5.1,3.2,20.3,106.4
2014-11-15,7.2,5.3,3.5,12.2,3.6,3.4,32.0,41.0,2.8,111.0
2014-11-15,19.4,23.1,6.8,3.4,3.0,5.8,4.7,11.6,5.8,83.6
2014-11-15,23.1,29.3,23.4,3.4,16.9,25.7,9.3,9.7,7.6,148.4
2014-11-15,6.1,25.6,9.5,10.3,19.4,10.7,10.5,6.3,3.1,101.5
2014-11-15,31.8,14.2,11.7,9.7,7.9,12.7,8.9,12.1,4.2,113.2
2014-11-15,12.3,22.9,2.1,5.7,6.0,5.1,9.4,7.0,2.1,72.6
2014-11-15,7.6,5.6,4.5,11.6,6.1,8.9,20.2,2.8,5.3,72.6
2014-11-15,11.0,28.1,49.0,10.1,4.9,3.5,8.4,9.4,8.6,133.0
2014-11-22,7.0,11.2,33.9,25.2,21.7,4.2,3.7,2.5,12.6,122.0
2014-11-22,10.2,16.7,9.1,18.3,13.3,7.8,12.3,6.2,22.6,116.5
2014-11-22,15.0,18.2,18.1,2.5,14.5,11.3,32.5,17.2,3.5,132.8
2014-11-22,11.7,6.1,3.0,4.7,4.4,32.7,11.3,12.3,15.3,101.5
2014-11-22,6.1,5.2,9.2,3.5,4.6,14.5,7.1,4.5,27.7,82.4
2014-11-22,31.2,20.2,26.2,30.9,3.4,3.0,3.9,2.2,7.2,128.2
2014-11-22,22.4,7.9,18.5,2.7,9.2,17.6,21.5,14.0,3.3,117.1
2014-11-22,37.5,31.2,8.6,6.7,14.3,8.1,5.4,3.0,4.9,119.7
2014-11-22,11.7,15.5,4.3,4.3,10.8,13.9,16.5,5.1,4.4,86.5
2014-11-22,16.7,13.9,15.1,15.1,10.0,9.7,3.5,10.4,3.5,97.9
2014-11-28,10.1,11.6,14.5,27.5,2.8,26.0,15.9,12.4,10.3,131.1
2014-11-28,46.6,24.0,2.0,22.7,11.7,5.0,18.0,33.9,3.3,167.2
2014-11-28,10.1,14.2,4.3,5.0,9.3,32.2,35.1,9.1,35.5,154.8
2014-11-28,10.5,9.4,26.7,9.9,3.4,10.4,12.4,4.8,23.8,111.3
2014-11-28,17.5,46.6,2.0,6.5,16.0,15.4,5.7,4.1,2.2,116.0
2014-11-28,7.4,10.1,2.0,14.5,15.4,11.2,34.7,3.8,2.9,102.0
2014-11-28,6.9,13.1,26.7,38.3,17.0,7.8,16.7,12.4,6.7,145.6
2014-11-28,9.6,5.2,16.9,9.9,9.1,23.8,7.4,2.2,9.5,93.6
2014-11-28,21.6,5.2,8.2,11.8,23.8,10.7,11.7,5.1,16.3,114.4
2014-11-28,21.6,11.6,5.0,38.8,32.2,23.8,11.7,33.9,3.5,182.1
2014-11-29,36.8,42.2,2.4,6.7,3.6,7.2,18.8,3.3,5.1,126.1
2014-11-29,19.5,7.1,9.9,2.9,46.2,5.0,6.5,21.2,7.4,125.7
2014-11-29,6.0,16.5,12.5,19.5,14.5,3.1,6.3,16.7,5.4,100.5
2014-11-29,31.6,28.3,2.4,19.8,8.2,35.6,32.6,6.4,33.0,197.9
2014-11-29,21.3,28.3,35.0,9.8,14.5,8.8,12.7,8.5,10.4,149.3
2014-11-29,37.1,21.2,2.9,16.1,16.4,7.6,8.2,3.0,4.3,116.8
2014-11-29,37.2,36.1,8.5,27.8,8.1,5.6,3.2,14.0,4.6,145.1
2014-11-29,40.3,14.2,4.8,4.0,32.1,6.9,7.3,25.6,22.1,157.3
2014-11-29,9.9,21.3,32.2,22.2,13.2,4.2,7.3,18.5,4.0,132.8
2014-11-29,6.2,34.6,2.4,4.5,7.4,15.9,23.9,3.1,9.6,107.6
2014-12-06,20.8,6.6,10.6,7.9,9.7,15.7,13.0,10.5,6.3,101.1
2014-12-06,25.1,38.7,10.6,10.0,3.5,5.8,8.8,7.1,34.3,143.9
2014-12-06,27.9,26.3,2.6,3.1,3.5,25.9,7.7,4.2,38.7,139.9
2014-12-06,17.8,30.9,5.2,10.0,4.8,11.5,3.5,3.9,2.1,89.7
2014-12-06,6.9,27.9,2.6,19.1,3.7,7.7,4.9,7.1,29.1,109.0
2014-12-06,25.1,20.4,2.6,6.4,25.5,11.7,38.7,4.0,4.6,139.0
2014-12-06,25.1,38.7,16.6,23.3,18.3,13.2,6.7,18.7,3.7,164.3
2014-12-06,20.4,8.0,5.2,5.9,9.7,9.8,26.1,4.2,7.7,97.0
2014-12-06,25.1,23.2,2.5,13.4,11.5,6.9,11.7,3.9,4.4,102.6
2014-12-06,26.3,20.4,10.6,10.5,2.9,13.0,17.3,4.3,8.1,113.4
2015-09-03,20.8,28.7,19.3,13.1,27.1,12.1,28.9,10.0,5.2,165.2
2015-09-03,21.8,9.2,5.1,12.5,4.7,3.1,3.3,4.5,4.0,68.2
2015-09-03,14.2,6.2,6.1,18.1,3.3,4.1,12.1,4.5,3.7,72.3
2015-09-03,14.2,15.6,8.1,27.7,13.1,3.3,3.9,4.0,13.2,103.1
2015-09-03,14.8,18.3,19.3,11.5,26.4,11.0,3.1,2.6,28.9,135.9
2015-09-03,28.0,22.6,12.7,6.2,4.5,25.9,7.0,2.2,3.2,112.3
2015-09-03,5.7,17.3,31.4,23.9,9.2,14.6,2.8,9.9,10.0,124.8
2015-09-03,13.3,17.3,9.4,2.1,13.0,12.1,7.7,13.4,4.9,93.2
2015-09-03,32.0,12.4,13.5,7.7,11.5,4.4,13.9,15.0,9.9,120.3
2015-09-03,22.6,11.1,2.5,25.4,4.2,8.3,3.2,8.7,8.3,94.3
2015-09-04,27.1,11.0,10.2,5.0,31.8,4.1,4.4,3.8,9.7,107.1
2015-09-04,40.6,48.9,19.3,7.1,29.9,4.3,12.3,13.9,17.9,194.2
2015-09-04,48.9,40.6,19.0,7.7,5.9,4.4,3.9,3.8,7.5,141.7
2015-09-04,14.6,11.0,7.2,2.8,6.5,12.6,10.7,9.9,4.1,79.4
2015-09-04,48.9,5.3,10.4,10.8,6.7,4.0,23.2,3.8,12.1,125.2
2015-09-04,40.6,11.0,13.7,12.1,10.7,4.7,6.7,3.8,7.0,110.3
2015-09-04,14.6,7.2,2.8,12.4,4.4,3.9,31.8,3.8,22.4,103.3
2015-09-04,27.1,18.2,17.6,9.0,11.6,4.3,4.7,9.9,9.9,112.3
2015-09-04,11.0,27.1,7.5,5.7,10.7,6.7,34.4,4.8,3.8,111.7
2015-09-04,14.6,7.2,7.1,5.0,3.9,4.7,28.0,4.8,17.0,92.3
2015-09-05,9.0,9.1,12.8,6.3,6.1,27.4,5.4,9.0,8.8,93.9
2015-09-05,22.1,7.9,2.9,4.2,3.8,6.7,5.8,15.0,31.3,99.7
2015-09-05,10.6,12.3,15.9,39.1,19.6,3.4,14.3,8.1,15.0,138.3
2015-09-05,10.8,17.6,5.5,3.0,8.4,8.8,6.3,4.5,19.5,84.4
2015-09-05,8.6,31.2,2.7,28.8,6.0,9.9,12.1,8.8,12.8,120.9
2015-09-05,27.0,14.4,15.0,14.2,3.5,9.1,13.5,7.1,6.2,110.0
2015-09-05,17.0,26.3,25.8,31.3,9.3,3.2,5.0,2.2,24.3,144.4
2015-09-05,14.4,11.0,2.3,39.1,21.8,5.2,9.0,8.0,2.4,113.2
2015-09-05,10.6,21.7,10.7,2.7,14.4,7.7,19.5,18.5,9.3,115.1
2015-09-05,20.4,18.9,38.9,25.8,4.8,6.2,11.1,4.5,4.5,135.1
2015-09-12,7.2,40.3,22.1,3.7,15.7,3.7,14.1,2.7,7.9,117.4
2015-09-12,5.7,22.5,23.0,11.2,2.9,2.9,14.4,7.4,3.0,93.0
2015-09-12,7.2,30.2,10.6,2.2,6.2,17.3,16.3,8.7,3.7,102.4
2015-09-12,36.8,5.4,3.4,10.6,18.0,9.8,8.6,11.0,4.8,108.4
2015-09-12,4.9,12.2,4.1,31.3,3.6,9.0,3.4,7.4,11.5,87.4
2015-09-12,20.0,28.1,27.6,2.9,17.5,3.1,4.9,3.2,7.9,115.2
2015-09-12,6.5,8.4,11.2,2.7,36.5,14.0,2.8,4.4,7.7,94.2
2015-09-12,30.2,40.3,7.1,11.3,4.6,38.5,3.5,4.2,16.7,156.4
2015-09-12,9.0,9.5,9.6,19.4,19.9,8.2,4.0,3.5,10.3,93.4
2015-09-12,20.8,20.6,33.2,2.8,6.8,4.6,36.6,12.1,4.0,141.5
2015-09-19,8.8,17.1,34.5,5.5,13.6,18.1,5.7,9.5,6.2,119.0
2015-09-19,7.0,29.8,6.3,15.6,22.2,10.1,4.3,5.5,2.3,103.1
2015-09-19,10.9,31.1,27.6,21.2,29.6,10.7,16.2,12.8,26.9,187.0
2015-09-19,10.5,18.3,17.4,3.7,20.5,14.0,9.8,2.9,3.1,100.2
2015-09-19,37.3,13.3,27.7,2.6,8.4,7.7,4.4,4.6,5.4,111.4
2015-09-19,19.1,18.7,4.1,29.3,9.9,4.8,5.9,4.3,19.4,115.5
2015-09-19,48.8,22.4,3.4,19.0,3.9,4.2,6.4,2.3,3.5,113.9
2015-09-19,29.5,58.4,25.9,7.1,3.6,6.5,5.8,5.6,3.5,145.9
2015-09-19,28.3,9.4,8.0,4.5,17.9,3.9,5.3,2.9,22.4,102.6
2015-09-19,14.3,8.8,24.3,12.2,5.0,7.7,4.4,10.5,7.0,94.2
2015-09-26,44.1,23.2,4.8,2.2,6.0,25.2,9.8,11.3,2.9,129.5
2015-09-26,13.5,44.9,11.4,6.5,16.6,3.2,19.9,9.3,3.0,128.3
2015-09-26,10.8,14.2,7.3,6.4,10.0,5.8,12.6,5.2,13.2,85.5
2015-09-26,19.9,35.6,6.8,2.8,18.1,11.7,4.4,3.9,15.4,118.6
2015-09-26,5.9,44.1,9.2,6.3,10.0,4.3,4.2,19.4,24.3,127.7
2015-09-26,7.8,10.0,29.2,2.3,10.8,7.0,15.3,4.2,24.8,111.4
2015-09-26,5.5,15.2,2.2,4.8,11.2,6.0,4.6,12.3,14.3,76.1
2015-09-26,7.1,8.9,12.3,17.0,8.5,45.5,5.4,12.7,17.5,134.9
2015-09-26,28.1,33.4,23.5,5.2,7.2,3.8,12.6,9.8,9.9,133.5
2015-09-26,31.8,10.6,8.4,19.3,31.3,4.7,16.1,7.6,16.9,146.7
2015-10-03,5.7,10.8,5.4,47.7,6.2,4.8,5.3,6.9,3.2,96.0
2015-10-03,10.2,8.7,8.2,21.4,7.5,4.2,19.5,8.2,6.2,94.1
2015-10-03,22.5,5.0,6.9,3.4,9.1,29.5,6.0,11.1,4.7,98.2
2015-10-03,19.5,23.3,24.8,3.9,26.0,16.1,25.1,2.2,9.8,150.7
2015-10-03,8.6,27.6,17.1,27.4,3.0,3.2,3.8,4.0,10.4,105.1
2015-10-03,16.5,14.8,13.0,5.5,3.0,2.9,4.1,3.8,10.8,74.4
2015-10-03,40.1,4.2,5.4,21.2,3.3,9.9,9.9,10.7,5.9,110.6
2015-10-03,4.3,5.8,17.0,3.3,31.9,9.9,9.1,4.0,8.7,94.0
2015-10-03,13.4,10.1,25.1,12.2,5.0,12.5,11.0,7.1,7.5,103.9
2015-10-03,7.4,39.5,10.5,7.1,4.7,15.0,7.0,2.3,6.4,99.9
2015-10-10,12.1,18.2,27.4,11.2,16.5,10.3,37.8,2.1,2.9,138.5
2015-10-10,19.2,32.6,7.4,23.3,13.5,40.7,10.6,4.8,9.5,161.6
2015-10-10,16.5,17.7,3.5,10.7,27.2,26.2,31.2,5.6,4.2,142.8
2015-10-10,11.9,30.3,2.6,3.4,5.0,17.3,6.9,6.9,5.1,89.4
2015-10-10,20.6,22.5,4.5,9.5,36.1,7.0,7.0,3.3,19.5,130.0
2015-10-10,12.1,10.6,13.8,9.6,9.6,16.5,2.9,7.9,14.0,97.0
2015-10-10,48.4,4.3,21.8,9.6,3.4,8.7,4.7,3.2,8.4,112.5
2015-10-10,22.6,13.7,7.1,50.9,6.2,5.0,4.2,4.1,9.8,123.6
2015-10-10,12.1,22.6,11.9,2.2,9.7,19.2,9.4,8.0,4.2,99.3
2015-10-10,18.2,11.4,6.3,8.9,12.0,7.6,9.8,13.1,3.8,91.1
2015-10-17,16.3,5.6,13.6,47.4,21.2,25.7,8.7,21.3,3.5,163.3
2015-10-17,22.0,14.1,2.6,35.4,8.4,20.8,11.6,16.1,3.0,134.0
2015-10-17,25.9,30.7,2.8,3.1,11.4,19.2,8.4,10.2,5.6,117.3
2015-10-17,20.8,15.0,2.7,11.0,3.1,19.1,8.5,3.0,6.1,89.3
2015-10-17,6.4,9.6,32.7,30.5,32.8,30.6,3.1,7.6,3.2,156.5
2015-10-17,20.8,10.1,14.4,2.8,32.2,3.8,5.7,7.2,3.5,100.5
2015-10-17,26.0,9.4,21.9,2.2,14.3,5.1,10.7,8.0,5.7,103.3
2015-10-17,41.7,15.3,2.2,11.1,13.1,14.7,12.7,2.1,2.1,115.0
2015-10-17,14.4,5.6,2.7,30.5,32.5,18.6,7.1,10.2,4.1,125.7
2015-10-17,8.0,39.4,32.7,6.8,9.2,2.9,5.9,5.0,6.0,115.9
2015-10-24,6.0,6.2,11.9,9.3,8.0,13.6,9.5,3.4,4.7,72.6
2015-10-24,14.7,16.9,2.9,26.4,10.3,16.1,10.3,6.3,9.3,113.2
2015-10-24,4.2,27.8,22.7,2.7,8.0,19.0,3.5,8.4,5.8,102.1
2015-10-24,15.6,21.6,3.0,4.2,8.1,8.9,5.9,13.0,3.1,83.4
2015-10-24,15.5,14.3,6.3,23.9,3.6,3.4,4.2,5.8,3.7,80.7
2015-10-24,25.4,8.6,2.1,41.1,8.0,4.1,4.7,17.1,7.8,118.9
2015-10-24,9.9,21.5,12.5,4.9,7.6,8.2,7.8,14.1,32.7,119.2
2015-10-24,27.9,45.2,4.1,17.4,3.2,7.5,7.8,3.2,4.6,120.9
2015-10-24,18.1,26.0,13.2,2.3,3.7,4.3,29.1,5.4,2.9,105.0
2015-10-24,22.0,22.3,6.8,5.0,5.6,4.8,13.7,13.5,28.9,122.6
2015-10-29,24.0,48.7,10.1,9.5,11.8,5.4,8.6,9.2,3.6,130.9
2015-10-29,45.0,48.7,15.4,19.2,18.7,6.0,8.6,9.2,6.6,177.4
2015-10-29,5.1,29.1,31.4,11.4,19.5,5.4,4.2,3.3,7.9,117.3
2015-10-29,5.1,48.7,2.9,30.1,4.6,5.1,5.4,9.2,7.1,118.2
2015-10-29,24.0,29.1,19.2,20.5,19.5,19.5,8.6,10.6,6.6,157.6
2015-10-29,12.3,28.6,2.9,10.1,21.0,19.5,11.8,4.3,35.5,146.0
2015-10-29,29.1,18.2,32.7,31.0,8.6,11.8,6.0,10.6,5.1,153.1
2015-10-29,45.0,13.4,14.4,12.9,32.4,4.2,5.4,4.3,7.7,139.7
2015-10-29,29.1,5.1,12.9,2.0,11.2,19.5,21.0,4.7,9.5,115.0
2015-10-29,13.4,17.1,10.3,12.6,16.1,26.6,6.4,3.3,14.4,120.2
2015-10-31,9.8,10.9,11.5,6.2,15.3,30.5,20.8,12.3,2.3,119.6
2015-10-31,7.6,35.9,5.9,17.8,28.2,4.2,9.5,7.1,14.2,130.4
2015-10-31,22.4,7.6,8.6,11.1,16.5,7.7,12.8,2.1,4.7,93.5
2015-10-31,22.4,11.0,7.1,12.2,11.5,4.0,26.7,3.7,10.9,109.5
2015-10-31,27.3,6.5,12.7,7.9,4.2,3.2,5.1,8.7,13.2,88.8
2015-10-31,25.0,24.2,3.5,8.9,3.2,4.8,23.0,5.0,14.9,112.5
2015-10-31,9.7,22.5,31.3,39.8,8.6,24.1,19.3,12.3,3.2,170.8
2015-10-31,5.8,4.1,27.1,5.5,6.3,24.6,8.2,3.2,31.3,116.1
2015-10-31,11.5,7.8,12.5,16.8,3.0,4.6,15.3,2.8,22.8,97.1
2015-10-31,26.3,10.9,4.7,7.7,4.4,14.9,6.2,2.6,15.5,93.2
2015-11-05,29.5,33.8,2.8,32.1,12.9,13.0,6.4,2.2,10.1,142.8
2015-11-05,28.9,14.7,17.0,12.0,5.9,12.9,3.5,11.9,4.2,111.0
2015-11-05,13.8,33.8,8.1,4.2,5.9,10.1,6.2,11.9,12.4,106.4
2015-11-05,28.9,13.8,3.7,3.8,13.3,4.4,9.4,5.9,11.0,94.2
2015-11-05,37.3,10.9,8.6,16.6,5.9,11.0,8.7,2.5,11.9,113.4
2015-11-05,28.9,14.7,7.8,6.1,23.8,8.7,5.9,17.0,4.2,117.1
2015-11-05,14.7,11.3,2.1,8.6,9.4,10.1,10.8,2.5,13.7,83.2
2015-11-05,28.9,10.9,2.9,2.1,11.2,47.8,6.2,2.2,13.7,125.9
2015-11-05,11.3,37.3,3.8,3.7,5.9,9.7,29.2,4.9,13.1,118.9
2015-11-05,11.3,28.9,2.8,12.4,13.3,10.8,6.2,5.9,8.1,99.7
2015-11-07,6.8,21.5,14.0,17.1,7.2,9.1,15.6,2.8,8.2,102.3
2015-11-07,61.7,4.5,28.6,3.8,3.0,36.6,5.5,7.4,3.2,154.3
2015-11-07,6.3,6.5,9.2,4.7,4.3,3.0,6.5,4.9,24.3,69.7
2015-11-07,17.1,13.8,21.3,28.0,6.7,15.5,15.9,9.0,2.1,129.4
2015-11-07,9.3,10.1,7.7,4.7,24.3,12.6,11.9,9.9,9.1,99.6
2015-11-07,10.9,8.3,8.8,5.1,3.9,7.8,11.6,10.2,4.6,71.2
2015-11-07,27.4,32.1,21.3,17.0,5.2,22.2,8.2,12.3,35.8,181.5
2015-11-07,8.1,4.9,8.8,27.3,2.9,24.4,9.3,12.5,11.3,109.5
2015-11-07,20.8,7.0,6.1,5.5,13.2,3.1,5.5,2.3,5.6,69.1
2015-11-07,11.4,24.3,25.5,15.0,4.3,26.0,6.6,13.2,4.8,131.1
2015-11-14,22.4,20.4,8.6,13.2,5.5,19.3,11.2,4.3,3.1,108.0
2015-11-14,5.3,25.5,2.2,2.2,3.0,4.4,14.2,5.9,3.7,66.4
2015-11-14,19.4,23.6,46.5,4.6,9.3,14.9,7.9,5.8,12.2,144.2
2015-11-14,8.0,42.8,2.2,6.0,16.4,5.5,7.2,3.2,11.2,102.5
2015-11-14,21.3,29.0,14.4,6.6,5.0,11.0,25.4,2.4,22.6,137.7
2015-11-14,16.0,19.7,7.0,25.5,5.4,12.0,3.6,2.2,10.3,101.7
2015-11-14,18.6,22.4,3.8,15.4,32.2,34.2,7.4,11.7,9.5,155.2
2015-11-14,18.6,29.6,7.2,17.8,7.9,13.4,3.7,25.5,7.9,131.6
2015-11-14,21.5,39.5,2.2,19.3,9.1,5.1,7.9,6.6,12.5,123.7
2015-11-14,5.8,22.3,3.2,2.4,5.4,15.8,3.0,3.1,11.5,72.5
2015-11-21,11.5,14.7,7.9,12.3,10.9,22.3,7.2,9.6,11.4,107.8
2015-11-21,27.7,8.6,15.1,2.7,22.0,20.4,8.1,16.4,10.7,131.7
2015-11-21,47.7,17.3,6.8,10.7,3.7,8.9,3.4,3.5,17.6,119.6
2015-11-21,8.6,12.5,6.0,19.7,4.4,9.0,24.1,2.4,9.3,96.0
2015-11-21,12.2,15.3,2.4,3.0,7.1,11.6,9.7,7.3,11.8,80.4
2015-11-21,14.4,4.5,14.7,3.9,5.2,14.9,8.2,9.0,6.5,81.3
2015-11-21,10.2,24.4,24.7,6.4,10.7,3.4,32.6,16.4,14.0,142.8
2015-11-21,30.2,19.0,23.3,16.6,9.2,13.3,14.9,3.5,20.7,150.7
2015-11-21,4.5,7.4,8.0,4.8,7.5,2.8,3.5,3.7,27.4,69.6
2015-11-21,4.3,19.6,25.3,6.5,11.9,9.4,8.1,3.4,22.0,110.5
2015-11-27,30.0,20.0,6.3,3.8,14.3,30.5,15.2,7.2,8.2,135.5
2015-11-27,30.0,18.5,8.0,3.9,8.1,10.8,3.5,18.8,10.5,112.1
2015-11-27,26.0,20.0,7.5,8.2,7.9,28.2,3.5,5.0,10.9,117.2
2015-11-27,18.5,19.2,2.4,28.1,15.2,10.0,6.5,4.0,7.5,111.4
2015-11-27,32.9,16.0,3.9,44.3,3.0,7.7,3.5,7.3,7.5,126.1
2015-11-27,13.4,10.1,13.7,10.9,12.3,3.5,12.7,15.0,16.5,108.1
2015-11-27,11.7,10.1,2.1,15.9,5.5,3.7,4.7,7.3,6.1,67.1
2015-11-27,30.0,16.0,12.2,7.8,11.4,14.3,38.9,7.2,7.5,145.3
2015-11-27,16.3,13.0,5.6,8.3,16.7,19.8,4.3,6.7,11.6,102.3
2015-11-27,8.4,18.5,3.9,10.8,4.8,13.0,7.1,17.0,19.8,103.3
2015-11-28,27.5,6.4,13.3,2.2,15.8,3.3,20.5,32.4,13.1,134.5
2015-11-28,12.2,6.4,14.6,6.1,27.4,2.8,15.5,2.3,18.2,105.5
2015-11-28,6.1,30.7,13.7,21.1,6.1,9.2,4.1,10.5,12.2,113.7
2015-11-28,20.6,34.8,8.9,4.1,27.4,4.3,9.2,10.5,11.7,131.5
2015-11-28,10.5,22.9,6.4,11.4,20.4,7.2,6.5,2.1,8.7,96.1
2015-11-28,7.8,17.2,4.7,9.1,26.3,15.0,3.1,3.8,16.9,103.9
2015-11-28,9.5,20.9,22.9,19.9,3.1,15.8,3.9,4.5,13.4,113.9
2015-11-28,30.7,5.9,16.0,4.9,5.0,5.0,3.8,2.7,2.1,76.1
2015-11-28,28.9,7.8,7.2,3.3,25.3,11.9,5.4,3.5,3.0,96.3
2015-11-28,31.8,34.0,4.2,19.0,11.6,3.8,22.1,16.2,16.0,158.7
2015-12-05,36.8,10.1,4.2,18.5,5.2,4.2,36.1,11.4,7.0,133.5
2015-12-05,33.3,9.5,4.5,2.1,3.8,20.7,16.9,4.6,24.6,120.0
2015-12-05,10.1,32.0,24.7,17.7,3.4,3.2,9.7,7.3,5.3,113.4
2015-12-05,18.5,25.7,23.1,5.2,3.2,23.0,3.5,2.7,2.9,107.8
2015-12-05,25.7,5.8,15.6,3.7,5.9,19.5,27.0,2.9,20.5,126.6
2015-12-05,32.0,5.8,29.0,7.2,7.6,6.9,3.8,4.6,20.6,117.5
2015-12-05,36.8,33.3,17.4,13.3,5.6,10.3,27.0,5.5,13.0,162.2
2015-12-05,9.5,21.2,18.5,28.8,13.2,7.9,7.6,4.5,8.1,119.3
2015-12-05,7.4,13.9,15.6,4.5,21.0,6.1,5.6,2.7,3.3,80.1
2015-12-05,32.1,8.1,7.8,16.4,15.3,3.7,9.7,2.7,9.2,105.0
2015-12-26,22.6,37.8,46.4,3.9,8.2,4.2,6.3,9.5,7.1,146.0
2015-12-26,8.5,12.2,12.3,33.4,4.2,3.7,3.1,16.6,11.5,105.5
2015-12-26,37.8,21.8,7.6,23.2,12.5,7.9,3.5,9.5,9.1,132.9
2015-12-26,39.0,22.6,4.6,26.9,3.9,13.4,11.3,9.5,17.7,148.9
2015-12-26,14.2,21.8,7.1,23.2,17.8,6.3,11.1,2.2,6.8,110.5
2015-12-26,12.2,19.7,7.9,21.8,6.4,2.9,8.1,4.3,6.8,90.1
2015-12-26,22.6,12.2,26.9,15.0,4.8,12.9,10.6,2.7,12.7,120.4
2015-12-26,30.6,37.8,23.2,7.9,6.4,5.0,6.5,2.7,6.4,126.5
2015-12-26,9.9,30.6,11.5,33.4,3.2,12.7,13.4,16.6,6.6,137.9
2015-12-26,21.8,19.7,23.2,46.4,6.1,6.6,12.9,4.4,21.8,162.9
2016-09-01,19.8,16.7,5.4,23.8,7.3,7.6,3.8,32.0,21.1,137.5
2016-09-01,11.2,19.8,3.8,23.1,10.2,33.9,4.6,4.5,3.0,114.1
2016-09-01,34.8,10.7,4.5,5.9,2.9,8.3,5.9,2.1,6.4,81.5
2016-09-01,9.1,20.4,2.6,4.2,3.0,7.6,14.9,13.1,9.1,84.0
2016-09-01,8.0,6.9,15.5,26.2,4.4,10.2,9.1,8.1,4.2,92.6
2016-09-01,16.0,14.0,6.8,4.2,6.0,3.4,10.4,16.8,12.6,90.2
2016-09-01,24.8,16.8,5.4,24.1,5.8,9.1,10.4,8.1,3.6,108.1
2016-09-01,19.6,8.2,3.7,12.4,2.9,18.5,5.2,2.6,41.8,114.9
2016-09-01,8.0,10.7,26.6,15.5,5.8,7.3,12.1,2.1,6.1,94.2
2016-09-01,19.0,11.2,13.8,9.4,10.7,8.7,30.5,2.2,15.2,120.7
2016-09-02,6.8,29.5,2.6,10.1,13.0,7.9,12.4,4.2,3.5,90.0
2016-09-02,6.4,15.2,5.1,12.7,8.4,4.3,8.4,6.3,5.5,72.3
2016-09-02,27.7,18.7,29.2,4.1,8.7,4.0,3.0,6.3,10.9,112.6
2016-09-02,24.3,18.7,12.8,12.7,14.3,7.2,10.7,4.2,3.8,108.7
2016-09-02,13.3,29.5,21.7,2.2,11.5,5.3,9.6,10.7,2.4,106.2
2016-09-02,13.2,15.2,7.4,2.0,7.2,14.9,4.4,3.1,8.9,76.3
2016-09-02,27.7,12.0,3.6,3.0,6.5,7.9,10.7,8.2,38.6,118.2
2016-09-02,6.8,24.3,2.6,9.7,15.6,5.6,6.6,5.7,4.0,80.9
2016-09-02,8.6,6.4,2.4,8.1,8.1,13.0,8.4,10.7,23.0,88.7
2016-09-02,18.7,19.7,3.0,27.1,8.3,14.7,7.7,6.3,8.1,113.6
2016-09-03,27.8,30.7,6.4,10.0,3.0,23.6,14.2,2.5,5.4,123.6
2016-09-03,45.6,8.9,6.5,15.4,34.4,7.5,14.0,2.5,11.7,146.5
2016-09-03,49.0,29.2,2.4,17.6,18.2,16.1,3.1,3.2,6.7,145.5
2016-09-03,14.5,11.0,3.3,8.2,2.9,8.2,4.4,15.0,2.9,70.4
2016-09-03,12.2,30.8,2.7,56.1,18.3,13.9,8.7,6.8,3.2,152.7
2016-09-03,17.2,6.8,9.5,2.2,6.5,4.7,5.1,10.2,3.7,65.9
2016-09-03,19.2,5.9,7.4,2.2,14.4,6.1,5.7,10.4,22.6,93.9
2016-09-03,15.0,5.3,23.3,14.0,6.2,4.2,3.1,3.7,10.3,85.1
2016-09-03,6.5,23.4,9.3,8.9,5.1,3.6,25.0,3.2,22.2,107.2
2016-09-03,6.1,50.0,2.3,15.9,8.8,22.5,40.1,3.2,3.2,152.1
2016-09-10,6.5,9.4,8.5,6.9,9.8,3.9,9.5,5.0,13.1,72.6
2016-09-10,4.7,24.1,3.9,3.8,10.1,17.0,12.2,5.2,14.1,95.1
2016-09-10,17.5,7.2,2.6,34.7,16.7,7.9,10.0,4.9,8.0,109.5
2016-09-10,53.0,26.5,15.8,13.7,8.0,7.8,10.9,14.8,4.1,154.6
2016-09-10,24.1,21.8,8.0,3.6,13.4,11.7,14.6,4.1,16.2,117.5
2016-09-10,7.2,15.4,15.2,5.0,31.3,6.9,16.7,4.5,4.5,106.7
2016-09-10,18.9,24.1,5.1,14.5,27.2,16.0,6.0,3.3,18.8,133.9
2016-09-10,14.5,21.8,9.2,10.2,12.9,7.4,8.0,6.6,2.7,93.3
2016-09-10,16.8,28.7,2.1,12.5,5.4,3.0,23.5,3.3,6.5,101.8
2016-09-10,23.9,18.8,22.4,14.2,3.0,43.0,4.0,4.1,3.4,136.8
2016-09-17,14.0,8.7,27.4,14.9,4.7,3.2,20.6,15.9,8.2,117.6
2016-09-17,44.7,6.7,9.0,8.6,12.9,29.2,6.6,4.6,9.9,132.2
2016-09-17,14.5,4.7,9.0,6.4,11.2,3.6,8.3,3.9,9.3,70.9
2016-09-17,51.5,21.5,4.0,4.4,3.4,3.6,11.3,2.4,4.3,106.4
2016-09-17,15.5,17.6,5.7,28.0,2.9,10.4,4.0,2.1,19.8,106.0
2016-09-17,15.5,9.1,2.2,4.1,5.5,4.2,3.2,2.5,19.0,65.3
2016-09-17,8.5,33.1,10.0,28.3,7.8,6.0,8.3,5.0,5.5,112.5
2016-09-17,44.7,7.6,8.8,4.9,10.9,4.4,7.8,15.9,4.4,109.4
2016-09-17,25.1,14.5,12.2,6.1,26.6,16.3,11.9,4.0,14.6,131.3
2016-09-17,7.6,6.2,12.2,3.9,4.8,13.1,4.8,9.9,27.4,89.9
2016-09-24,14.2,39.8,8.1,19.3,10.8,8.7,17.2,3.9,3.0,125.0
2016-09-24,16.1,31.5,23.0,4.9,13.5,7.2,10.1,2.5,3.2,112.0
2016-09-24,13.3,15.1,3.5,8.1,4.9,3.3,15.6,21.5,3.6,88.9
2016-09-24,12.2,24.5,4.9,2.9,5.2,24.5,16.2,3.0,17.0,110.4
2016-09-24,20.0,24.4,9.3,8.7,3.0,27.1,5.4,8.2,3.2,109.3
2016-09-24,40.0,46.4,3.0,2.7,46.4,14.2,16.5,7.5,19.1,195.8
2016-09-24,5.5,31.5,9.1,2.1,8.5,9.1,5.3,2.6,19.9,93.6
2016-09-24,28.1,12.4,3.5,5.1,13.0,13.0,25.7,2.6,3.3,106.7
2016-09-24,22.3,5.4,21.7,39.3,3.0,8.3,35.9,4.2,5.5,145.6
2016-09-24,12.1,25.6,2.8,4.3,9.0,8.5,9.7,3.7,14.8,90.5
2016-10-01,19.4,15.8,20.5,2.1,20.1,10.3,5.8,4.7,28.4,127.1
2016-10-01,36.6,25.1,15.9,41.0,7.9,6.2,16.7,20.6,9.2,179.2
2016-10-01,28.7,15.8,35.5,2.4,7.3,5.4,8.1,4.9,9.6,117.7
2016-10-01,5.9,4.9,12.0,28.4,2.9,4.9,3.8,6.4,6.2,75.4
2016-10-01,6.3,32.9,6.0,6.2,8.9,15.0,31.2,2.2,7.5,116.2
2016-10-01,7.2,4.4,15.8,8.5,3.2,8.7,8.5,3.6,12.9,72.8
2016-10-01,7.0,5.6,18.7,15.4,5.4,18.0,4.7,8.6,30.3,113.7
2016-10-01,40.4,29.0,3.0,3.8,3.5,7.3,8.6,2.8,9.3,107.7
2016-10-01,4.4,9.0,4.1,9.9,3.1,3.1,14.4,4.6,7.1,59.7
2016-10-01,4.6,39.3,11.6,11.9,4.4,7.9,28.5,11.8,3.8,123.8
2016-10-08,12.5,9.2,8.1,5.7,4.9,18.4,23.5,4.8,3.4,90.5
2016-10-08,47.9,8.7,42.9,12.9,9.4,19.1,8.9,10.7,3.1,163.6
2016-10-08,8.0,9.1,3.2,22.4,4.5,15.9,5.8,2.1,4.8,75.8
2016-10-08,11.6,8.0,19.8,16.4,23.0,3.4,25.5,3.3,17.7,128.7
2016-10-08,20.9,9.3,21.0,30.9,4.5,6.0,9.4,12.7,10.8,125.5
2016-10-08,10.4,47.6,14.5,5.0,2.9,3.7,4.4,3.9,3.8,96.2
2016-10-08,33.0,10.5,2.8,9.6,18.8,2.9,12.9,11.1,10.6,112.2
2016-10-08,10.5,9.3,8.1,6.6,13.7,4.1,12.2,8.3,15.6,88.4
2016-10-08,36.6,23.5,5.5,7.8,26.6,13.3,25.5,4.7,2.2,145.7
2016-10-08,11.6,11.8,14.5,3.1,8.5,10.5,4.4,7.9,5.6,77.9
2016-10-15,12.3,18.6,17.7,20.0,12.3,2.9,4.2,20.5,23.0,131.5
2016-10-15,18.2,17.2,17.7,15.8,16.0,8.6,28.8,3.3,17.2,142.8
2016-10-15,29.4,9.9,9.0,13.2,11.1,16.5,6.1,3.6,6.1,104.9
2016-10-15,31.7,6.8,11.6,6.5,3.7,21.6,3.6,23.0,3.9,112.4
2016-10-15,20.5,5.1,10.8,4.3,10.1,2.9,13.4,5.9,3.5,76.5
2016-10-15,20.4,17.9,3.9,23.0,13.4,4.6,8.3,18.4,13.4,123.3
2016-10-15,18.5,34.8,31.1,3.0,19.1,9.9,17.5,3.9,8.4,146.2
2016-10-15,39.7,33.6,6.6,25.3,3.4,5.6,12.3,15.2,21.6,163.3
2016-10-15,23.8,17.9,3.5,20.0,2.8,10.0,15.3,5.9,3.5,102.7
2016-10-15,26.3,11.0,2.2,20.6,6.8,3.5,3.2,4.8,5.3,83.7
2016-10-22,37.9,26.2,4.4,22.1,10.2,8.0,28.5,9.5,3.2,150.0
2016-10-22,6.6,26.1,25.6,27.5,9.9,4.1,14.9,2.4,4.1,121.2
2016-10-22,27.4,6.4,3.5,8.3,8.0,5.5,29.0,3.0,10.2,101.3
2016-10-22,15.2,33.1,2.7,14.7,5.7,33.6,10.6,2.9,60.2,178.7
2016-10-22,26.6,27.9,14.9,16.7,29.3,8.8,5.7,9.5,4.3,143.7
2016-10-22,12.9,6.4,4.2,4.1,15.5,43.3,15.8,4.5,5.0,111.7
2016-10-22,6.4,27.9,12.4,3.5,17.8,9.9,26.8,8.4,6.4,119.5
2016-10-22,16.0,18.0,3.1,31.4,4.8,2.9,11.3,2.2,3.3,93.0
2016-10-22,17.4,22.5,20.3,8.1,6.2,15.5,23.5,4.1,10.1,127.7
2016-10-22,27.6,7.1,11.6,22.8,9.2,7.2,15.1,13.7,2.8,117.1
2016-10-29,39.2,7.3,7.8,9.2,8.4,21.6,5.1,3.9,5.5,108.0
2016-10-29,24.7,14.8,4.6,8.1,4.7,14.0,4.2,7.7,5.1,87.9
2016-10-29,9.8,29.5,2.4,13.9,8.3,27.5,22.8,3.9,19.5,137.6
2016-10-29,16.5,17.5,5.5,42.8,12.6,16.9,50.6,6.5,4.5,173.4
2016-10-29,13.8,14.1,13.4,14.3,4.4,21.7,12.0,8.8,8.1,110.6
2016-10-29,7.4,5.7,21.9,44.6,3.3,8.3,16.2,18.8,19.5,145.7
2016-10-29,9.6,16.0,19.4,7.0,3.5,5.5,11.3,2.8,22.7,97.8
2016-10-29,11.7,13.5,5.4,9.5,11.6,5.9,12.6,3.6,24.5,98.3
2016-10-29,16.5,35.4,5.1,10.8,3.2,33.7,3.5,6.8,3.2,118.2
2016-10-29,19.3,23.6,7.2,31.1,5.4,8.4,4.2,16.1,3.9,119.2
2016-11-05,13.0,24.7,9.9,16.0,27.3,3.1,17.7,11.6,3.5,126.8
2016-11-05,25.0,6.3,2.8,7.4,2.9,25.2,3.7,2.6,12.2,88.1
2016-11-05,5.3,27.1,3.6,13.3,4.6,28.1,29.2,3.3,15.5,130.0
2016-11-05,5.1,13.6,7.2,10.8,13.2,9.4,8.6,3.8,6.3,78.0
2016-11-05,10.7,7.5,17.5,9.9,22.8,26.9,3.5,4.7,19.8,123.3
2016-11-05,12.8,26.6,4.4,2.4,12.8,3.7,3.0,3.5,2.9,72.1
2016-11-05,11.6,7.5,12.5,3.0,9.4,25.2,32.5,10.9,34.9,147.5
2016-11-05,61.7,20.2,11.9,3.0,5.0,23.5,4.5,7.2,3.8,140.8
2016-11-05,25.8,29.2,3.0,4.0,3.6,4.3,8.7,10.9,2.9,92.4
2016-11-05,13.3,13.6,3.3,4.0,14.4,30.6,18.8,3.5,13.6,115.1
2016-11-12,23.5,18.1,6.2,18.6,5.1,5.9,3.7,3.9,33.8,118.8
2016-11-12,4.3,28.8,26.2,2.4,3.2,38.3,6.5,3.7,3.5,116.9
2016-11-12,33.3,28.4,5.7,2.7,13.8,4.7,7.7,4.9,8.4,109.6
2016-11-12,6.3,7.2,4.4,2.5,6.5,6.2,19.3,3.9,26.2,82.5
2016-11-12,5.4,19.9,9.4,45.4,3.6,11.5,22.5,4.3,36.9,158.9
2016-11-12,19.5,13.8,11.8,17.9,21.3,18.4,13.9,19.6,3.0,139.2
2016-11-12,16.6,24.3,8.4,21.4,6.5,3.5,21.4,3.2,2.5,107.8
2016-11-12,29.7,22.1,11.0,18.6,3.5,11.8,4.4,19.6,5.8,126.5
2016-11-12,21.3,23.5,12.1,2.2,3.6,10.7,12.0,6.5,2.7,94.6
2016-11-12,4.5,35.1,22.9,21.7,8.3,15.9,8.4,6.9,5.1,128.8
2016-11-19,54.9,6.9,23.4,3.9,13.8,3.3,11.9,5.4,15.2,138.7
2016-11-19,39.2,22.0,18.9,23.4,19.5,23.2,8.1,3.7,16.0,174.0
2016-11-19,9.7,19.4,21.7,23.4,6.0,16.4,11.9,2.6,2.0,113.1
2016-11-19,48.6,8.4,13.1,25.6,10.9,5.5,13.0,5.5,8.7,139.3
2016-11-19,24.9,6.2,9.6,10.0,11.5,5.1,7.7,2.5,4.6,82.1
2016-11-19,13.0,6.4,2.0,6.5,12.0,8.4,4.1,3.5,30.8,86.7
2016-11-19,14.3,36.0,21.9,3.7,3.7,19.5,17.7,8.9,5.0,130.7
2016-11-19,24.4,6.2,40.6,12.6,18.5,6.5,27.4,4.6,19.7,160.5
2016-11-19,9.0,47.4,3.7,30.2,28.5,2.8,24.4,3.3,34.2,183.5
2016-11-19,9.7,24.2,31.7,9.9,9.1,13.6,11.1,2.1,15.6,127.0
2016-11-25,49.8,29.8,23.4,26.9,12.7,28.5,7.7,3.9,2.1,184.8
2016-11-25,16.9,35.9,2.4,4.2,19.2,25.4,35.2,10.3,11.6,161.1
2016-11-25,29.8,38.4,2.2,11.9,12.2,4.9,31.2,28.1,26.9,185.6
2016-11-25,7.2,6.7,30.8,13.3,10.8,5.4,5.6,2.2,31.2,113.2
2016-11-25,7.2,5.3,30.2,16.5,14.0,24.9,5.1,10.3,14.9,128.4
2016-11-25,21.5,5.5,9.9,19.4,6.4,40.2,14.0,6.0,23.7,146.6
2016-11-25,42.0,5.5,13.9,10.3,3.2,3.7,10.3,6.0,9.8,104.7
2016-11-25,26.7,35.9,23.1,28.2,40.5,19.2,5.6,3.9,15.1,198.2
2016-11-25,24.1,38.4,9.8,19.3,22.4,3.7,9.1,3.9,9.0,139.7
2016-11-25,34.8,49.8,15.0,5.8,12.7,5.6,27.3,10.3,28.1,189.4
2016-11-26,14.8,20.1,3.2,3.6,7.9,3.8,20.8,10.8,5.2,90.2
2016-11-26,10.7,5.3,3.6,26.0,6.0,21.1,30.4,4.0,4.7,111.8
2016-11-26,10.9,16.1,2.5,2.9,4.4,5.8,17.0,3.4,13.3,76.3
2016-11-26,10.7,7.0,49.4,9.0,5.9,11.4,3.0,4.0,6.0,106.4
2016-11-26,25.1,4.6,14.9,27.8,22.4,5.4,9.4,5.9,8.0,123.5
2016-11-26,16.9,26.9,10.7,8.8,3.0,14.3,9.3,13.2,6.2,109.3
2016-11-26,6.3,9.1,6.1,8.2,63.8,4.3,5.3,2.3,2.8,108.2
2016-11-26,17.5,10.6,23.0,4.8,8.8,18.0,5.8,7.4,10.7,106.6
2016-11-26,16.1,8.3,49.4,6.4,22.6,17.5,40.3,3.3,16.3,180.2
2016-11-26,8.7,14.8,2.0,30.5,4.7,11.4,4.6,3.1,14.5,94.3
2016-12-03,17.5,8.4,2.6,2.2,12.2,7.9,15.9,6.1,3.9,76.7
2016-12-03,41.5,15.2,3.2,4.3,27.7,3.3,11.8,6.0,11.1,124.1
2016-12-03,5.6,17.5,20.0,6.3,38.0,41.4,24.1,22.1,5.5,180.5
2016-12-03,29.2,41.5,4.3,2.4,4.6,12.9,16.6,6.0,2.0,119.5
2016-12-03,8.4,5.6,13.6,25.0,17.9,3.8,7.2,12.9,7.0,101.4
2016-12-03,9.6,17.5,32.9,2.6,17.1,36.5,5.1,14.2,3.3,138.8
2016-12-03,8.4,15.0,25.0,35.7,3.3,17.6,36.5,2.4,2.0,145.9
2016-12-03,16.2,15.2,16.1,5.4,6.3,20.8,4.7,2.4,14.6,101.7
2016-12-03,5.6,15.0,11.0,6.3,41.4,4.1,6.8,14.2,8.2,112.6
2016-12-03,17.7,17.5,15.4,16.6,9.1,9.8,4.6,2.5,10.3,103.5
